key,rank,score,title,year,doi,venue,type,authors,found_via,providers,parent_keys,unresolved
doi:10.1002/(sici)1520-6297(199607/08)12:4<317::aid-agr2>3.0.co;2-1,1,0.000000,Issues concerning adoption and use of sales force automation in the agricultural input supply sector,1996,10.1002/(sici)1520-6297(199607/08)12:4<317::aid-agr2>3.0.co;2-1,Agribusiness,article,"Harris, Kim; Pike, John",backward,crossref|openalex,doi:10.1016/j.indmarman.2004.09.012|doi:10.1016/s0019-8501(99)00115-7|doi:10.1111/j.1468-2370.2006.00128.x,0
doi:10.1002/dir.20071,2,0.000000,Is e-marketing coming of age? An examination of the penetration of e-marketing and firm performance,2007,10.1002/dir.20071,Journal of Interactive Marketing,article,"Brodie, Roderick J.; Winklhofer, Heidi; Coviello, Nicole; Johnston, Wesley J.",backward,crossref|openalex,doi:10.1016/j.indmarman.2010.05.001|doi:10.2753/pss0885-3134300202,0
doi:10.1007/978-3-319-10951-0_231,3,0.000000,Barriers to the use of Mobile Sales Force Automation Systems. A Salesperson’s Perspective,2014,10.1007/978-3-319-10951-0_231,Developments in marketing science: proceedings of the Academy of Marketing Science,book-chapter,"Karjaluoto, Heikki; Sinisalo, Jaakko; Saraniemi, Saila; Töllinen, Aarne",backward,crossref|openalex,doi:10.1108/jsit-09-2014-0068,0
doi:10.1007/978-3-319-11927-4_62,4,0.000000,The Effect of Information Technology on Salesperson Performance,2014,10.1007/978-3-319-11927-4_62,Developments in marketing science: proceedings of the Academy of Marketing Science,book-chapter,"Schillewaert, Niels; Ahearne, Michael",backward,openalex,doi:10.2753/pss0885-3134290203,0
doi:10.1007/978-3-319-33609-1_2,5,0.000000,A Survey of Current Challenges in Manufacturing Industry and Preparation for Industry 4.0,2016,10.1007/978-3-319-33609-1_2,Advances in intelligent systems and computing,book-chapter,"Khan, Ateeq; Turowski, Klaus",backward,crossref|openalex,doi:10.1080/09537287.2019.1631468,0
doi:10.1007/978-3-319-74304-2_13,6,0.000000,The Role of Informational and Human Resource Capabilities for Enabling Diffusion of Big Data and Predictive Analytics and Ensuing Performance,2018,10.1007/978-3-319-74304-2_13,Contributions to management science,book-chapter,"Mishra, Deepa; Luo, Zongwei; Hazen, Benjamin T.",backward,crossref|openalex,doi:10.1016/j.indmarman.2020.10.012,0
doi:10.1007/978-3-322-84961-8_8,7,0.000000,Making every customer relationship count. Exploring the business drivers and technology enablers of customer relationship management,1999,10.1007/978-3-322-84961-8_8,,article,"Schmarzo, Bill",backward,openalex,doi:10.1080/08874417.2001.11647013,0
doi:10.1007/978-3-642-15606-9_1,8,0.000000,"Marketing and Artificial Intelligence: Great Opportunities, Reluctant Partners",2010,10.1007/978-3-642-15606-9_1,Studies in fuzziness and soft computing,book-chapter,"Wierenga, Berend",backward,crossref|openalex,doi:10.1016/j.indmarman.2013.03.001,0
doi:10.1007/978-3-658-04682-8_30,9,0.000000,Industrie 4.0-Readiness: Migration zur Industrie 4.0-Fertigung,2014,10.1007/978-3-658-04682-8_30,,book-chapter,"Bildstein, Andreas; Seidelmann, Joachim",backward,crossref|openalex,doi:10.1007/s11846-018-0283-2,0
doi:10.1007/978-3-658-04682-8_31,10,0.000000,Chancen von Industrie 4.0 nutzen,2014,10.1007/978-3-658-04682-8_31,,book-chapter,"Kagermann, Henning",backward,openalex,doi:10.1007/s12651-016-0200-6,0
doi:10.1007/978-3-658-08165-2_17,11,0.000000,Akzeptanzanalyse in der Industrie 4.0-Fabrik,2016,10.1007/978-3-658-08165-2_17,,book-chapter,"Ullrich, André; Vladova, Gergana; Gronau, Norbert; Jungbauer, Nicole",backward,crossref|openalex,doi:10.1007/s11846-018-0283-2,0
doi:10.1007/978-3-662-45915-7_15,12,0.000000,Zukunft der Arbeit in Industrie 4.0 – Neue Perspektiven und offene Fragen,2014,10.1007/978-3-662-45915-7_15,,book-chapter,"Botthof, Alfons; Hartmann, Ernst",backward,openalex,doi:10.1007/s11846-018-0283-2,0
doi:10.1007/978-3-8349-6618-6_27,13,0.000000,Adaptivität und Echtzeit in CRM-Prozessen,2011,10.1007/978-3-8349-6618-6_27,Gabler eBooks,book-chapter,"Grieser, Lukas; Wilde, Klaus D.",backward,crossref|openalex,doi:10.1007/s12599-017-0480-6,0
doi:10.1007/978-3-8349-6618-6_4,14,0.000000,IT-Unterstützung durch CRM-Systeme,2011,10.1007/978-3-8349-6618-6_4,Gabler eBooks,book-chapter,"Rentzmann, René; Hippner, Hajo; Hesse, Frank; Wilde, Klaus D.",backward,openalex,doi:10.1007/s12599-017-0480-6,0
doi:10.1007/bf02723403,15,0.000000,Expert systems: The integrative sales management tool of the future,1987,10.1007/bf02723403,Journal of the Academy of Marketing Science,article,"Steinberg, Margery; Plank, Richard E.",backward,openalex,doi:10.1108/08858620010311548,0
doi:10.1007/bf02723407,16,0.000000,An empirical study of factors influencing innovation implementation in industrial sales organizations,1992,10.1007/bf02723407,Journal of the Academy of Marketing Science,article,"Marshall, Judith; Vredenburg, Harrie",backward,crossref|openalex,doi:10.1016/s0019-8501(97)00059-x|doi:10.1016/s0737-6782(98)00044-7|doi:10.1111/1540-5885.1630295,0
doi:10.1007/s10479-020-03683-9,17,0.000000,Understanding artificial intelligence adoption in operations management: insights from the review of academic literature and social media discussions,2020,10.1007/s10479-020-03683-9,Annals of Operations Research,article,"Grover, Purva; Kar, Arpan Kumar; Dwivedi, Yogesh K.",backward,crossref|openalex,doi:10.1016/j.indmarman.2021.08.006,0
doi:10.1007/s11277-018-5612-x,18,0.000000,Advanced Business Model Innovation Supported by Artificial Intelligence and Deep Learning,2018,10.1007/s11277-018-5612-x,Wireless Personal Communications,article,"Valter, Per; Lindgren, Peter; Prasad, Ramjee",backward,crossref|openalex,doi:10.1108/bl-03-2020-0022|doi:10.3390/joitmc5030044,0
doi:10.1007/s11747-009-0157-x,19,0.000000,Social influence on salespeople’s adoption of sales technology: a multilevel analysis,2009,10.1007/s11747-009-0157-x,Journal of the Academy of Marketing Science,article,"Homburg, Christian; Wieseke, Jan; Kuehnl, Christina",backward,crossref|openalex,doi:10.1016/j.indmarman.2013.08.005|doi:10.1080/08853134.2018.1557525|doi:10.1108/jrim-12-2014-0075,0
doi:10.1007/s11747-019-00696-0,20,0.000000,How artificial intelligence will change the future of marketing,2019,10.1007/s11747-019-00696-0,Journal of the Academy of Marketing Science,article,"Davenport, Thomas H.; Guha, Abhijit; Grewal, Dhruv; Breßgott, Timna",backward,crossref|openalex,doi:10.1016/j.indmarman.2021.08.006,0
doi:10.1007/s11846-018-0283-2,21,0.000000,Managerial challenges of Industry 4.0: an empirically backed research agenda for a nascent field,2018,10.1007/s11846-018-0283-2,Review of Managerial Science,article,"Schneider, Paul",backward,crossref|openalex,doi:10.1080/09537287.2019.1631468,0
doi:10.1007/s12525-019-00351-0,22,0.000000,Supporting customer-oriented marketing with artificial intelligence: automatically quantifying customer needs from social media,2019,10.1007/s12525-019-00351-0,Electronic Markets,article,"Kühl, Niklas; Mühlthaler, Marius; Goutier, Marc",backward,crossref|openalex,doi:10.1007/s10479-020-03683-9,0
doi:10.1007/s12599-014-0334-4,23,0.000000,Industry 4.0,2014,10.1007/s12599-014-0334-4,Business & Information Systems Engineering,article,"Lasi, Heiner; Fettke, Peter; Kemper, Hans-Georg; Feld, Thomas; Hoffmann, Michael",backward,crossref|openalex,doi:10.1016/j.techfore.2017.12.019|doi:10.1080/00207543.2018.1444806,0
doi:10.1007/s12599-017-0480-6,24,0.000000,Intelligent Business Processes in CRM,2017,10.1007/s12599-017-0480-6,Business & Information Systems Engineering,article,"Zaby, Christopher; Wilde, Klaus D.",backward,crossref|openalex,doi:10.1016/j.indmarman.2021.08.006,0
doi:10.1007/s12651-016-0200-6,25,0.000000,Digitization of industrial work: development paths and prospects,2016,10.1007/s12651-016-0200-6,Journal for Labour Market Research,article,"Hirsch‐Kreinsen, Hartmut",backward,crossref|openalex,doi:10.1016/j.techfore.2017.12.019,0
doi:10.1016/0019-8501(96)00035-1,26,0.000000,The transformation of industrial selling: Causes and consequences,1996,10.1016/0019-8501(96)00035-1,Industrial Marketing Management,article,"Wotruba, Thomas R.",backward,crossref|openalex,doi:10.1080/08853134.2005.10749057|doi:10.1080/08853134.2018.1441718,0
doi:10.1016/0268-4012(90)90035-q,27,0.000000,Laptops and the marketing information chain: The benefits of salesforce automation,1990,10.1016/0268-4012(90)90035-q,International Journal of Information Management,article,"Cronin, B.E.; Davenport, Elisabeth",backward,crossref|openalex,doi:10.1111/j.1468-2370.2006.00128.x,0
doi:10.1016/0272-6963(84)90012-3,28,0.000000,Progress toward the “factory of the future”,1984,10.1016/0272-6963(84)90012-3,Journal of Operations Management,article,"Rosenthal, Stephen R.",seed,seed,,0
doi:10.1016/0737-6782(95)00026-p,29,0.000000,Development of novel products through intraorganizational and interorganizational networks the case of home automation,1995,10.1016/0737-6782(95)00026-p,Journal of Product Innovation Management,article,"Tidd, Joe",seed,seed,,0
doi:10.1016/j.bushor.2009.01.001,30,0.000000,Why is my sales force automation system failing?,2009,10.1016/j.bushor.2009.01.001,Business Horizons,article,"Barker, Robert M.; Gohmann, Stephan F.; Guan, Jian; Faulds, David J.",backward,crossref|openalex,doi:10.1016/j.indmarman.2013.08.005|doi:10.1080/08853134.2013.870184,0
doi:10.1016/j.bushor.2012.01.004,31,0.000000,Redirecting direct selling: High-touch embraces high-tech,2012,10.1016/j.bushor.2012.01.004,Business Horizons,article,"Ferrell, Linda; Ferrell, O. C.",backward,crossref|openalex,doi:10.1016/j.indmarman.2017.06.012,0
doi:10.1016/j.bushor.2013.06.002,32,0.000000,"All pain, no gain? Why adopting sales force automation tools is insufficient for performance improvement",2013,10.1016/j.bushor.2013.06.002,Business Horizons,article,"Jelinek, Ronald",backward,crossref|openalex,doi:10.1080/08853134.2018.1557525,0
doi:10.1016/j.bushor.2014.09.009,33,0.000000,Social media and related technology: Drivers of change in managing the contemporary sales force,2014,10.1016/j.bushor.2014.09.009,Business Horizons,article,"Moncrief, William C.; Marshall, Greg W.; Rudd, John M.",backward,crossref|openalex,doi:10.1016/j.indmarman.2017.06.012|doi:10.1080/08853134.2017.1352449,0
doi:10.1016/j.bushor.2019.11.003,34,0.000000,Artificial intelligence and machine learning as business tools: A framework for diagnosing value destruction potential,2019,10.1016/j.bushor.2019.11.003,Business Horizons,article,"Canhoto, Ana Isabel; Clear, Fintan",backward,crossref|openalex,doi:10.1016/j.bushor.2020.01.003,0
doi:10.1016/j.bushor.2019.12.002,35,0.000000,From data to action: How marketers can leverage AI,2019,10.1016/j.bushor.2019.12.002,Business Horizons,article,"Campbell, Colin; Sands, Sean; Ferraro, Carla; Tsao, Hsiu‐Yuan; Mavrommatis, Alexis",backward,crossref|openalex,doi:10.1016/j.bushor.2020.01.003,0
doi:10.1016/j.bushor.2020.01.003,36,0.000000,Collaborative intelligence: How human and artificial intelligence create value along the B2B sales funnel,2020,10.1016/j.bushor.2020.01.003,Business Horizons,article,"Paschen, Jeannette; Wilson, Matthew; Ferreira, João J.",backward,crossref|openalex,doi:10.1016/j.bushor.2019.12.002|doi:10.1016/j.indmarman.2021.08.006,0
doi:10.1016/j.ibusrev.2020.101776,37,0.000000,"The integrated use of social media, digital, and traditional communication tools in the B2B sales process of international SMEs",2020,10.1016/j.ibusrev.2020.101776,International Business Review,article,"Fraccastoro, Sara; Gabrielsson, Mika; Pullins, Ellen Bolman",backward,crossref|openalex,doi:10.1016/j.indmarman.2021.08.006,0
doi:10.1016/j.ijinfomgt.2012.04.001,38,0.000000,"Cloud computing as an innovation: Percepetion, attitude, and adoption",2012,10.1016/j.ijinfomgt.2012.04.001,International Journal of Information Management,article,"Lin, Angela; Chen, Nan-Chou",backward,crossref|openalex,doi:10.1016/j.im.2014.03.006,0
doi:10.1016/j.ijresmar.2007.09.003,39,0.000000,Why sales reps should welcome information technology: Measuring the impact of CRM-based IT on sales effectiveness,2007,10.1016/j.ijresmar.2007.09.003,International Journal of Research in Marketing,article,"Ahearne, Michael; Hughes, Douglas E.; Schillewaert, Niels",backward,crossref|openalex,doi:10.1016/j.ijresmar.2009.03.006|doi:10.1016/j.indmarman.2014.06.013|doi:10.1016/j.indmarman.2015.07.002|doi:10.1016/j.jbusres.2011.05.005|doi:10.1016/j.jbusres.2013.05.002|doi:10.1080/08853134.2018.1557525|doi:10.1080/1051712x.2011.574252|doi:10.1108/jbim-01-2015-0001|doi:10.1108/jrim-12-2014-0075|doi:10.1177/1094670516679273|doi:10.2753/mtp1069-6679190204|doi:10.2753/pss0885-3134320304|doi:10.2753/pss0885-3134330205,0
doi:10.1016/j.ijresmar.2009.03.006,40,0.000000,"Becker, J.U., Greve, G. and Albers, S. (2009), “The impact of technological and organizational implementation of CRM on customer acquisition, maintenance, and retention”, International Journal of Research in Marketing, Vol. 26, pp. 207‐15.",,10.1016/j.ijresmar.2009.03.006,,,,backward,crossref,doi:10.1108/14637151211232641,0
doi:10.1016/j.im.2010.05.001,41,0.000000,Determinants of RFID adoption intention: Evidence from Taiwanese retail chains,2010,10.1016/j.im.2010.05.001,Information & Management,article,"Tsai, Ming‐Chih; Lee, Wen; Wu, Hsin‐Chieh",backward,crossref|openalex,doi:10.1016/j.im.2014.03.006,0
doi:10.1016/j.im.2012.09.005,42,0.000000,The effect of CRM use on internal sales management control: An alternative mechanism to realize CRM benefits,2012,10.1016/j.im.2012.09.005,Information & Management,article,"Li, Liang; Mao, Ji‐Ye",backward,crossref|openalex,doi:10.1016/j.reimke.2015.07.001,0
doi:10.1016/j.im.2013.04.007,43,0.000000,Examining the role of information technology in cultivating firms’ dynamic marketing capabilities,2013,10.1016/j.im.2013.04.007,Information & Management,article,"Wang, Eric T.G.; Hu, Han-fen; Hu, Paul Jen‐Hwa",backward,crossref|openalex,doi:10.1108/jbim-09-2019-0407,0
doi:10.1016/j.im.2014.03.006,44,0.000000,Assessing the determinants of cloud computing adoption: An analysis of the manufacturing and services sectors,2014,10.1016/j.im.2014.03.006,Information & Management,article,"Oliveira, Tiago; Thomas, Manoj A.; Espadanal, Mariana",backward,crossref|openalex,doi:10.1016/j.indmarman.2019.09.001,0
doi:10.1016/j.indmarman.2003.08.014,45,0.000000,"Sales force obsolescence: Perceptions from sales and marketing executives of individual, organizational, and environmental factors",2003,10.1016/j.indmarman.2003.08.014,Industrial Marketing Management,article,"Jones, Eli; Chonko, Lawrence B.; Roberts, James A.",backward,crossref|openalex,doi:10.1016/j.indmarman.2013.08.005,0
doi:10.1016/j.indmarman.2004.09.011,46,0.000000,Sales technology within the salesperson's relationships: A research agenda,2005,10.1016/j.indmarman.2004.09.011,Industrial Marketing Management,article,"Tanner, John F.; Shipp, S.",backward,crossref|openalex,doi:10.1016/j.indmarman.2004.09.012|doi:10.1016/j.indmarman.2013.08.005|doi:10.1016/j.indmarman.2015.07.002|doi:10.1108/jrim-04-2015-0027|doi:10.1108/jsit-09-2014-0068|doi:10.1300/j366v06n02_06|doi:10.2753/mtp1069-6679190204|doi:10.2753/pss0885-3134280205,0
doi:10.1016/j.indmarman.2004.09.012,47,0.000000,Impediments to sales force automation,2005,10.1016/j.indmarman.2004.09.012,Industrial Marketing Management,article,"Honeycutt, Earl D.; Thelen, Tanya; Thelen, Shawn T.; Hodge, Sharon K.",backward,crossref|openalex,doi:10.1016/j.indmarman.2005.10.002|doi:10.1016/j.indmarman.2008.04.004|doi:10.1108/08858620710722824|doi:10.1108/jrim-12-2014-0075|doi:10.1300/j366v06n02_06|doi:10.2753/mtp1069-6679190204|doi:10.2753/pss0885-3134280401,0
doi:10.1016/j.indmarman.2004.09.013,48,0.000000,The adoption of information technology in the sales force,2005,10.1016/j.indmarman.2004.09.013,Industrial Marketing Management,article,"Schillewaert, Niels; Ahearne, Michael; Frambach, R.T.; Moenaert, Rudy",backward,crossref|openalex,doi:10.1007/s11747-009-0157-x|doi:10.1016/j.ijresmar.2007.09.003|doi:10.1016/j.indmarman.2004.09.012|doi:10.1016/j.indmarman.2008.04.004|doi:10.1016/j.indmarman.2009.11.003|doi:10.1016/j.indmarman.2009.12.010|doi:10.1016/j.indmarman.2014.06.013|doi:10.1016/j.jbusres.2011.05.005|doi:10.1080/08853134.2005.10749057|doi:10.1080/08853134.2013.870184|doi:10.1080/08853134.2018.1441718|doi:10.1108/imds-11-2013-0480|doi:10.1108/jrim-04-2015-0027|doi:10.1108/jrim-12-2014-0075|doi:10.1108/jsit-09-2014-0068|doi:10.1111/j.1468-2370.2006.00128.x|doi:10.1300/j366v06n02_06|doi:10.2753/mtp1069-6679190204|doi:10.2753/pss0885-3134280205|doi:10.2753/pss0885-3134280401|doi:10.2753/pss0885-3134300205|doi:10.2753/pss0885-3134330303,0
doi:10.1016/j.indmarman.2004.09.014,49,0.000000,Perceptions of sales force automation: Differences between sales force and management,2005,10.1016/j.indmarman.2004.09.014,Industrial Marketing Management,article,"Gohmann, Stephan F.; Guan, Jian; Barker, Robert M.; Faulds, David J.",backward,crossref|openalex,doi:10.1016/j.bushor.2009.01.001|doi:10.1016/j.indmarman.2004.09.012|doi:10.1016/j.indmarman.2008.04.004|doi:10.1016/j.indmarman.2009.11.003|doi:10.1016/j.indmarman.2014.06.013|doi:10.1108/08858620510576766|doi:10.1108/08858620710722824|doi:10.1111/j.1468-2370.2006.00128.x|doi:10.1287/mnsc.1070.0783|doi:10.1300/j366v06n02_06|doi:10.2753/mtp1069-6679190204|doi:10.2753/pss0885-3134280205,0
doi:10.1016/j.indmarman.2004.09.015,50,0.000000,"Impact of sales force automation on technology-related stress, effort, and technology usage among salespeople",2005,10.1016/j.indmarman.2004.09.015,Industrial Marketing Management,article,"Rangarajan, Deva; Jones, Eli; Chin, Wynne W.",backward,crossref|openalex,doi:10.1016/j.indmarman.2004.09.012|doi:10.1016/j.indmarman.2009.11.003|doi:10.1016/j.indmarman.2013.08.005|doi:10.1016/j.indmarman.2014.06.013|doi:10.1080/08853134.2013.870184|doi:10.1111/j.1468-2370.2006.00128.x|doi:10.1300/j366v06n02_06|doi:10.2753/mtp1069-6679140101|doi:10.2753/mtp1069-6679190204|doi:10.2753/pss0885-3134290203,0
doi:10.1016/j.indmarman.2004.09.016,51,0.000000,Understanding sales force automation outcomes: A managerial perspective,2005,10.1016/j.indmarman.2004.09.016,Industrial Marketing Management,article,"Bush, Alan J.; Moore, Jarvis B.; Rocco, Rich",backward,crossref|openalex,doi:10.1007/978-3-319-10951-0_231|doi:10.1016/j.indmarman.2004.12.002|doi:10.1016/j.indmarman.2009.11.003|doi:10.1016/j.indmarman.2009.12.010|doi:10.1057/palgrave.dbm.3250034|doi:10.1108/08858620710722824|doi:10.1108/jrim-04-2015-0027|doi:10.1108/jsit-09-2014-0068|doi:10.1111/j.1468-2370.2006.00128.x|doi:10.1300/j366v06n02_06|doi:10.2753/mtp1069-6679190204|doi:10.2753/pss0885-3134300205,0
doi:10.1016/j.indmarman.2004.09.017,52,0.000000,"Sales force technology usage—reasons, barriers, and support: An exploratory investigation",2005,10.1016/j.indmarman.2004.09.017,Industrial Marketing Management,article,"Buehrer, Richard E.; Sénécal, Sylvain; Pullins, Ellen Bolman",backward,crossref|openalex,doi:10.1007/978-3-319-10951-0_231|doi:10.1016/j.indmarman.2004.09.012|doi:10.1016/j.indmarman.2009.11.003|doi:10.1016/j.indmarman.2009.12.010|doi:10.1016/j.jbusres.2011.05.005|doi:10.1080/08853134.2013.870184|doi:10.1108/08858620710722824|doi:10.1108/jsit-09-2014-0068|doi:10.1111/j.1468-2370.2006.00128.x|doi:10.1177/0266242609102276|doi:10.1300/j366v06n02_06|doi:10.2753/mtp1069-6679190204,0
doi:10.1016/j.indmarman.2004.09.019,53,0.000000,An empirical investigation of technology acceptance in a field sales force setting,2005,10.1016/j.indmarman.2004.09.019,Industrial Marketing Management,article,"Robinson, Leroy; Marshall, Greg W.; Stamps, Miriam B.",backward,crossref|openalex,doi:10.1016/j.bushor.2014.09.009|doi:10.1016/j.indmarman.2004.09.012|doi:10.1016/j.indmarman.2009.11.003|doi:10.1016/j.indmarman.2014.06.013|doi:10.1016/j.indmarman.2017.06.012|doi:10.1108/08858620710722824|doi:10.1111/j.1468-2370.2006.00128.x|doi:10.1300/j366v06n02_06|doi:10.2753/mtp1069-6679190204|doi:10.2753/pss0885-3134320305|doi:10.2753/pss0885-3134330303,0
doi:10.1016/j.indmarman.2004.09.020,54,0.000000,Moving beyond the direct effect of SFA adoption on salesperson performance: training and support as key moderating factors,2005,10.1016/j.indmarman.2004.09.020,Industrial Marketing Management,article,"Ahearne, Michael; Jelinek, Ronald; Rapp, Adam",backward,crossref|openalex,doi:10.1007/s11747-009-0157-x|doi:10.1016/j.bushor.2013.06.002|doi:10.1016/j.indmarman.2008.04.004|doi:10.1016/j.indmarman.2009.11.003|doi:10.1016/j.indmarman.2009.12.010|doi:10.1016/j.indmarman.2010.05.001|doi:10.1016/j.indmarman.2013.08.005|doi:10.1016/j.indmarman.2014.06.013|doi:10.1016/j.jbusres.2013.05.002|doi:10.1080/1051712x.2011.574252|doi:10.1108/jbim-01-2015-0001|doi:10.1108/jrim-04-2015-0027|doi:10.1108/jrim-12-2014-0075|doi:10.1300/j366v06n02_06|doi:10.2753/mtp1069-6679190204|doi:10.2753/pss0885-3134280205|doi:10.2753/pss0885-3134280401|doi:10.2753/pss0885-3134290203|doi:10.2753/pss0885-3134300202|doi:10.2753/pss0885-3134330303,0
doi:10.1016/j.indmarman.2004.09.021,55,0.000000,Antecedents and consequences of CRM technology acceptance in the sales force,2005,10.1016/j.indmarman.2004.09.021,Industrial Marketing Management,article,"Avlonitis, George J.; Panagopoulos, Nikolaos G.",backward,crossref|openalex,doi:10.1007/s11747-009-0157-x|doi:10.1016/j.indmarman.2004.09.012|doi:10.1016/j.indmarman.2009.11.003|doi:10.1016/j.indmarman.2009.12.010|doi:10.1016/j.indmarman.2015.12.002|doi:10.1016/j.indmarman.2017.06.012|doi:10.1080/08853134.2013.870184|doi:10.1080/14783360701350961|doi:10.1108/08858620710722824|doi:10.1108/imds-11-2013-0480|doi:10.1108/jbim-01-2015-0001|doi:10.1108/jrim-12-2014-0075|doi:10.1111/j.1468-2370.2006.00128.x|doi:10.1177/0266242609102276|doi:10.1287/mnsc.1070.0783|doi:10.2753/mtp1069-6679190204|doi:10.2753/pss0885-3134280205|doi:10.2753/pss0885-3134280401|doi:10.2753/pss0885-3134330205|doi:10.2753/pss0885-3134330303,0
doi:10.1016/j.indmarman.2004.12.002,56,0.000000,Technology improves sales performance—doesn't it?,2005,10.1016/j.indmarman.2004.12.002,Industrial Marketing Management,article,"Honeycutt, Earl D.",backward,crossref|openalex,doi:10.1016/j.indmarman.2013.08.005|doi:10.1016/j.indmarman.2014.06.013|doi:10.1016/j.jbusres.2007.04.007|doi:10.1080/08853134.2018.1557525,0
doi:10.1016/j.indmarman.2005.10.002,57,0.000000,Intraorganizational information and communication technology diffusion: Implications for industrial sellers and buyers,2005,10.1016/j.indmarman.2005.10.002,Industrial Marketing Management,article,"Papastathopoulou, Paulina; Avlonitis, George J.; Panagopoulos, Nikolaos G.",backward,crossref|openalex,doi:10.1108/jbim-01-2015-0001|doi:10.1177/0266242609102276,0
doi:10.1016/j.indmarman.2007.02.005,58,0.000000,Understanding success and failure in customer relationship management,2007,10.1016/j.indmarman.2007.02.005,Industrial Marketing Management,article,"King, Stephen F.; Burgess, Thomas F.",backward,crossref|openalex,doi:10.1016/j.indmarman.2009.11.003|doi:10.1108/14637151211232641|doi:10.1186/s40064-016-3128-y,0
doi:10.1016/j.indmarman.2008.04.004,59,0.000000,Salesperson's innovation resistance and job satisfaction in intra-organizational diffusion of sales force automation technologies: The case of South Korea,2008,10.1016/j.indmarman.2008.04.004,Industrial Marketing Management,article,"Cho, Seong Do; Chang, Dae Ryun",backward,crossref|openalex,doi:10.1016/j.indmarman.2009.11.003|doi:10.1108/jbim-01-2015-0001,0
doi:10.1016/j.indmarman.2008.12.013,60,0.000000,CRM systems and organizational learning: An exploration of the relationship between CRM effectiveness and the customer information orientation of the firm in industrial markets,2009,10.1016/j.indmarman.2008.12.013,Industrial Marketing Management,article,"Stein, Alex; Smith, M. F.",backward,crossref|openalex,doi:10.1016/j.indmarman.2009.11.003|doi:10.1016/j.indmarman.2013.06.004|doi:10.1108/jbim-01-2015-0001,0
doi:10.1016/j.indmarman.2009.11.003,61,0.000000,How does sales force automation influence relationship quality and performance? The mediating roles of learning and selling behaviors,2009,10.1016/j.indmarman.2009.11.003,Industrial Marketing Management,article,"Park, Jeong Eun; Kim, Juyoung; Dubinsky, Alan J.; Lee, Hyunju",backward,crossref|openalex,doi:10.1016/j.indmarman.2013.08.005|doi:10.1016/j.indmarman.2014.06.013|doi:10.1016/j.indmarman.2017.06.012,0
doi:10.1016/j.indmarman.2009.12.010,62,0.000000,The impact of management commitment alignment on salespersons' adoption of sales force automation technologies: An empirical investigation,2010,10.1016/j.indmarman.2009.12.010,Industrial Marketing Management,article,"Cascio, Robert; Mariadoss, Babu John; Mouri, Nacef",backward,crossref|openalex,doi:10.1016/j.indmarman.2013.08.005|doi:10.1080/08853134.2018.1557525|doi:10.1108/jbim-01-2015-0001,0
doi:10.1016/j.indmarman.2010.05.001,63,0.000000,Integrating information technology and marketing: An examination of the drivers and outcomes of e-Marketing capability,2010,10.1016/j.indmarman.2010.05.001,Industrial Marketing Management,article,"Trainor, Kevin J.; Rapp, Adam; Beitelspacher, Lauren Skinner; Schillewaert, Niels",backward,crossref|openalex,doi:10.1016/j.jbusres.2013.05.002|doi:10.1016/j.reimke.2015.07.001|doi:10.4018/ijisss.2016100101,0
doi:10.1016/j.indmarman.2013.03.001,64,0.000000,"Artificial intelligence-based systems applied in industrial marketing: An historical overview, current and future insights",2013,10.1016/j.indmarman.2013.03.001,Industrial Marketing Management,article,"Martínez‐López, Francisco J.; Casillas, Jorge",backward,crossref|openalex,doi:10.1016/j.bushor.2019.12.002|doi:10.1016/j.bushor.2020.01.003|doi:10.1016/j.indmarman.2021.08.006|doi:10.1108/jbim-10-2018-0295|doi:10.1108/tqm-12-2019-0303,0
doi:10.1016/j.indmarman.2013.06.004,65,0.000000,The development and diffusion of customer relationship management (CRM) intelligence in business-to-business environments,2013,10.1016/j.indmarman.2013.06.004,Industrial Marketing Management,article,"Stein, Alex; Smith, M. F.; Lancioni, Richard A.",backward,crossref|openalex,doi:10.1016/j.indmarman.2019.12.005|doi:10.1108/jbim-02-2016-0025,0
doi:10.1016/j.indmarman.2013.08.005,66,0.000000,Salesperson competitive intelligence and performance: The role of product knowledge and sales force automation usage,2013,10.1016/j.indmarman.2013.08.005,Industrial Marketing Management,article,"Mariadoss, Babu John; Milewicz, Chad; Lee, Sangwon; Sahaym, Arvin",backward,crossref|openalex,doi:10.1016/j.indmarman.2017.06.012|doi:10.1080/08853134.2018.1557525|doi:10.1108/jbim-01-2015-0001,0
doi:10.1016/j.indmarman.2014.06.013,67,0.000000,Does information and communication technology improve job satisfaction? The moderating role of sales technology orientation,2014,10.1016/j.indmarman.2014.06.013,Industrial Marketing Management,article,"Limbu, Yam B.; Jayachandran, C.; Babin, Barry J.",backward,crossref|openalex,doi:10.1080/08853134.2018.1557525,0
doi:10.1016/j.indmarman.2015.07.002,68,0.000000,Harnessing marketing automation for B2B content marketing,2015,10.1016/j.indmarman.2015.07.002,Industrial Marketing Management,article,"Järvinen, Joel; Taiminen, Heini",backward,crossref|openalex,doi:10.1016/j.bushor.2020.01.003|doi:10.1016/j.indmarman.2017.06.012|doi:10.1016/j.indmarman.2021.08.006|doi:10.1080/08853134.2018.1557525|doi:10.1108/jbim-10-2018-0295,0
doi:10.1016/j.indmarman.2015.12.002,69,0.000000,"The use of social media in sales: Individual and organizational antecedents, and the role of customer engagement in social media",2015,10.1016/j.indmarman.2015.12.002,Industrial Marketing Management,article,"Guesalaga, Rodrigo",backward,crossref|openalex,doi:10.1016/j.ibusrev.2020.101776|doi:10.1016/j.indmarman.2017.06.012,0
doi:10.1016/j.indmarman.2017.06.012,70,0.000000,Social media use in B2b sales and its impact on competitive intelligence collection and adaptive selling: Examining the role of learning orientation as an enabler,2017,10.1016/j.indmarman.2017.06.012,Industrial Marketing Management,article,"Itani, Omar S.; Agnihotri, Raj; Dingus, Rebecca",backward,crossref|openalex,doi:10.1016/j.ibusrev.2020.101776,0
doi:10.1016/j.indmarman.2017.12.019,71,0.000000,Waiting for a sales renaissance in the fourth industrial revolution: Machine learning and artificial intelligence in sales research and practice,2018,10.1016/j.indmarman.2017.12.019,Industrial Marketing Management,article,"Syam, Niladri; Sharma, Arun",backward,crossref|openalex,doi:10.1007/s11747-019-00696-0|doi:10.1016/j.bushor.2020.01.003|doi:10.1016/j.indmarman.2021.08.006|doi:10.1016/j.tourman.2019.02.006|doi:10.1080/08853134.2018.1557525|doi:10.1108/jbim-10-2018-0295|doi:10.7903/cmr.19970,0
doi:10.1016/j.indmarman.2019.09.001,72,0.000000,Real-time big data processing for instantaneous marketing decisions: A problematization approach,2019,10.1016/j.indmarman.2019.09.001,Industrial Marketing Management,article,"Jabbar, Abdul; Akhtar, Pervaiz; Dani, Samir",backward,crossref|openalex,doi:10.1016/j.indmarman.2021.08.006,0
doi:10.1016/j.indmarman.2019.09.003,73,0.000000,Organizational intention to adopt big data in the B2B context: An integrated view,2019,10.1016/j.indmarman.2019.09.003,Industrial Marketing Management,article,"Sun, Shiwei; Hall, Dianne J.; Cegielski, Casey G.",backward,crossref|openalex,doi:10.1016/j.indmarman.2019.12.005|doi:10.1016/j.indmarman.2020.10.012,0
doi:10.1016/j.indmarman.2019.12.005,74,0.000000,Fostering B2B sales with customer big data analytics,2019,10.1016/j.indmarman.2019.12.005,Industrial Marketing Management,article,"Hallikainen, Heli; Savimäki, Emma; Laukkanen, Tommi",backward,crossref|openalex,doi:10.1016/j.indmarman.2020.10.012|doi:10.1016/j.indmarman.2021.08.006,0
doi:10.1016/j.indmarman.2020.10.012,75,0.000000,Linking big data analytical intelligence to customer relationship management performance,2020,10.1016/j.indmarman.2020.10.012,Industrial Marketing Management,article,"Zhang, Chubing; Wang, Xinchun; Cui, Annie Peng; Han, Shenghao",backward,crossref|openalex,doi:10.1016/j.indmarman.2021.08.006,0
doi:10.1016/j.indmarman.2021.08.006,76,0.000000,Setting B2B digital marketing in artificial intelligence-based CRMs: A review and directions for future research,2021,10.1016/j.indmarman.2021.08.006,Industrial Marketing Management,article,"Saura, José Ramón; Soriano, Domingo Ribeiro; Palacios‐Marqués, Daniel",backward,crossref|openalex,doi:10.1155/2022/7796507,0
doi:10.1016/j.infoandorg.2018.02.005,77,0.000000,Working and organizing in the age of the learning algorithm,2018,10.1016/j.infoandorg.2018.02.005,Information and Organization,article,"Faraj, Samer; Pachidi, Stella; Sayegh, Karla",backward,crossref|openalex,doi:10.1177/1350508419855714,0
doi:10.1016/j.intmar.2013.09.008,78,0.000000,Managing Customer Relationships in the Social Media Era: Introducing the Social CRM House,2013,10.1016/j.intmar.2013.09.008,Journal of Interactive Marketing,article,"Malthouse, Edward C.; Haenlein, Michael; Skiera, Bernd; Wege, Egbert; Zhang, Xiaoquan",backward,crossref|openalex,doi:10.1080/08853134.2018.1557525|doi:10.1108/jbim-02-2016-0025|doi:10.1108/jibr-09-2019-0284,0
doi:10.1016/j.jbusres.2004.07.010,79,0.000000,Sales force use of technology: antecedents to technology acceptance,2005,10.1016/j.jbusres.2004.07.010,Journal of Business Research,article,"Robinson, Leroy; Marshall, Greg W.; Stamps, Miriam B.",backward,crossref|openalex,doi:10.1016/j.indmarman.2014.06.013|doi:10.1016/j.jbusres.2011.05.005|doi:10.2753/pss0885-3134280205,0
doi:10.1016/j.jbusres.2006.05.011,80,0.000000,Organizational characteristics and the CRM adoption process,2007,10.1016/j.jbusres.2006.05.011,Journal of Business Research,article,"Ko, Eunju; Kim, Sook Hyun; Kim, Myungsoo; Woo, Ji Young",backward,crossref|openalex,doi:10.1057/dbm.2012.13|doi:10.1108/ics-02-2019-0029|doi:10.1108/jeim-11-2012-0078|doi:10.1108/jsbed-01-2012-0013,0
doi:10.1016/j.jbusres.2007.04.007,81,0.000000,Sales technology: Help or hindrance to ethical behaviors and productivity?,2007,10.1016/j.jbusres.2007.04.007,Journal of Business Research,article,"Bush, Alan J.; Bush, Victoria D.; Orr, Linda; Rocco, Richard A.",backward,crossref|openalex,doi:10.1108/jrim-04-2015-0027,0
doi:10.1016/j.jbusres.2011.05.005,82,0.000000,The differing effects of technology on inside vs. outside sales forces to facilitate enhanced customer orientation and interfunctional coordination,2011,10.1016/j.jbusres.2011.05.005,Journal of Business Research,article,"Rapp, Adam; Beitelspacher, Lauren Skinner; Schillewaert, Niels; Baker, Thomas L.",backward,crossref|openalex,doi:10.1080/08853134.2018.1441718|doi:10.1080/08853134.2018.1557525|doi:10.1108/jbim-01-2015-0001,0
doi:10.1016/j.jbusres.2013.05.002,83,0.000000,Social media technology usage and customer relationship performance: A capabilities-based examination of social CRM,2013,10.1016/j.jbusres.2013.05.002,Journal of Business Research,article,"Trainor, Kevin J.; Andzulis, James “Mick”; Rapp, Adam; Agnihotri, Raj",backward,crossref|openalex,doi:10.1016/j.indmarman.2017.06.012|doi:10.1016/j.indmarman.2019.12.005|doi:10.1016/j.indmarman.2020.10.012|doi:10.1016/j.indmarman.2021.08.006|doi:10.1080/15332667.2019.1664870|doi:10.1108/jbim-02-2016-0025|doi:10.1108/jsit-06-2014-0044|doi:10.4018/ijisss.2016100101,0
doi:10.1016/j.jbusres.2017.03.008,84,0.000000,"“Service Encounter 2.0”: An investigation into the roles of technology, employees and customers",2017,10.1016/j.jbusres.2017.03.008,Journal of Business Research,article,"Larivière, Bart; Bowen, David E.; Andreassen, Tor W.; Kunz, Werner H.; Sirianni, Nancy J.; Voss, Chris; Wünderlich, Nancy V.; Keyser, Arne De",backward,crossref|openalex,doi:10.1108/josm-04-2018-0119,0
doi:10.1016/j.jbusres.2020.06.062,85,0.000000,Marketing in a data-driven digital world: Implications for the role and scope of marketing,2020,10.1016/j.jbusres.2020.06.062,Journal of Business Research,article,"Shah, Denish; Murthi, B. P. S.",backward,crossref|openalex,doi:10.1016/j.indmarman.2021.08.006,0
doi:10.1016/j.jom.2006.02.002,86,0.000000,"The impact of enterprise systems on corporate performance: A study of ERP, SCM, and CRM system implementations",2006,10.1016/j.jom.2006.02.002,Journal of Operations Management,article,"Hendricks, Kevin B.; Singhal, Vinod R.; Stratman, Jeff K.",backward,crossref|openalex,doi:10.1016/j.im.2012.09.005,0
doi:10.1016/j.reimke.2015.07.001,87,0.000000,The firms benefits of mobile CRM from the relationship marketing approach and the TOE model,2015,10.1016/j.reimke.2015.07.001,Spanish Journal of Marketing - ESIC,article,"San-Martín, S.; Jiménez, Nadia; López‐Catalán, Blanca",backward,crossref|openalex,doi:10.1080/15332667.2019.1664870|doi:10.1108/bl-02-2019-0069|doi:10.1108/bl-08-2020-0057|doi:10.1108/ics-02-2019-0029,0
doi:10.1016/j.techfore.2017.12.019,88,0.000000,Fortune favors the prepared: How SMEs approach business model innovations in Industry 4.0,2018,10.1016/j.techfore.2017.12.019,Technological Forecasting and Social Change,article,"Müller, Julian M.; Buliga, Oana; Voigt, Kai‐Ingo",backward,crossref|openalex,doi:10.1080/09537287.2019.1631468,0
doi:10.1016/j.technovation.2004.01.012,89,0.000000,ICT adoption and moderating effects of institutional factors on salesperson's communication effectiveness: a contingency study in high-tech industries,2004,10.1016/j.technovation.2004.01.012,Technovation,article,"Lapierre, Jozée; Denier, Arnaud",backward,crossref|openalex,doi:10.1016/j.im.2010.05.001|doi:10.1016/j.indmarman.2014.06.013,0
doi:10.1016/j.tourman.2019.02.006,90,0.000000,Hotel employee's artificial intelligence and robotics awareness and its impact on turnover intention: The moderating roles of perceived organizational support and competitive psychological climate,2019,10.1016/j.tourman.2019.02.006,Tourism Management,article,"Li, Jun; Bonn, Mark A.; Ye, Ben Haobin",backward,openalex,doi:10.1007/s10479-020-03683-9,0
doi:10.1016/s0019-8501(01)00190-0,91,0.000000,Managing intraorganizational diffusion of innovations,2002,10.1016/s0019-8501(01)00190-0,Industrial Marketing Management,article,"Pae, Jae H.; Kim, Namwoon; Han, Jin; Yip, Leslie S.C.",backward,crossref|openalex,doi:10.1016/j.indmarman.2005.10.002,0
doi:10.1016/s0019-8501(02)00237-7,92,0.000000,The relationship between technology adoption and strategy in business-to-business markets,2003,10.1016/s0019-8501(02)00237-7,Industrial Marketing Management,article,"Pires, Guilherme D.; Aisbett, Janet",backward,crossref|openalex,doi:10.1016/j.indmarman.2005.10.002,0
doi:10.1016/s0019-8501(97)00059-x,93,0.000000,Managing Intraorganizational Diffusion of Technological Innovations,1998,10.1016/s0019-8501(97)00059-x,Industrial Marketing Management,article,"Kim, Namwoon; Srivastava, Rajendra K.",backward,crossref|openalex,doi:10.1016/j.indmarman.2005.10.002|doi:10.1016/j.indmarman.2008.04.004|doi:10.1016/s0019-8501(01)00190-0,0
doi:10.1016/s0019-8501(99)00115-7,94,0.000000,Technology and the Sales Force,2001,10.1016/s0019-8501(99)00115-7,Industrial Marketing Management,article,"Morgan, Amy J.; Inks, Scott A.",backward,crossref|openalex,doi:10.1016/j.bushor.2009.01.001|doi:10.1016/j.indmarman.2004.09.013|doi:10.1016/j.indmarman.2004.09.014|doi:10.1016/j.indmarman.2004.09.017|doi:10.1016/j.indmarman.2004.09.020|doi:10.1016/j.indmarman.2004.09.021|doi:10.1016/j.indmarman.2009.12.010|doi:10.1016/j.jbusres.2004.07.010|doi:10.1016/j.technovation.2004.01.012|doi:10.1080/08853134.2004.10749038|doi:10.1080/08853134.2005.10749057|doi:10.1080/08853134.2005.10749061|doi:10.1108/08858620510576766|doi:10.1108/08858620710722824|doi:10.1111/j.1468-2370.2006.00128.x|doi:10.1287/mnsc.1070.0783|doi:10.1300/j366v06n02_06|doi:10.1504/ijmc.2005.007025|doi:10.19030/jabr.v20i3.2219|doi:10.2753/mtp1069-6679190204|doi:10.2753/pss0885-3134280401,0
doi:10.1016/s0022-4359(18)30076-9,95,0.000000,How Artificial Intelligence (AI) is Reshaping Retailing,2018,10.1016/s0022-4359(18)30076-9,Journal of Retailing,article,"Shankar, Venkatesh",backward,crossref|openalex,doi:10.1007/s11747-019-00696-0,0
doi:10.1016/s0148-2963(00)00159-4,96,0.000000,Salesforce automation systems: an exploratory examination of organizational factors associated with effective implementation and salesforce productivity,2002,10.1016/s0148-2963(00)00159-4,Journal of Business Research,article,"Pullig, Chris; Maxham, James G.; Hair, Joseph F.",backward,crossref|openalex,doi:10.1016/j.indmarman.2004.09.014|doi:10.1016/j.indmarman.2004.09.017|doi:10.1016/j.indmarman.2004.09.020|doi:10.1016/j.indmarman.2004.09.021|doi:10.1016/j.indmarman.2009.12.010|doi:10.1016/j.indmarman.2013.08.005|doi:10.1016/j.indmarman.2014.06.013|doi:10.1016/j.technovation.2004.01.012|doi:10.1080/08853134.2004.10749038|doi:10.1080/08853134.2005.10749061|doi:10.1108/08858620510576766|doi:10.1108/08858620710722824|doi:10.1111/j.1468-2370.2006.00128.x|doi:10.1287/mnsc.1070.0783|doi:10.1300/j366v06n02_06|doi:10.1504/ijmc.2005.007025|doi:10.19030/jabr.v20i3.2219|doi:10.2753/mtp1069-6679190204|doi:10.2753/pss0885-3134280401|doi:10.2753/pss0885-3134290203|doi:10.2753/pss0885-3134300205,0
doi:10.1016/s0167-8116(97)00009-8,97,0.000000,"Marketing decision support systems: Adoption, use, and satisfaction",1997,10.1016/s0167-8116(97)00009-8,International Journal of Research in Marketing,article,"Wierenga, Berend; Ophuis, P.A.M. Oude",backward,crossref|openalex,doi:10.1016/j.ijresmar.2007.09.003|doi:10.1016/j.jbusres.2006.05.011,0
doi:10.1016/s0263-2373(01)00067-6,98,0.000000,Cross-functional issues in the implementation of relationship marketing through customer relationship management,2001,10.1016/s0263-2373(01)00067-6,European Management Journal,article,"Ryals, Lynette; Knox, Simon",backward,crossref|openalex,doi:10.1080/08853134.2004.10749038|doi:10.1080/09652540701726793|doi:10.1080/1051712x.2011.574252,0
doi:10.1016/s0268-4012(02)00032-4,99,0.000000,Sales information systems in the UK financial services industry: an analysis of sophistication of use and perceived barriers to adoption,2002,10.1016/s0268-4012(02)00032-4,International Journal of Information Management,article,"Wright, George; Donaldson, Bill",backward,crossref|openalex,doi:10.1057/palgrave.dbm.3250034|doi:10.1111/j.1468-2370.2006.00128.x,0
doi:10.1016/s0737-6782(98)00044-7,100,0.000000,"Implementation of industrial process innovations: factors, effects, and marketing implications",1999,10.1016/s0737-6782(98)00044-7,Journal of Product Innovation Management,article,"Meyers, P. D.",backward,crossref|openalex,doi:10.1016/j.indmarman.2005.10.002|doi:10.1080/08853134.2004.10749038,0
doi:10.1017/jmo.2016.55,101,0.000000,"Smart Technology, Artificial Intelligence, Robotics, and Algorithms (STARA): Employees’ perceptions of our future workplace",2017,10.1017/jmo.2016.55,Journal of Management & Organization,article,"Brougham, David; Haar, Jarrod",backward,crossref|openalex,doi:10.1016/j.tourman.2019.02.006|doi:10.7903/cmr.19970,0
doi:10.1037/0021-9010.92.2.528,102,0.000000,A Longitudinal Cross-Level Model of Leader and Salesperson Influences on Sales Force Technology Use and Performance,2007,10.1037/0021-9010.92.2.528,Journal of Applied Psychology,,John Mathieu,backward,crossref,doi:10.1007/s11747-009-0157-x|doi:10.1016/j.bushor.2013.06.002|doi:10.1016/j.indmarman.2014.06.013|doi:10.1080/08853134.2013.870184|doi:10.1108/jbim-01-2015-0001|doi:10.2753/pss0885-3134330205,0
doi:10.1038/nnano.2015.286,103,0.000000,Navigating the fourth industrial revolution,2015,10.1038/nnano.2015.286,Nature Nanotechnology,article,"Maynard, Andrew",backward,crossref|openalex,doi:10.1016/j.techfore.2017.12.019,0
doi:10.1057/dbm.2012.13,104,0.000000,CRM technology use and implementation benefits in an emerging market,2012,10.1057/dbm.2012.13,Journal of Database Marketing & Customer Strategy Management,article,"Abdul‐Muhmin, Alhassan G.",backward,crossref|openalex,doi:10.1016/j.reimke.2015.07.001,0
doi:10.1057/palgrave.dbm.3250034,105,0.000000,CRM software applications and business performance,2006,10.1057/palgrave.dbm.3250034,Journal of Database Marketing & Customer Strategy Management,article,"Ang, Lawrence; Buttle, Francis",backward,crossref|openalex,doi:10.1057/dbm.2012.13|doi:10.1108/jibr-09-2019-0284|oa:W1583056480,0
doi:10.1057/palgrave.ejis.3000475,106,0.000000,Electronic business adoption by European firms: a cross-country assessment of the facilitators and inhibitors,2003,10.1057/palgrave.ejis.3000475,Eur. J. Inf. Syst.,,Zhu,backward,crossref,doi:10.1016/j.im.2014.03.006,0
doi:10.1057/palgrave.im.4340250,107,0.000000,"CRM in financial services: Are companies realising the benefits of CRM in practice, and how is the strategy being implemented in organisations?",2004,10.1057/palgrave.im.4340250,Interactive Marketing,article,"Winston, Janet",backward,openalex,doi:10.1057/dbm.2012.13,0
doi:10.1057/palgrave.im.4340253,108,0.000000,"CRM in financial services: Are companies realising the benefits of CRM in practice, and how is the strategy being implemented in organisations?",2004,10.1057/palgrave.im.4340253,Interactive Marketing,article,"Winston, Janet",backward,crossref|openalex,doi:10.1057/dbm.2012.13,0
doi:10.1057/palgrave.jdm.3240059,109,0.000000,‘I wouldn't start from here’: Finding a way in CRM projects,2001,10.1057/palgrave.jdm.3240059,Journal of Database Marketing & Customer Strategy Management,article,"Woodcock, Neil; Starkey, M.",backward,openalex,doi:10.1057/palgrave.jdm.3240121,0
doi:10.1057/palgrave.jdm.3240121,110,0.000000,Understanding why marketing does not use the corporate data warehouse for CRM applications,2003,10.1057/palgrave.jdm.3240121,Journal of Database Marketing & Customer Strategy Management,article,"Payton, Fay Cobb; Zahay, Debra",backward,openalex,doi:10.1057/palgrave.dbm.3250034,0
doi:10.1057/palgrave.jmm.5040171,111,0.000000,Salesforce automation in the UK pharmaceutical industry: Why is the strategic potential of these systems not being realised in practice?,2004,10.1057/palgrave.jmm.5040171,Journal of Medical Marketing Device Diagnostic and Pharmaceutical Marketing,article,"Donaldson, Bill; Wright, George",backward,crossref|openalex,doi:10.1016/j.indmarman.2014.06.013|doi:10.1111/j.1468-2370.2006.00128.x|doi:10.2753/mtp1069-6679190204,0
doi:10.1080/00207543.2018.1444806,112,0.000000,Industry 4.0: state of the art and future trends,2018,10.1080/00207543.2018.1444806,International Journal of Production Research,article,"Xu, Li Da; Xu, Eric; Li, Ling",backward,crossref|openalex,doi:10.1080/09537287.2019.1631468,0
doi:10.1080/0144929042000320027,113,0.000000,A hybrid technology acceptance approach for exploring e-CRM adoption in organizations,2005,10.1080/0144929042000320027,Behaviour and Information Technology,article,"Wu, I-L; Wu, K-W",backward,crossref|openalex,doi:10.1080/14783360701350961|doi:10.1108/02634500910955254,0
doi:10.1080/02642069700000032,114,0.000000,Justifying the Use of Portable Computer Technology by the Salesforce of a Large Insurance Company,1997,10.1080/02642069700000032,Service Industries Journal,article,"Johnson, David M.; Whitehorn, Mike",backward,crossref|openalex,doi:10.1016/j.indmarman.2004.09.019|doi:10.1108/08858620010335083,0
doi:10.1080/0267257x.2003.9728226,115,0.000000,"Transformation of the Traditional Salesforce: Imperatives for Intelligence, Interface and Integration",2003,10.1080/0267257x.2003.9728226,Journal of Marketing Management,article,"Piercy, Nigel F.; Lane, Nikala",backward,crossref|openalex,doi:10.1080/08853134.2018.1441718|doi:10.2753/pss0885-3134300202,0
doi:10.1080/0267257x.2003.9728240,116,0.000000,Assessing the Role of e-Marketing in Contemporary Marketing Practice,2003,10.1080/0267257x.2003.9728240,Journal of Marketing Management,article,"Coviello, Nicole; Brodie, Roderick J.; Brookes, Richard; Palmer, Roger",backward,crossref|openalex,doi:10.1002/dir.20071|doi:10.1300/j366v03n04_02,0
doi:10.1080/0308106042000273031,117,0.000000,Breakthrough innovations in intermodal freight transport,2004,10.1080/0308106042000273031,Transportation Planning and Technology,article,"Bontekoning, Yvonne; Priemus, Hugo",seed,seed,,0
doi:10.1080/07421222.2001.11045661,118,0.000000,Impact of Information Technology Management Practices on Customer Service,2001,10.1080/07421222.2001.11045661,Journal of Management Information Systems,article,"Karimi, Jahangir; Somers, Toni M.; Gupta, Yash P.",backward,crossref|openalex,doi:10.1016/j.im.2013.04.007|doi:10.1080/09652540701726793|doi:10.1080/14783360701350961,0
doi:10.1080/08853134.1985.10754394,119,0.000000,Microcomputer Systems to Handle Sales Leads: A Key to Increased Salesforce Productivity,2013,10.1080/08853134.1985.10754394,Journal of Personal Selling and Sales Management,article,"Collins, Robert H.",backward,openalex,doi:10.1007/bf02723403,0
doi:10.1080/08853134.1987.10754455,120,0.000000,Sales Force Automation - Here and Now,2013,10.1080/08853134.1987.10754455,Journal of Personal Selling and Sales Management,article,"Wedell, Al; Hempeck, Dale",backward,openalex,doi:10.1016/j.indmarman.2004.09.017|doi:10.1016/j.indmarman.2009.11.003|doi:10.1108/08858620710722824|doi:10.1111/j.1468-2370.2006.00128.x|doi:10.1509/jmkg.71.1.016|doi:10.1509/jmkg.71.1.16|doi:10.2753/pss0885-3134290203,0
doi:10.1080/08853134.1994.10753995,121,0.000000,<i>Sales Thchnology Applications</i> : The Impact of Electronic Data Interchange on the Sales Function,1994,10.1080/08853134.1994.10753995,Journal of Personal Selling and Sales Management,article,"Hill, Ned C.; Swenson, Michael J.",backward,crossref|openalex,doi:10.1080/08853134.2001.10754267|doi:10.1080/08853134.2002.10754306,0
doi:10.1080/08853134.1996.10754045,122,0.000000,"“Sales Technology Applications: Exploring Group Support Systems in Sales Management Applications,”",1996,10.1080/08853134.1996.10754045,Journal of Personal Selling & Sales Management,,Dishman Paul,backward,crossref,doi:10.1080/08853134.2001.10754267,0
doi:10.1080/08853134.1999.10754172,123,0.000000,<i>Sales Technology Applications</i> : The Acquisition and Use of Sales Force Automation by Mid-Sized Manufacturers,1999,10.1080/08853134.1999.10754172,Journal of Personal Selling and Sales Management,article,"Rivers, L. Mark; Dart, Jack",backward,crossref|openalex,doi:10.1016/j.indmarman.2004.09.011|doi:10.1016/j.indmarman.2004.09.012|doi:10.1016/j.indmarman.2004.09.014|doi:10.1016/j.indmarman.2004.09.015|doi:10.1016/j.indmarman.2004.09.016|doi:10.1016/j.indmarman.2004.09.017|doi:10.1016/j.indmarman.2004.09.019|doi:10.1016/j.indmarman.2004.09.021|doi:10.1016/j.indmarman.2014.06.013|doi:10.1016/j.jbusres.2004.07.010|doi:10.1016/j.technovation.2004.01.012|doi:10.1080/08853134.2001.10754267|doi:10.1080/08853134.2002.10754303|doi:10.1080/08853134.2002.10754306|doi:10.1080/08853134.2004.10749040|doi:10.1108/imds-11-2013-0480|doi:10.1108/jbim-01-2015-0001|doi:10.1300/j366v06n02_06|doi:10.2753/mtp1069-6679190204,0
doi:10.1080/08853134.2001.10754267,124,0.000000,An Exploratory Study of Sales Force Automation Practices: Expectations and Realities,2001,10.1080/08853134.2001.10754267,Journal of Personal Selling and Sales Management,article,"Erffmeyer, Robert C.; Johnson, Dale A.",backward,crossref|openalex,doi:10.1016/j.indmarman.2004.09.011|doi:10.1016/j.indmarman.2004.09.014|doi:10.1016/j.indmarman.2004.09.016|doi:10.1016/j.indmarman.2004.09.017|doi:10.1016/j.indmarman.2004.09.019|doi:10.1016/j.indmarman.2004.09.020|doi:10.1016/j.indmarman.2009.11.003|doi:10.1016/j.indmarman.2014.06.013|doi:10.1016/j.technovation.2004.01.012|doi:10.1080/08853134.2002.10754303|doi:10.1080/08853134.2002.10754306|doi:10.1080/08853134.2004.10749039|doi:10.1080/08853134.2004.10749040|doi:10.1080/08853134.2005.10749061|doi:10.1080/08853134.2013.870184|doi:10.1108/02634500410542752|doi:10.1108/08858620510576766|doi:10.1108/08858620710722824|doi:10.1108/jsit-09-2014-0068|doi:10.1111/j.1468-2370.2006.00128.x|doi:10.1300/j366v06n02_06|doi:10.19030/jabr.v20i3.2219,0
doi:10.1080/08853134.2002.10754303,125,0.000000,Factors Leading to Sales Force Automation Use: A Longitudinal Analysis,2002,10.1080/08853134.2002.10754303,Journal of Personal Selling and Sales Management,article,"Jones, Eli; Sundaram, Suresh; Chin, Wynne W.",backward,crossref|openalex,doi:10.1007/s11747-009-0157-x|doi:10.1016/j.bushor.2013.06.002|doi:10.1016/j.ijresmar.2007.09.003|doi:10.1016/j.indmarman.2004.09.012|doi:10.1016/j.indmarman.2004.09.013|doi:10.1016/j.indmarman.2004.09.015|doi:10.1016/j.indmarman.2004.09.016|doi:10.1016/j.indmarman.2004.09.017|doi:10.1016/j.indmarman.2004.09.019|doi:10.1016/j.indmarman.2004.09.020|doi:10.1016/j.indmarman.2004.09.021|doi:10.1016/j.indmarman.2005.10.002|doi:10.1016/j.indmarman.2009.11.003|doi:10.1016/j.indmarman.2009.12.010|doi:10.1016/j.indmarman.2014.06.013|doi:10.1016/j.indmarman.2015.12.002|doi:10.1016/j.jbusres.2007.04.007|doi:10.1080/08853134.2004.10749039|doi:10.1080/08853134.2004.10749040|doi:10.1080/08853134.2005.10749061|doi:10.1080/08853134.2005.10749068|doi:10.1108/08858620510576766|doi:10.1108/08858620710722824|doi:10.1108/jrim-04-2015-0027|doi:10.1108/jrim-12-2014-0075|doi:10.1300/j366v06n02_06|doi:10.2753/mtp1069-6679140101|doi:10.2753/mtp1069-6679190204|doi:10.2753/pss0885-3134330303,0
doi:10.1080/08853134.2002.10754306,126,0.000000,Infusing Technology into Personal Selling,2002,10.1080/08853134.2002.10754306,Journal of Personal Selling and Sales Management,article,"Widmier, Scott; Jackson, Donald W.; McCabe, Deborah Brown",backward,crossref|openalex,doi:10.1016/j.indmarman.2004.09.011|doi:10.1016/j.indmarman.2004.09.012|doi:10.1016/j.indmarman.2004.09.015|doi:10.1016/j.indmarman.2004.09.016|doi:10.1016/j.indmarman.2004.09.017|doi:10.1016/j.indmarman.2004.09.019|doi:10.1016/j.indmarman.2004.09.020|doi:10.1016/j.indmarman.2009.11.003|doi:10.1080/08853134.2004.10749040|doi:10.1080/08853134.2005.10749061|doi:10.1108/08858620510576766|doi:10.1108/08858620710722824|doi:10.1108/jbim-01-2015-0001|doi:10.1108/jrim-12-2014-0075|doi:10.2753/mtp1069-6679190204|doi:10.2753/pss0885-3134280205|doi:10.2753/pss0885-3134280401|doi:10.2753/pss0885-3134290203|doi:10.2753/pss0885-3134320305|doi:10.2753/pss0885-3134330303,0
doi:10.1080/08853134.2004.10749033,127,0.000000,"Sales Force Involvement in CRM Information Systems: Participation, Support, and Focus",2004,10.1080/08853134.2004.10749033,Journal of Personal Selling and Sales Management,article,"Pass, Michael W.; Evans, Kenneth R.; Schlacter, John L.",backward,crossref|openalex,doi:10.1016/j.indmarman.2013.08.005,0
doi:10.1080/08853134.2004.10749038,128,0.000000,Customer Relationship Management Implementation Gaps,2004,10.1080/08853134.2004.10749038,Journal of Personal Selling and Sales Management,article,"Zablah, Alex R.; Bellenger, Danny N.; Johnston, Wesley J.",backward,crossref|openalex,doi:10.1016/j.indmarman.2009.11.003|doi:10.1016/j.reimke.2015.07.001,0
doi:10.1080/08853134.2004.10749039,129,0.000000,Effect of Technology on Sales Performance: Progressing from Technology Acceptance to Technology Usage and Consequence,2004,10.1080/08853134.2004.10749039,Journal of Personal Selling and Sales Management,article,"Ahearne, Michael; Narasimhan, S.; Weinstein, Luke",backward,crossref|openalex,doi:10.1016/j.bushor.2013.06.002|doi:10.1016/j.ijresmar.2007.09.003|doi:10.1016/j.indmarman.2009.11.003|doi:10.1016/j.indmarman.2009.12.010|doi:10.1016/j.indmarman.2013.08.005|doi:10.1016/j.indmarman.2014.06.013|doi:10.1080/08853134.2013.870184|doi:10.1080/1051712x.2011.574252|doi:10.1108/jbim-01-2015-0001|doi:10.1108/jrim-04-2015-0027|doi:10.1108/jrim-12-2014-0075|doi:10.1111/j.1468-2370.2006.00128.x|doi:10.1300/j366v06n02_06|doi:10.2753/mtp1069-6679190204|doi:10.2753/pss0885-3134290203,0
doi:10.1080/08853134.2004.10749040,130,0.000000,Sales Force Automation and Sales Performance: Do Experience and Expertise Matter?,2004,10.1080/08853134.2004.10749040,Journal of Personal Selling and Sales Management,article,"Ko, Dong‐Gil; Dennis, Alan R.",backward,crossref|openalex,doi:10.1016/j.indmarman.2009.11.003|doi:10.1016/j.indmarman.2014.06.013|doi:10.1108/jbim-01-2015-0001|doi:10.1300/j366v06n02_06|doi:10.2753/mtp1069-6679190204|doi:10.2753/pss0885-3134320307,0
doi:10.1080/08853134.2005.10749057,131,0.000000,CRM in Sales-Intensive Organizations: A Review and Future Directions,2005,10.1080/08853134.2005.10749057,Journal of Personal Selling and Sales Management,article,"Tanner, John F.; Ahearne, Michael; Leigh, Thomas W.; Mason, Charlotte H.; Moncrief, William C.",backward,crossref|openalex,doi:10.1016/j.ijresmar.2007.09.003|doi:10.1016/j.im.2012.09.005|doi:10.1016/j.indmarman.2013.08.005|doi:10.1080/08853134.2004.10749039|doi:10.1080/08853134.2017.1386110|doi:10.1080/1051712x.2011.574252|doi:10.1108/ijrdm-11-2014-0159|doi:10.1108/jrim-12-2014-0075|doi:10.2753/mtp1069-6679190204,0
doi:10.1080/08853134.2005.10749061,132,0.000000,A Compendium of Sales-Related Literature in Customer Relationship Management: Processes and Technologies with Managerial Implications,2005,10.1080/08853134.2005.10749061,Journal of Personal Selling and Sales Management,article,"Landry, Timothy D.; Arnold, Todd J.; Arndt, Aaron D.",backward,crossref|openalex,doi:10.1016/j.indmarman.2009.11.003|doi:10.1108/jsit-09-2014-0068|doi:10.2753/mtp1069-6679190204,0
doi:10.1080/08853134.2005.10749068,133,0.000000,"Enhancing Customer-Needs–Driven CRM Strategies: Core Selling Teams, Knowledge Management Competence, and Relationship Marketing Competence",2005,10.1080/08853134.2005.10749068,Journal of Personal Selling and Sales Management,article,"Arnett, Dennis B.; Badrinarayanan, Vishag",backward,openalex,doi:10.2753/pss0885-3134290202,0
doi:10.1080/08853134.2013.870184,134,0.000000,Examining impacts of technostress on the professional salesperson's behavioural performance,2014,10.1080/08853134.2013.870184,Journal of Personal Selling and Sales Management,article,"Tarafdar, Monideepa; Pullins, Ellen Bolman; Ragu‐Nathan, T. S.",backward,crossref|openalex,doi:10.1108/jbim-01-2015-0001,0
doi:10.1080/08853134.2017.1352449,135,0.000000,Macro sales force research,2017,10.1080/08853134.2017.1352449,Journal of Personal Selling and Sales Management,article,"Cron, William L.",backward,crossref|openalex,doi:10.1080/08853134.2018.1557525,0
doi:10.1080/08853134.2017.1386110,136,0.000000,Are sales as we know it dying … or merely transforming?,2017,10.1080/08853134.2017.1386110,Journal of Personal Selling and Sales Management,article,"Moncrief, William C.",backward,openalex,doi:10.7903/cmr.19970,0
doi:10.1080/08853134.2018.1441718,137,0.000000,Hybrid sales structures in the age of e-commerce,2018,10.1080/08853134.2018.1441718,Journal of Personal Selling and Sales Management,article,"Thaichon, Park; Surachartkumtonkun, Jiraporn; Quach, Sara; Weaven, Scott; Palmatier, Robert W.",backward,crossref|openalex,doi:10.1080/08853134.2018.1557525,0
doi:10.1080/08853134.2018.1557525,138,0.000000,"Sales profession and professionals in the age of digitization and artificial intelligence technologies: concepts, priorities, and questions",2019,10.1080/08853134.2018.1557525,Journal of Personal Selling and Sales Management,article,"Singh, Jagdip; Flaherty, Karen; Sohi, Ravipreet S.; Deeter‐Schmelz, Dawn R.; Habel, Johannes; Meunier‐FitzHugh, Kenneth Le; Malshe, Avinash; Mullins, Ryan; Onyemah, Vincent",backward,crossref|openalex,doi:10.1007/s11747-019-00696-0|doi:10.1016/j.bushor.2020.01.003|doi:10.1108/jbim-10-2018-0295,0
doi:10.1080/08874417.2001.11647013,139,0.000000,Customer Relationship Management: An Analysis Framework and Implementation Strategies,2001,10.1080/08874417.2001.11647013,Journal of Computer Information Systems,article,"Ling, Raymond Rihao; Yen, David C.",backward,crossref|openalex,doi:10.1016/j.jbusres.2006.05.011|doi:10.1080/09652540701726793|doi:10.1080/14783360701350961|doi:10.1108/14637150710721177,0
doi:10.1080/08874417.2007.11645991,140,0.000000,"User Assessment of Personal Digital Assistants Used in Pharmaceutical Detailing: System Features, Usefulness and Ease of Use",2007,10.1080/08874417.2007.11645991,Journal of Computer Information Systems,article,"Shim, Sung J.; Viswanathan, Viswa",backward,crossref|openalex,doi:10.1016/j.indmarman.2014.06.013,0
doi:10.1080/08956308.2018.1495962,141,0.000000,Substitute or Synthesis: The Interplay between Human and Artificial Intelligence,2018,10.1080/08956308.2018.1495962,Research-Technology Management,article,"Lichtenthaler, Ulrich",backward,crossref|openalex,doi:10.1177/1350508419855714,0
doi:10.1080/08985620500096711,142,0.000000,Are Scottish firms meeting the ICT challenge? Results from a National Survey of Enterprise,2005,10.1080/08985620500096711,Entrepreneurship and Regional Development,article,"Haugh, Helen; Robson, Paul",backward,crossref|openalex,doi:10.1177/0266242609102276,0
doi:10.1080/09537287.2019.1631458,143,0.000000,Business intelligence and analytics value creation in Industry 4.0: a multiple case study in manufacturing medium enterprises,2019,10.1080/09537287.2019.1631458,Production Planning & Control,article,"Bordeleau, Fanny-Ève; Mosconi, Elaine; Santa-Eulália, Luis Antonio de",backward,crossref|openalex,doi:10.1007/s10479-020-03683-9,0
doi:10.1080/09537287.2019.1631468,144,0.000000,Moving towards digitalization: a multiple case study in manufacturing,2019,10.1080/09537287.2019.1631468,Production Planning & Control,article,"Zangiacomi, Andrea; Pessot, Elena; Fornasiero, Rosanna; Bertetti, Massimiliano; Sacco, Marco",backward,crossref|openalex,doi:10.1007/s10479-020-03683-9,0
doi:10.1080/09652540701726793,145,0.000000,The strategic value of CRM: a technology adoption perspective,2007,10.1080/09652540701726793,Journal of Strategic Marketing,article,"Richard, James; Thirkell, Peter; Huff, Sid L.",backward,crossref|openalex,doi:10.1108/14637151211232641|doi:10.1108/jsbed-01-2012-0013,0
doi:10.1080/09652540802619301,146,0.000000,Customer relationship management strategic application and organizational effectiveness: an empirical investigation,2009,10.1080/09652540802619301,Journal of Strategic Marketing,article,"Elmuti, Dean; Jia, Heather H.; Gray, Dane",backward,crossref|openalex,doi:10.1108/jeim-11-2012-0078|doi:10.1108/jsbed-01-2012-0013,0
doi:10.1080/0965254x.2013.876069,147,0.000000,CRM to social CRM: the integration of new technologies into customer relationship management,2014,10.1080/0965254x.2013.876069,Journal of Strategic Marketing,article,"Choudhury, Musfiq Mannan; Harrigan, Paul",backward,crossref|openalex,doi:10.1016/j.indmarman.2019.12.005|doi:10.1016/j.indmarman.2021.08.006|doi:10.1108/jibr-09-2019-0284,0
doi:10.1080/1051712x.2011.574252,148,0.000000,Customer Relationship Management (CRM)'s Impact on B to B Sales Professionals' Collaboration and Sales Performance,2011,10.1080/1051712x.2011.574252,Journal of Business-to-Business Marketing,article,"Rodríguez, Michael; Honeycutt, Earl D.",backward,crossref|openalex,doi:10.1108/jbim-01-2015-0001|doi:10.1108/jrim-12-2014-0075,0
doi:10.1080/10696679.2002.11501915,149,0.000000,The Impacts of Computer Use on Marketing Operations,2002,10.1080/10696679.2002.11501915,The Journal of Marketing Theory and Practice,article,"Stone, Robert W.; Good, David J.",backward,crossref|openalex,doi:10.1016/j.indmarman.2005.10.002,0
doi:10.1080/12460125.2016.1187403,150,0.000000,Introducing data driven practices into sales environments: examining the impact of data visualisation on user engagement and sales results,2016,10.1080/12460125.2016.1187403,Journal of Decision System,article,"Magee, Barry; Sammon, David; Nagle, Tadhg; O’Raghallaigh, Paidi",backward,openalex,doi:10.1515/itms-2017-0018,0
doi:10.1080/12460125.2018.1468697,151,0.000000,Challenges for digital transformation – towards a conceptual decision support guide for managers,2018,10.1080/12460125.2018.1468697,Journal of Decision System,article,"Heavin, Ciara; Power, Daniel",backward,crossref|openalex,doi:10.1080/09537287.2019.1631468,0
doi:10.1080/14783360701350961,152,0.000000,An Examination of Customer Relationship Management (CRM) Technology Adoption and its Impact on Business-to-Business Customer Relationships,2007,10.1080/14783360701350961,Total Quality Management & Business Excellence,article,"Richard, James; Thirkell, Peter; Huff, Sid L.",backward,openalex,doi:10.1504/ijecrm.2008.019570,0
doi:10.1080/15332667.2019.1664870,153,0.000000,Adoption of Ubiquitous Customer Relationship Management (uCRM) in Enterprise: Leadership Support and Technological Competence as Moderators,2019,10.1080/15332667.2019.1664870,Journal of Relationship Marketing,article,"Chatterjee, Sheshadri; Ghosh, Soumya K.; Chaudhuri, Ranjan",backward,crossref|openalex,doi:10.1108/bl-08-2020-0057,0
doi:10.1080/713775725,154,0.000000,Customer relationship management in financial services: towards information-enabled relationship marketing,2001,10.1080/713775725,Journal of Strategic Marketing,article,"Ryals, Lynette; Payne, Adrian",backward,crossref|openalex,doi:10.1016/j.indmarman.2019.12.005|doi:10.1080/08853134.2004.10749038|doi:10.1080/09652540701726793|doi:10.1108/14637150710721177,0
doi:10.1086/705716,155,0.000000,Robots and Jobs: Evidence from US Labor Markets,2019,10.1086/705716,Journal of Political Economy,article,"Acemoğlu, Daron; Restrepo, Pascual",backward,openalex,doi:10.1016/j.tourman.2019.02.006,0
doi:10.1108/00251749910302854,156,0.000000,The impact of IT on marketing: an evaluation,1999,10.1108/00251749910302854,Management Decision,article,"Brady, Mairead; Saren, Michael; Tzokas, Nikolaos",backward,crossref|openalex,doi:10.1016/j.technovation.2004.01.012,0
doi:10.1108/01443570010339172,157,0.000000,Impact of business type upon the adoption of quick response technologies – The apparel industry experience,2000,10.1108/01443570010339172,International Journal of Operations & Production Management,article,"Ko, Eunju; Kincade, Doris H.; Brown, James R.",backward,crossref|openalex,doi:10.1016/j.jbusres.2006.05.011,0
doi:10.1108/02634500010308549,158,0.000000,Beyond relationship marketing: technologicalship marketing,2000,10.1108/02634500010308549,Marketing Intelligence & Planning,article,"Zineldin, Mosad",backward,crossref|openalex,doi:10.1108/02634500410542752,0
doi:10.1108/02634500410542752,159,0.000000,Technology integration,2004,10.1108/02634500410542752,Marketing Intelligence & Planning,article,"Larpsiri, Ravipa; Speece, Mark",backward,crossref|openalex,doi:10.1111/j.1468-2370.2006.00128.x,0
doi:10.1108/02634500910955254,160,0.000000,The adoption of techno‐relationship innovations,2009,10.1108/02634500910955254,Marketing Intelligence & Planning,article,"Sophonthummapharn, Kittipong",backward,crossref|openalex,doi:10.1108/jeim-11-2012-0078|doi:10.1108/jsbed-01-2012-0013,0
doi:10.1108/02634509010002035,161,0.000000,Using IT in Marketing: Some Evidence from the InsuranceIndustry,1990,10.1108/02634509010002035,Marketing Intelligence & Planning,article,"Watkins, Trevor",backward,openalex,doi:10.1080/02642069700000032,0
doi:10.1108/02635570210445871,162,0.000000,Adopting customer relationship management technology,2002,10.1108/02635570210445871,Industrial Management & Data Systems,article,"Xu, Yurong; Yen, David C.; Lin, Binshan; Chou, David C.",backward,crossref|openalex,doi:10.1016/j.indmarman.2004.09.017|doi:10.1016/j.jbusres.2006.05.011|doi:10.1016/j.reimke.2015.07.001|doi:10.1108/jsit-09-2014-0068,0
doi:10.1108/03090569310039705,163,0.000000,An Integrated Model of Organizational Adoption andDiffusion of Innovations,1993,10.1108/03090569310039705,European Journal of Marketing,article,"Frambach, R.T.",backward,crossref|openalex,doi:10.1016/j.indmarman.2005.10.002|doi:10.1016/s0737-6782(98)00044-7|doi:10.1080/09652540701726793|doi:10.1111/1540-5885.1630295|doi:10.17705/1cais.01430,0
doi:10.1108/08858620010311548,164,0.000000,The impact of computerization on marketing performance,2000,10.1108/08858620010311548,Journal of Business and Industrial Marketing,article,"Good, David J.; Stone, Robert W.",backward,crossref|openalex,doi:10.1016/j.indmarman.2004.09.020|doi:10.1016/j.indmarman.2005.10.002|doi:10.1016/j.technovation.2004.01.012|doi:10.1080/10696679.2002.11501915|doi:10.1108/08858620710722824,0
doi:10.1108/08858620010335083,165,0.000000,"Sales force automation usage, effectiveness, and cost‐benefit in Germany, England and the United States",2000,10.1108/08858620010335083,Journal of Business and Industrial Marketing,article,"Engle, Robert L.; Barnes, Michael L.",backward,crossref|openalex,doi:10.1016/j.indmarman.2004.09.014|doi:10.1016/j.indmarman.2004.09.015|doi:10.1016/j.indmarman.2004.09.017|doi:10.1016/j.indmarman.2004.09.019|doi:10.1016/j.technovation.2004.01.012|doi:10.1057/palgrave.dbm.3250034|doi:10.1080/08853134.2004.10749039|doi:10.1080/08853134.2004.10749040|doi:10.1080/08853134.2005.10749061|doi:10.1080/08874417.2007.11645991|doi:10.1108/02634500410542752|doi:10.1108/08858620510576766|doi:10.1108/08858620710722824|doi:10.1108/jbim-01-2015-0001|doi:10.1111/j.1468-2370.2006.00128.x|doi:10.1504/ijmc.2005.007025|doi:10.1504/ijmc.2007.011488|doi:10.19030/jabr.v20i3.2219|doi:10.2753/mtp1069-6679190204|doi:10.2753/pss0885-3134280401|doi:10.2753/pss0885-3134290203|doi:10.2753/pss0885-3134320307,0
doi:10.1108/08858620510576766,166,0.000000,"Salesforce automation, perceived information accuracy and user satisfaction",2005,10.1108/08858620510576766,Journal of Business and Industrial Marketing,article,"Gohmann, Stephan F.; Barker, Robert M.; Faulds, David J.; Guan, Jian",backward,crossref|openalex,doi:10.1016/j.indmarman.2004.09.014|doi:10.1300/j366v06n02_06,0
doi:10.1108/08858620710722824,167,0.000000,The extent of technology usage and salespeople: an exploratory investigation,2007,10.1108/08858620710722824,Journal of Business and Industrial Marketing,article,"Sénécal, Sylvain; Pullins, Ellen Bolman; Buehrer, Richard E.",backward,crossref|openalex,doi:10.1080/08853134.2013.870184|doi:10.1108/jbim-01-2015-0001,0
doi:10.1108/08858629710188036,168,0.000000,Salesforce automation and the adoption of technological innovations by salespeople: theory and implications,1997,10.1108/08858629710188036,Journal of Business and Industrial Marketing,article,"Parthasarathy, Madhavan; Sohi, Ravipreet S.",backward,crossref|openalex,doi:10.1007/978-3-319-10951-0_231|doi:10.1016/j.indmarman.2004.09.012|doi:10.1016/j.indmarman.2004.09.013|doi:10.1016/j.indmarman.2004.09.015|doi:10.1016/j.indmarman.2004.09.016|doi:10.1016/j.indmarman.2004.09.017|doi:10.1016/j.indmarman.2004.09.019|doi:10.1016/j.indmarman.2004.09.020|doi:10.1016/j.indmarman.2009.11.003|doi:10.1016/j.indmarman.2009.12.010|doi:10.1016/j.indmarman.2013.08.005|doi:10.1016/j.indmarman.2014.06.013|doi:10.1016/j.indmarman.2015.12.002|doi:10.1016/j.jbusres.2004.07.010|doi:10.1016/j.technovation.2004.01.012|doi:10.1016/s0148-2963(00)00159-4|doi:10.1080/08853134.2001.10754267|doi:10.1080/08853134.2002.10754303|doi:10.1080/08853134.2002.10754306|doi:10.1080/08853134.2004.10749033|doi:10.1080/08853134.2004.10749038|doi:10.1080/08853134.2004.10749039|doi:10.1108/02634500410542752|doi:10.1108/08858620010335083|doi:10.1108/08858620510576766|doi:10.1108/08858620710722824|doi:10.1108/jsit-09-2014-0068|doi:10.1111/j.1468-2370.2006.00128.x|doi:10.1300/j366v06n02_06|doi:10.1504/ijmc.2005.007025|doi:10.1504/ijmc.2007.011488|doi:10.19030/jabr.v20i3.2219|doi:10.2753/mtp1069-6679140101|doi:10.2753/mtp1069-6679190204|doi:10.2753/pss0885-3134280401|doi:10.2753/pss0885-3134290203|doi:10.2753/pss0885-3134330303,0
doi:10.1108/08858629710188045,169,0.000000,"Salesforce automation issues prior to implementation: the relationship between attitudes toward technology, experience and productivity",1997,10.1108/08858629710188045,Journal of Business and Industrial Marketing,article,"Keillor, Bruce D.; Bashaw, R. Edward; Pettijohn, Charles E.",backward,crossref|openalex,doi:10.1007/978-3-319-10951-0_231|doi:10.1007/978-3-319-11927-4_62|doi:10.1016/j.ijresmar.2007.09.003|doi:10.1016/j.indmarman.2004.09.011|doi:10.1016/j.indmarman.2004.09.012|doi:10.1016/j.indmarman.2004.09.014|doi:10.1016/j.indmarman.2004.09.015|doi:10.1016/j.indmarman.2004.09.016|doi:10.1016/j.indmarman.2004.09.017|doi:10.1016/j.indmarman.2004.09.019|doi:10.1016/j.indmarman.2004.09.020|doi:10.1016/j.indmarman.2004.09.021|doi:10.1016/j.indmarman.2009.11.003|doi:10.1016/j.indmarman.2009.12.010|doi:10.1016/j.jbusres.2004.07.010|doi:10.1016/j.technovation.2004.01.012|doi:10.1016/s0148-2963(00)00159-4|doi:10.1080/08853134.2001.10754267|doi:10.1080/08853134.2002.10754303|doi:10.1080/08853134.2002.10754306|doi:10.1080/08853134.2004.10749040|doi:10.1080/08874417.2007.11645991|doi:10.1108/02634500410542752|doi:10.1108/08858620010335083|doi:10.1108/08858620510576766|doi:10.1108/08858620710722824|doi:10.1108/jsit-09-2014-0068|doi:10.1111/j.1468-2370.2006.00128.x|doi:10.19030/jabr.v20i3.2219|doi:10.2753/mtp1069-6679140101|doi:10.2753/pss0885-3134280205|doi:10.2753/pss0885-3134280401|doi:10.2753/pss0885-3134290203|doi:10.2753/pss0885-3134330303,0
doi:10.1108/10878571111161507,170,0.000000,From social media to social customer relationship management,2011,10.1108/10878571111161507,Strategy and Leadership,article,"Baird, Carolyn Heller; Parasnis, Gautam",backward,crossref|openalex,doi:10.1016/j.indmarman.2017.06.012|doi:10.1080/0965254x.2013.876069,0
doi:10.1108/13522750210443191,171,0.000000,Customer relationship management systems: implementation risks and relationship dynamics,2002,10.1108/13522750210443191,Qualitative Market Research An International Journal,article,"Corner, Ian; Hinton, Matthew",backward,crossref|openalex,doi:10.1080/09652540701726793,0
doi:10.1108/14637150210428934,172,0.000000,Ubiquitous organization: organizational design for e‐CRM,2002,10.1108/14637150210428934,Business Process Management Journal,article,"Kotorov, Radoslav P.",backward,openalex,oa:W1583056480,0
doi:10.1108/14637150310496703,173,0.000000,Strategic issues in customer relationship management (CRM) implementation,2003,10.1108/14637150310496703,Business Process Management Journal,article,"Bull, Christopher",backward,crossref|openalex,doi:10.1016/j.indmarman.2021.08.006|doi:10.1057/palgrave.dbm.3250034|doi:10.1108/14637150710721177|doi:10.1108/jeim-11-2012-0078|doi:10.1108/jsbed-01-2012-0013,0
doi:10.1108/14637150710721177,174,0.000000,An exploratory study of implementation of customer relationship management strategy,2007,10.1108/14637150710721177,Business Process Management Journal,article,"Osarenkhoe, Aihie; Bennani, Az‐Eddine",backward,crossref|openalex,doi:10.1080/09652540802619301,0
doi:10.1108/14637151211232641,175,0.000000,Adoption of CRM technology in multichannel environment: a review (2006‐2010),2012,10.1108/14637151211232641,Business Process Management Journal,article,"Awasthi, Preety; Sangle, Purnima S.",backward,crossref|openalex,doi:10.1108/bl-02-2019-0069,0
doi:10.1108/17410380810888094,176,0.000000,Integrated production machines and systems – beyond lean manufacturing,2008,10.1108/17410380810888094,Journal of Manufacturing Technology Management,article,"Pham, Duc Truong; Pham, P. T. N.; Thomas, Andrew",seed,seed,,0
doi:10.1108/17557501111132136,177,0.000000,The impact of technology on evolving roles of salespeople,2011,10.1108/17557501111132136,Journal of Historical Research in Marketing,article,"Christ, Paul; Anderson, Rolph E.",backward,crossref|openalex,doi:10.1016/j.indmarman.2015.12.002|doi:10.2753/pss0885-3134320305,0
doi:10.1108/bl-02-2019-0069,178,0.000000,Are CRM systems ready for AI integration?,2019,10.1108/bl-02-2019-0069,The Bottom Line Managing Library Finances,article,"Chatterjee, Sheshadri; Ghosh, Soumya K.; Chaudhuri, Ranjan; Nguyen, Bang",backward,crossref|openalex,doi:10.1108/bl-08-2020-0057|doi:10.1108/bpmj-05-2019-0183,0
doi:10.1108/bl-03-2020-0022,179,0.000000,Artificial intelligence (AI) in strategic marketing decision-making: a research agenda,2020,10.1108/bl-03-2020-0022,The Bottom Line Managing Library Finances,article,"Stone, Merlin; Aravopoulou, Eleni; Ekinci, Yüksel; Evans, Geraint; Hobbs, Matt; Labib, Ashraf; Laughlin, Paul; Machtynger, Jon; Machtynger, Liz",backward,crossref|openalex,doi:10.1108/bl-08-2020-0057,0
doi:10.1108/bl-08-2017-0024,180,0.000000,How platforms are transforming customer information management,2017,10.1108/bl-08-2017-0024,The Bottom Line Managing Library Finances,article,"Stone, Merlin; Aravopoulou, Eleni; Gerardi, Gherardo; Todeva, Emanuela; Weinzierl, Luisa; Laughlin, Paul; Stott, Ryan",backward,crossref|openalex,doi:10.1108/bl-03-2020-0022|doi:10.1108/bpmj-05-2019-0183,0
doi:10.1108/bl-08-2020-0057,181,0.000000,Adoption of artificial intelligence integrated CRM system: an empirical study of Indian organizations,2020,10.1108/bl-08-2020-0057,The Bottom Line Managing Library Finances,article,"Chatterjee, Sheshadri; Nguyen, Bang; Ghosh, Soumya K.; Bhattacharjee, Kalyan Kumar; Chaudhuri, Sumana",backward,crossref|openalex,doi:10.1016/j.indmarman.2021.08.006,0
doi:10.1108/bpmj-05-2019-0183,182,0.000000,Knowledge management in improving business process: an interpretative framework for successful implementation of AI–CRM–KM system in organizations,2020,10.1108/bpmj-05-2019-0183,Business Process Management Journal,article,"Chatterjee, Sheshadri; Ghosh, Soumya K.; Chaudhuri, Ranjan",backward,crossref|openalex,doi:10.1108/bl-08-2020-0057,0
doi:10.1108/ics-02-2019-0029,183,0.000000,Adoption of AI-integrated CRM system by Indian industry: from security and privacy perspective,2020,10.1108/ics-02-2019-0029,Information and Computer Security,article,"Chatterjee, Sheshadri; Ghosh, Soumya K.; Chaudhuri, Ranjan; Chaudhuri, Sumana",backward,crossref|openalex,doi:10.1108/bl-08-2020-0057,0
doi:10.1108/ijrdm-11-2014-0159,184,0.000000,The multi-channel impact on the sales forces management.,2016,10.1108/ijrdm-11-2014-0159,International Journal of Retail & Distribution Management,article,"Lapoule, Paul; Colla, Enrico",backward,crossref|openalex,doi:10.1080/08853134.2018.1441718,0
doi:10.1108/imds-11-2013-0480,185,0.000000,Intention to use mobile customer relationship management systems,2014,10.1108/imds-11-2013-0480,Industrial Management & Data Systems,article,"Karjaluoto, Heikki; Töllinen, Aarne; Pirttiniemi, Janne; Jayawardhena, Chanaka",backward,crossref|openalex,doi:10.1108/jbim-02-2016-0025|doi:10.1108/jsit-09-2014-0068,0
doi:10.1108/jbim-01-2015-0001,186,0.000000,The influence of sales force technology use on outcome performance,2015,10.1108/jbim-01-2015-0001,Journal of Business and Industrial Marketing,article,"Román, Sergio; Rodríguez, Rocío",backward,crossref|openalex,doi:10.1016/j.indmarman.2015.12.002,0
doi:10.1108/jbim-02-2016-0025,187,0.000000,Fostering partner relationship management in B2B ecosystems of electronic media,2017,10.1108/jbim-02-2016-0025,Journal of Business and Industrial Marketing,article,"Barać, Dušan; Ratković-Živanović, Vanjica; Labus, Milica; Milinovic, Suzana; Лабус, Александра",backward,crossref|openalex,doi:10.1016/j.indmarman.2021.08.006,0
doi:10.1108/jbim-09-2019-0407,188,0.000000,Enhancing customer-linking marketing capabilities using marketing analytics,2020,10.1108/jbim-09-2019-0407,Journal of Business and Industrial Marketing,article,"Cao, Guangming; Tian, Na",backward,crossref|openalex,doi:10.1016/j.indmarman.2021.08.006,0
doi:10.1108/jbim-10-2018-0295,189,0.000000,Artificial intelligence (AI) and its implications for market knowledge in B2B marketing,2019,10.1108/jbim-10-2018-0295,Journal of Business and Industrial Marketing,article,"Paschen, Jeannette; Kietzmann, Jan; Kietzmann, Tim C.",backward,crossref|openalex,doi:10.1016/j.bushor.2020.01.003|doi:10.1016/j.indmarman.2021.08.006|doi:10.1108/tqm-12-2019-0303,0
doi:10.1108/jeim-11-2012-0078,190,0.000000,Understanding customer relationship management technology adoption in small and medium-sized enterprises,2014,10.1108/jeim-11-2012-0078,Journal of Enterprise Information Management,article,"Newby, Michael; Nguyen, ThuyUyen H.; Waring, Teresa",backward,crossref|openalex,doi:10.1108/bl-02-2019-0069,0
doi:10.1108/jibr-09-2019-0284,191,0.000000,Implementation and adoption of CRM and co-creation leveraging collaborative technologies,2020,10.1108/jibr-09-2019-0284,Journal of Indian Business Research,article,"Dubey, Neeraj; Sharma, Preeti; Sangle, Purnima S.",backward,crossref|openalex,doi:10.1016/j.indmarman.2021.08.006,0
doi:10.1108/josm-04-2018-0119,192,0.000000,Brave new world: service robots in the frontline,2018,10.1108/josm-04-2018-0119,Journal of service management,article,"Wirtz, Jochen; Patterson, Paul G.; Kunz, Werner H.; Gruber, Thorsten; Lu, Vinh Nhat; Paluch, Stefanie; Martins, Antje",backward,crossref|openalex,doi:10.1007/s11747-019-00696-0,0
doi:10.1108/jrim-04-2015-0027,193,0.000000,Exploring buyer-seller dyadic perceptions of technology and relationships,2016,10.1108/jrim-04-2015-0027,Journal of Research in Interactive Marketing,article,"Rocco, Richard A.; Bush, Alan J.",backward,crossref|openalex,doi:10.1080/08853134.2018.1441718|doi:10.1108/jrim-12-2015-0094,0
doi:10.1108/jrim-12-2014-0075,194,0.000000,A conceptual model of the drivers and outcomes of mobile CRM application adoption,2016,10.1108/jrim-12-2014-0075,Journal of Research in Interactive Marketing,article,"Rodríguez, Michael; Trainor, Kevin J.",backward,crossref|openalex,doi:10.1108/jrim-12-2015-0094,0
doi:10.1108/jrim-12-2015-0094,195,0.000000,Omni-channel research framework in the context of personal selling and sales management,2016,10.1108/jrim-12-2015-0094,Journal of Research in Interactive Marketing,article,"Cummins, Shannon; Peltier, James W.; Dixon, Andrea L.",backward,crossref|openalex,doi:10.1080/08853134.2018.1441718,0
doi:10.1108/jsbed-01-2012-0013,196,0.000000,The adoption of customer relationship management (CRM) technology in SMEs,2013,10.1108/jsbed-01-2012-0013,Journal of Small Business and Enterprise Development,article,"Nguyen, ThuyUyen H.; Waring, Teresa",backward,crossref|openalex,doi:10.1016/j.reimke.2015.07.001|doi:10.1108/bl-02-2019-0069,0
doi:10.1108/jsit-06-2014-0044,197,0.000000,CRM in the digital age: implementation of CRM in three contemporary B2B firms,2015,10.1108/jsit-06-2014-0044,Journal of Systems and Information Technology,article,"Lipiäinen, Heini",backward,crossref|openalex,doi:10.1016/j.indmarman.2021.08.006,0
doi:10.1108/jsit-09-2014-0068,198,0.000000,Barriers to the use of mobile sales force automation systems: a salesperson’s perspective,2015,10.1108/jsit-09-2014-0068,Journal of Systems and Information Technology,article,"Sinisalo, Jaakko; Karjaluoto, Heikki; Saraniemi, Saila",backward,crossref|openalex,doi:10.1108/jrim-12-2014-0075,0
doi:10.1108/sl-09-2017-0089,199,0.000000,Machine reengineering: robots and people working smarter together,2017,10.1108/sl-09-2017-0089,Strategy and Leadership,article,"Shukla, Prashant; Wilson, H. James; Alter, Allan; Lavieri, David",backward,crossref|openalex,doi:10.1142/s0219877020500042,0
doi:10.1108/tqm-12-2019-0303,200,0.000000,"Think with me, or think for me? On the future role of artificial intelligence in marketing strategy formulation",2020,10.1108/tqm-12-2019-0303,The TQM Journal,article,"Eriksson, Theresa; Bigi, Alessandro; Bonera, Michelle",backward,crossref|openalex,doi:10.1007/s10479-020-03683-9|doi:10.1155/2022/7796507,0
doi:10.1109/maes.2018.170110,201,0.000000,The consequences of artificial intelligence and deep learning in a world of persuasive business models,2018,10.1109/maes.2018.170110,IEEE Aerospace and Electronic Systems Magazine,article,"Valter, Per; Lindgren, Peter; Prasad, Ramjee",backward,crossref|openalex,doi:10.1007/s11277-018-5612-x,0
doi:10.1111/1540-5885.1630295,202,0.000000,"Implementation of Industrial Process Innovations: Factors, Effects, and Marketing Implications",1999,10.1111/1540-5885.1630295,Journal of Product Innovation Management,article,"Meyers, Patricia W.; Sivakumar, K.; Nakata, Cheryl",backward,crossref|openalex,doi:10.1080/08853134.2004.10749038,0
doi:10.1111/1540-5885.920148,203,0.000000,Measuring Technology Incorporation/Infusion,1992,10.1111/1540-5885.920148,Journal of Product Innovation Management,article,"Zmud, Robert W.; Apple, L. Eugene",backward,crossref|openalex,doi:10.1080/08853134.2002.10754303,0
doi:10.1111/j.1468-2370.2006.00128.x,204,0.000000,"Sales force automation: review, critique, research agenda",2006,10.1111/j.1468-2370.2006.00128.x,International Journal of Management Reviews,article,"Buttle, Francis; Ang, Lawrence; Iriana, Reiny",backward,crossref|openalex,doi:10.1007/978-3-319-10951-0_231|doi:10.1080/08853134.2018.1557525|doi:10.1108/imds-11-2013-0480|doi:10.1108/jrim-04-2015-0027|doi:10.1108/jrim-12-2014-0075|doi:10.1108/jsit-09-2014-0068|doi:10.2753/mtp1069-6679190204|doi:10.2753/pss0885-3134290203|doi:10.2753/pss0885-3134300205,0
doi:10.1111/j.1936-4490.2003.tb00303.x,205,0.000000,Critical Success Factors of CRM Technological Initiatives,2003,10.1111/j.1936-4490.2003.tb00303.x,Canadian Journal of Administrative Sciences / Revue Canadienne des Sciences de l Administration,article,"Croteau, Anne‐Marie; Li, Peter",backward,crossref|openalex,doi:10.1016/j.ijresmar.2009.03.006|doi:10.1016/j.indmarman.2007.02.005|doi:10.1016/j.reimke.2015.07.001|doi:10.1080/09652540701726793|doi:10.1108/14637150710721177,0
doi:10.1142/s0219877020500042,206,0.000000,Building Blocks of Successful Digital Transformation: Complementing Technology and Market Issues,2019,10.1142/s0219877020500042,International Journal of Innovation and Technology Management,article,"Lichtenthaler, Ulrich",backward,crossref|openalex,doi:10.1155/2022/7796507,0
doi:10.1142/s1363919616400144,207,0.000000,THE INFLUENCE OF THE INDUSTRIAL INTERNET OF THINGS ON BUSINESS MODEL DESIGN: A QUALITATIVE-EMPIRICAL ANALYSIS,2016,10.1142/s1363919616400144,International Journal of Innovation Management,article,"Laudien, Sven M.; Daxböck, Birgit",backward,crossref|openalex,doi:10.1007/s11846-018-0283-2,0
doi:10.1145/3056540.3076192,208,0.000000,Bridging the Skills Gap of Workers in Industry 4.0 by Human Performance Augmentation Tools,2017,10.1145/3056540.3076192,,conference-paper,"Ras, Eric; Wild, Fridolin; Stahl, Christoph; Baudet, Alexandre",seed,seed,,0
doi:10.1155/2022/7796507,209,0.000000,Future of Business Culture: An Artificial Intelligence‐Driven Digital Framework for Organization Decision‐Making Process,2022,10.1155/2022/7796507,Complexity,article,"Rajagopal, Navaneetha Krishnan; Qureshi, Naila Iqbal; Durga, S.; Ramirez-Asís, Edwin; Huerta-Soto, Rosario; Gupta, Shashi Kant; Deepak, Sukheja",seed,seed,,0
doi:10.11648/j.ebm.20180402.12,210,0.000000,Business Process Innovation with Artificial Intelligence: Levering Benefits and Controlling Operational Risks,2018,10.11648/j.ebm.20180402.12,European Business & Management,article,"Koehler, Jana",backward,openalex,doi:10.7903/cmr.19970,0
doi:10.1177/0008125619859317,211,0.000000,Understanding the Role of Artificial Intelligence in Personalized Engagement Marketing,2019,10.1177/0008125619859317,California Management Review,article,"Kumar, Vikas; Rajan, Bharath; Venkatesan, Rajkumar; Lecinski, Jim",backward,crossref|openalex,doi:10.1007/s10479-020-03683-9,0
doi:10.1177/0008125619859318,212,0.000000,Letting the Computers Take Over: Using AI to Solve Marketing Problems,2019,10.1177/0008125619859318,California Management Review,article,"Overgoor, Gijs; Chica, Manuel; Rand, William; Weishampel, Anthony",backward,crossref|openalex,doi:10.1007/s10479-020-03683-9,0
doi:10.1177/0008125619862257,213,0.000000,Organizational Decision-Making Structures in the Age of Artificial Intelligence,2019,10.1177/0008125619862257,California Management Review,article,"Shrestha, Yash Raj; Ben‐Menahem, Shiko M.; Krogh, Georg von",backward,crossref|openalex,doi:10.1007/s10479-020-03683-9|doi:10.1108/bl-03-2020-0022,0
doi:10.1177/0008125619863436,214,0.000000,The Feeling Economy: Managing in the Next Generation of Artificial Intelligence (AI),2019,10.1177/0008125619863436,California Management Review,article,"Huang, Ming‐Hui; Rust, Roland T.; Maksimovic, Vojislav",backward,crossref|openalex,doi:10.1007/s10479-020-03683-9|doi:10.7903/cmr.19970,0
doi:10.1177/002224297503900306,215,0.000000,"The Computer, Personal Selling, and Sales Management",1975,10.1177/002224297503900306,Journal of Marketing,article,"Comer, James M.",backward,crossref|openalex,doi:10.1016/j.indmarman.2004.09.017|doi:10.1108/08858620710722824,0
doi:10.1177/0092070300281013,216,0.000000,Technology Infusion in Service Encounters,2000,10.1177/0092070300281013,Journal of the Academy of Marketing Science,article,"Bitner, M. J.; Brown, Stephen W.; Meuter, Matthew L.",backward,crossref|openalex,doi:10.1108/02634500410542752|doi:10.1177/1094670516679272,0
doi:10.1177/0092070304266119,217,0.000000,Digitization of Selling Activity and Sales Force Performance: An Empirical Investigation,2004,10.1177/0092070304266119,Journal of the Academy of Marketing Science,article,"Johnson, D. S.",backward,crossref|openalex,doi:10.1016/j.indmarman.2008.04.004|doi:10.1080/08853134.2018.1441718|doi:10.1177/0266242607071780|doi:10.1300/j366v06n02_06|doi:10.1504/ijmc.2007.011488|doi:10.2753/pss0885-3134300203|doi:10.2753/pss0885-3134300302,0
doi:10.1177/0092070392203001,218,0.000000,An Empirical Study of Factors Influencing Innovation Implementation in Industrial Sales Organizations,1992,10.1177/0092070392203001,Journal of the Academy of Marketing Science,article,"Marshall, Jye; Vredenburg, Harrie",backward,crossref|openalex,doi:10.1016/s0019-8501(97)00059-x|doi:10.1016/s0737-6782(98)00044-7|doi:10.1080/08853134.2004.10749038,0
doi:10.1177/0170840618765568,219,0.000000,Robots and Organization Studies: Why Robots Might Not Want to Steal Your Job,2018,10.1177/0170840618765568,Organization Studies,article,"Fleming, Peter",backward,crossref|openalex,doi:10.1007/s11747-019-00696-0,0
doi:10.1177/0266242607071780,220,0.000000,Integrating the Internet and Marketing Operations,2007,10.1177/0266242607071780,International Small Business Journal Researching Entrepreneurship,article,"Bengtsson, Maria; Boter, Håkan; Vanyushyn, Vladimir",backward,crossref|openalex,doi:10.1177/0266242609102276,0
doi:10.1177/0266242609102276,221,0.000000,Understanding the Antecedents to the Adoption of CRM Technology by Small Retailers,2009,10.1177/0266242609102276,International Small Business Journal Researching Entrepreneurship,article,"Peltier, James W.; Schibrowsky, John A.; Zhao, Yushan",backward,crossref|openalex,doi:10.1108/jeim-11-2012-0078|doi:10.1108/jsbed-01-2012-0013,0
doi:10.1177/1094670506293573,222,0.000000,CRM Implementation,2006,10.1177/1094670506293573,Journal of Service Research,article,"Bohling, Timothy; Bowman, Douglas; LaValle, Steve; Mittal, Vikas; Narayandas, Das; Ramani, Girish; Varadarajan, Rajan",backward,crossref|openalex,doi:10.1016/j.ijresmar.2009.03.006|doi:10.1016/j.indmarman.2021.08.006|doi:10.1057/dbm.2012.13|doi:10.1080/09652540802619301|doi:10.1108/14637151211232641,0
doi:10.1177/1094670516679271,223,0.000000,Leveraging Frontline Employees’ Small Data and Firm-Level Big Data in Frontline Management,2016,10.1177/1094670516679271,Journal of Service Research,article,"Lam, Son K.; Sleep, Stefan; Hennig‐Thurau, Thorsten; Sridhar, Shrihari; Saboo, Alok R.",backward,crossref|openalex,doi:10.1177/1094670516679273,0
doi:10.1177/1094670516679272,224,0.000000,Domo Arigato Mr. Roboto,2016,10.1177/1094670516679272,Journal of Service Research,article,"Doorn, Jenny van; Mende, Martin; Noble, Stephanie; Hulland, John; Ostrom, Amy L.; Grewal, Dhruv; Petersen, J. Andrew",backward,crossref|openalex,doi:10.1016/j.jbusres.2017.03.008|doi:10.1108/josm-04-2018-0119|doi:10.1177/1094670516679273,0
doi:10.1177/1094670516679273,225,0.000000,Getting Smart,2016,10.1177/1094670516679273,Journal of Service Research,article,"Marinova, Detelina; Ruyter, Ko de; Huang, Ming‐Hui; Meuter, Matthew L.; Challagalla, Goutam",backward,crossref|openalex,doi:10.1016/j.jbusres.2017.03.008|doi:10.1108/josm-04-2018-0119|doi:10.1177/1094670517752459,0
doi:10.1177/1094670517752459,226,0.000000,Artificial Intelligence in Service,2018,10.1177/1094670517752459,Journal of Service Research,article,"Huang, Ming‐Hui; Rust, Roland T.",backward,crossref|openalex,doi:10.1007/s11747-019-00696-0|doi:10.1016/j.bushor.2019.11.003|doi:10.1016/j.bushor.2019.12.002|doi:10.1016/j.jbusres.2020.06.062|doi:10.1108/josm-04-2018-0119|doi:10.1142/s0219877020500042|doi:10.1287/mksc.2019.1192|doi:10.7903/cmr.19970,0
doi:10.1177/1350508419855714,227,0.000000,Algorithmic decision-making? The user interface and its role for human involvement in decisions supported by artificial intelligence,2019,10.1177/1350508419855714,Organization,article,"Bader, Verena; Kaiser, Stephan",backward,crossref|openalex,doi:10.1007/s10479-020-03683-9,0
doi:10.1177/1440783317726591,228,0.000000,"Technology, innovation, employment and power: Does robotics and artificial intelligence really mean social transformation?",2017,10.1177/1440783317726591,Journal of Sociology,article,"Boyd, Ross; Holton, Robert J.",backward,crossref|openalex,doi:10.1007/s11747-019-00696-0,0
doi:10.1177/1461444819846449,229,0.000000,Automating the audience commodity: The unacknowledged ancestry of programmatic advertising,2019,10.1177/1461444819846449,New Media & Society,article,"McGuigan, Lee",backward,crossref|openalex,doi:10.1016/j.indmarman.2019.09.001,0
doi:10.1177/1536504219865226,230,0.000000,Demystifying AI: What Digital Transformation Leaders Can Teach You about Realistic Artificial Intelligence,2019,10.1177/1536504219865226,California Management Review,article,"Brock, Jürgen Kai‐Uwe; Wangenheim, Florian von",backward,crossref|openalex,doi:10.1007/s10479-020-03683-9|doi:10.1108/bl-03-2020-0022|doi:10.7903/cmr.19970,0
doi:10.1186/s40064-016-3128-y,231,0.000000,Social customer relationship management: taking advantage of Web 2.0 and Big Data technologies,2016,10.1186/s40064-016-3128-y,SpringerPlus,article,"Orenga-Roglá, Sergio; Chalmeta, Ricardo",backward,crossref|openalex,doi:10.1016/j.indmarman.2019.12.005,0
doi:10.1287/mksc.1050.0165,232,0.000000,<b>Invited Commentary</b>—Technology Innovation and Implications for Customer Relationship Management,2006,10.1287/mksc.1050.0165,Marketing Science,article,"Sun, Baohong",backward,crossref|openalex,doi:10.1080/08853134.2013.870184|doi:10.1108/14637151211232641|doi:10.1287/mksc.2013.0836,0
doi:10.1287/mksc.2013.0836,233,0.000000,The Service Revolution and the Transformation of Marketing Science,2014,10.1287/mksc.2013.0836,Marketing Science,article,"Rust, Roland T.; Huang, Ming‐Hui",backward,crossref|openalex,doi:10.1016/j.bushor.2019.12.002|doi:10.1177/1094670516679272|doi:10.1177/1094670516679273|doi:10.1177/1094670517752459,0
doi:10.1287/mksc.2019.1192,234,0.000000,Frontiers: Machines vs. Humans: The Impact of Artificial Intelligence Chatbot Disclosure on Customer Purchases,2019,10.1287/mksc.2019.1192,Marketing Science,article,"Luo, Xueming; Tong, Siliang; Fang, Zheng; Qu, Zhe",backward,openalex,doi:10.1007/s11747-019-00696-0,0
doi:10.1287/mnsc.1070.0783,235,0.000000,High Touch Through High Tech: The Impact of Salesperson Technology Usage on Sales Performance via Mediating Mechanisms,2008,10.1287/mnsc.1070.0783,Management Science,article,"Ahearne, Michael; Jones, Eli; Rapp, Adam; Mathieu, John E.",backward,crossref|openalex,doi:10.1007/978-3-319-10951-0_231|doi:10.1007/s11747-009-0157-x|doi:10.1016/j.ijresmar.2009.03.006|doi:10.1016/j.indmarman.2013.08.005|doi:10.1016/j.indmarman.2014.06.013|doi:10.1016/j.indmarman.2017.06.012|doi:10.1016/j.indmarman.2020.10.012|doi:10.1016/j.jbusres.2011.05.005|doi:10.1016/j.jbusres.2013.05.002|doi:10.1080/08853134.2013.870184|doi:10.1080/08853134.2018.1557525|doi:10.1108/jbim-01-2015-0001|doi:10.1108/jrim-04-2015-0027|doi:10.1108/jrim-12-2014-0075|doi:10.1108/jsit-09-2014-0068|doi:10.1177/1094670516679273|doi:10.2753/mtp1069-6679190204|doi:10.2753/pss0885-3134280401|doi:10.2753/pss0885-3134290203|doi:10.2753/pss0885-3134300202|doi:10.2753/pss0885-3134320304|doi:10.2753/pss0885-3134320305|doi:10.2753/pss0885-3134320307|doi:10.2753/pss0885-3134330205|doi:10.4018/ijisss.2016100101,0
doi:10.1287/orsc.1100.0639,236,0.000000,Reconfiguring Boundary Relations: Robotic Innovations in Pharmacy Work,2011,10.1287/orsc.1100.0639,Organization Science,article,"Barrett, Michael; Oborn, Eivor; Orlikowski, Wanda J.; Yates, JoAnne",backward,crossref|openalex,doi:10.25300/misq/2017/41.1.12,0
doi:10.1300/j033v11n01_09,237,0.000000,"The Impact of Personality Variables, Prior Experience, and Training on Sales Agents' Internet Utilization and Performance",2004,10.1300/j033v11n01_09,Journal of Business-to-Business Marketing,article,"Gulati, Rajesh; Bristow, Dennis N.; Dou, Wenyu",backward,crossref|openalex,doi:10.1016/j.indmarman.2004.09.012|doi:10.2753/mtp1069-6679190204,0
doi:10.1300/j366v03n04_02,238,0.000000,How Managers Perceive the Impacts of Information Technologies on Contemporary Marketing Practices,2005,10.1300/j366v03n04_02,Journal of Relationship Marketing,article,"Brookes, Richard; Brodiem, Roderick J.; Coviello, Nicole; Palmer, Roger",backward,crossref|openalex,doi:10.1002/dir.20071,0
doi:10.1300/j366v06n02_06,239,0.000000,Sales Force Automation Systems and Sales Force Productivity,2007,10.1300/j366v06n02_06,Journal of Relationship Marketing,article,"Clark, Paul; Rocco, Richard A.; Bush, Alan J.",backward,crossref|openalex,doi:10.1007/978-3-319-10951-0_231|doi:10.1108/jrim-04-2015-0027|doi:10.1108/jsit-09-2014-0068,0
doi:10.1362/0267257022683703,240,0.000000,Integrating Information Technology into Marketing Practice – The IT Reality of Contemporary Marketing Practice,2002,10.1362/0267257022683703,Journal of Marketing Management,article,"Brady, Mairead; Saren, Michael; Tzokas, Nikolaos",backward,crossref|openalex,doi:10.1002/dir.20071|doi:10.1016/j.indmarman.2010.05.001|doi:10.1300/j366v03n04_02|oa:W1583056480,0
doi:10.1362/0267257022872424,241,0.000000,The Internet: Boom or Bust to Sales Organisations?,2002,10.1362/0267257022872424,Journal of Marketing Management,article,"Rich, Gregory A.",backward,crossref|openalex,doi:10.1080/0267257x.2003.9728240|doi:10.1080/08853134.2013.870184,0
doi:10.1362/0267257053779136,242,0.000000,How Do Organisational Members Perceive CRM? Evidence from a U.K. Service Firm,2005,10.1362/0267257053779136,Journal of Marketing Management,article,"Plakoyiannaki, Emmanuella",backward,crossref|openalex,doi:10.1177/0266242609102276,0
doi:10.1362/026725706778612158,243,0.000000,The Perceived Impact of Information Technology on Salespeople's Relational Competencies,2006,10.1362/026725706778612158,Journal of Marketing Management,article,"Geiger, Susi; Turley, Darach",backward,crossref|openalex,doi:10.1080/08853134.2013.870184|doi:10.2753/pss0885-3134280401|doi:10.2753/pss0885-3134290203,0
doi:10.1362/026725798784867554,244,0.000000,Using Information Technology Effectively: A Study of Marketing Installations,1998,10.1362/026725798784867554,Journal of Marketing Management,article,"Leverick, Fiona; Littler, Dale; Bruce, Margaret; Wilson, Dominic",backward,crossref|openalex,doi:10.1016/j.indmarman.2005.10.002|doi:10.1016/s0263-2373(01)00067-6|doi:10.1108/00251749910302854,0
doi:10.1504/ijaip.2016.075728,245,0.000000,Big data analytics bring new insights and higher business value - an experiment carried out to divulge sales forecasting solutions,2016,10.1504/ijaip.2016.075728,International Journal of Advanced Intelligence Paradigms,article,"Palanimalai, Shanmugasundaram; Paramasivam, Ilango",backward,openalex,doi:10.1515/itms-2017-0018,0
doi:10.1504/ijecrm.2008.019570,246,0.000000,Analysing the adoption of Customer Relationship Management in Indian service sector: an empirical study,2008,10.1504/ijecrm.2008.019570,International Journal of Electronic Customer Relationship Management,article,"Sangle, Purnima S.; Verma, Sanjeev",backward,crossref|openalex,doi:10.1108/14637151211232641,0
doi:10.1504/ijima.2012.046255,247,0.000000,The role of social CRM and its potential impact on lead generation in business-to-business marketing,2012,10.1504/ijima.2012.046255,International Journal of Internet Marketing and Advertising,article,"Rodríguez, Michael; Peterson, Robert M.",backward,crossref|openalex,doi:10.1016/j.indmarman.2021.08.006,0
doi:10.1504/ijmc.2005.007025,248,0.000000,Wireless sales force automation: concept and cases,2005,10.1504/ijmc.2005.007025,International Journal of Mobile Communications,article,"Walker, Brett S.; Barnes, Stuart J.",backward,crossref|openalex,doi:10.1108/jsit-09-2014-0068|doi:10.1504/ijmc.2007.011488,0
doi:10.1504/ijmc.2007.011488,249,0.000000,Discriminant analyses of field sales force adoption of wireless technologies,2006,10.1504/ijmc.2007.011488,International Journal of Mobile Communications,article,"DelVecchio, Susan; Seeman, Elaine",backward,crossref|openalex,doi:10.1108/jsit-09-2014-0068,0
doi:10.1504/ijmed.2007.013154,250,0.000000,Determining technology trends and forecasts of CRM through a historical review and bibliometric analysis of data from 1991 to 2005,2007,10.1504/ijmed.2007.013154,International Journal of Management and Enterprise Development,article,"Chao, Chia-Cheng; Jen, Wen-Yuan; Chi, Yan-Ping; Lin, Binshan",backward,crossref|openalex,doi:10.1108/14637151211232641,0
doi:10.1509/jmkg.66.3.98.18510,251,0.000000,The Hidden Minefields in the Adoption of Sales Force Automation Technologies,2002,10.1509/jmkg.66.3.98.18510,Journal of Marketing,article,"Speier, Cheri; Venkatesh, Viswanath",backward,crossref|openalex,doi:10.1007/978-3-319-10951-0_231|doi:10.1007/s11747-009-0157-x|doi:10.1016/j.bushor.2009.01.001|doi:10.1016/j.bushor.2013.06.002|doi:10.1016/j.ijresmar.2007.09.003|doi:10.1016/j.ijresmar.2009.03.006|doi:10.1016/j.indmarman.2004.09.012|doi:10.1016/j.indmarman.2004.09.014|doi:10.1016/j.indmarman.2004.09.015|doi:10.1016/j.indmarman.2004.09.016|doi:10.1016/j.indmarman.2004.09.017|doi:10.1016/j.indmarman.2004.09.019|doi:10.1016/j.indmarman.2004.09.020|doi:10.1016/j.indmarman.2004.09.021|doi:10.1016/j.indmarman.2004.12.002|doi:10.1016/j.indmarman.2005.10.002|doi:10.1016/j.indmarman.2008.04.004|doi:10.1016/j.indmarman.2009.11.003|doi:10.1016/j.indmarman.2009.12.010|doi:10.1016/j.indmarman.2013.08.005|doi:10.1016/j.indmarman.2014.06.013|doi:10.1016/j.jbusres.2007.04.007|doi:10.1016/j.technovation.2004.01.012|doi:10.1057/palgrave.dbm.3250034|doi:10.1080/08853134.2002.10754303|doi:10.1080/08853134.2004.10749038|doi:10.1080/08853134.2004.10749039|doi:10.1080/08853134.2005.10749057|doi:10.1080/08853134.2005.10749061|doi:10.1080/08853134.2013.870184|doi:10.1080/08853134.2018.1557525|doi:10.1080/09652540701726793|doi:10.1080/14783360701350961|doi:10.1108/08858620510576766|doi:10.1108/08858620710722824|doi:10.1108/jbim-01-2015-0001|doi:10.1108/jrim-12-2014-0075|doi:10.1108/jsit-09-2014-0068|doi:10.1111/j.1468-2370.2006.00128.x|doi:10.1177/0092070304266119|doi:10.1177/0266242609102276|doi:10.1287/mnsc.1070.0783|doi:10.1300/j366v06n02_06|doi:10.1504/ijmc.2005.007025|doi:10.1509/jmkg.71.1.016|doi:10.1509/jmkg.71.1.16|doi:10.19030/jabr.v20i3.2219|doi:10.2753/mtp1069-6679140101|doi:10.2753/mtp1069-6679190204|doi:10.2753/pss0885-3134260104|doi:10.2753/pss0885-3134280205|doi:10.2753/pss0885-3134280401|doi:10.2753/pss0885-3134290203|doi:10.2753/pss0885-3134300202|doi:10.2753/pss0885-3134300205|doi:10.2753/pss0885-3134320304|doi:10.2753/pss0885-3134330205|doi:10.2753/pss0885-3134330303,0
doi:10.1509/jmkg.71.1.016,252,0.000000,Making Sales Technology Effective,2007,10.1509/jmkg.71.1.016,Journal of Marketing,article,"Hunter, Gary K.; Perreault, William D.",backward,crossref|openalex,doi:10.1007/s11747-009-0157-x|doi:10.1108/jbim-01-2015-0001|doi:10.1108/jrim-04-2015-0027|doi:10.1108/jrim-12-2014-0075|doi:10.1177/1094670516679273|doi:10.2753/pss0885-3134290203,0
doi:10.1509/jmkg.71.1.16,253,0.000000,Making Sales Technology Effective,2006,10.1509/jmkg.71.1.16,Journal of Marketing,article,"Hunter, Gary K.; Perreault, William D.",backward,crossref|openalex,doi:10.1007/s11747-009-0157-x|doi:10.1016/j.bushor.2013.06.002|doi:10.1016/j.indmarman.2014.06.013|doi:10.1016/j.indmarman.2017.06.012|doi:10.1016/j.jbusres.2011.05.005|doi:10.1080/08853134.2013.870184|doi:10.1080/08853134.2018.1441718|doi:10.1080/08853134.2018.1557525|doi:10.1108/17557501111132136|doi:10.1108/jbim-01-2015-0001|doi:10.1108/jrim-04-2015-0027|doi:10.1108/jrim-12-2014-0075|doi:10.1177/1094670516679273|doi:10.1504/ijima.2012.046255|doi:10.2753/mtp1069-6679190204|doi:10.2753/pss0885-3134280205|doi:10.2753/pss0885-3134280401|doi:10.2753/pss0885-3134300202|doi:10.2753/pss0885-3134300203|doi:10.2753/pss0885-3134320304|doi:10.2753/pss0885-3134330205|doi:10.2753/pss0885-3134330303,0
doi:10.1509/jmkg.73.6.61,254,0.000000,The Impact of Customer Relationship Management Implementation on Cost and Profit Efficiencies: Evidence from the U.S. Commercial Banking Industry,2009,10.1509/jmkg.73.6.61,Journal of Marketing,article,"Krasnikov, Alexander; Jayachandran, Satish; Kumar, V.",backward,crossref|openalex,doi:10.1108/jsbed-01-2012-0013,0
doi:10.1515/itms-2017-0018,255,0.000000,Data Analytics in CRM Processes: A Literature Review,2017,10.1515/itms-2017-0018,Information Technology and Management Science,article,"Gončarovs, Pāvels",backward,crossref|openalex,doi:10.1016/j.indmarman.2021.08.006,0
doi:10.15341/jbe(2155-7950)/10.09.2018/005,256,0.000000,"“Alexa, Build Me a Brand” — An Investigation into the I mpact of Artificial Intelligence on Branding",2018,10.15341/jbe(2155-7950)/10.09.2018/005,Journal of Business and Economics,article,"West, Adam G.; Clifford, John; Atkinson, David",backward,openalex,doi:10.7903/cmr.19970,0
doi:10.17705/1cais.01430,257,0.000000,The Impact of CRM on Firm- and Relationship-Level Performance in Distributed Networks,2004,10.17705/1cais.01430,Communications of the Association for Information Systems,article,"Kim, Jae‐Wook; Choi, Jiho; Qualls, William J.; Park, Jinsoo",backward,crossref|openalex,doi:10.1080/09652540701726793|doi:10.1080/14783360701350961,0
doi:10.17979/redma.2011.03.07.4733,258,0.000000,CRM social: la orientación empresarial hacia el cliente en plataformas 2.0,1970,10.17979/redma.2011.03.07.4733,Redmarka Revista de Marketing Aplicado,article,"Castelló‐Martínez, Araceli",backward,openalex,doi:10.1016/j.reimke.2015.07.001,0
doi:10.19030/jabr.v17i4.2090,259,0.000000,"The Relationship Between Attitudes Toward Technology, Adaptability, And Customer Orientation Among Professional Salespeople",2011,10.19030/jabr.v17i4.2090,Journal of Applied Business Research (JABR),article,"Keillor, Bruce D.; Pettijohn, Charles E.; d'Amico, Michael",backward,crossref|openalex,doi:10.1080/08853134.2004.10749038,0
doi:10.19030/jabr.v20i3.2219,260,0.000000,Sales Force Automation Acceptance: An Exploratory Study Of The Role Of Job Experience,2011,10.19030/jabr.v20i3.2219,Journal of Applied Business Research (JABR),article,"Guan, Jian; Barker, Robert M.; Faulds, David J.; Gohmann, Stephan F.",backward,openalex,doi:10.1016/j.bushor.2009.01.001|doi:10.1016/j.indmarman.2004.09.014,0
doi:10.2307/1250898,261,0.000000,"The Computer, Personal Selling, and Sales Management",1975,10.2307/1250898,Journal of Marketing,article,"Comer, James M.",backward,crossref|openalex,doi:10.1016/j.indmarman.2004.09.017,0
doi:10.2307/256344,262,0.000000,ORGANIZATIONAL ASSIMILATION OF INNOVATIONS: A MULTILEVEL CONTEXTUAL ANALYSIS.,1988,10.2307/256344,Academy of Management Journal,article,"Meyer, Anne; Goes, James B.",backward,crossref|openalex,doi:10.1016/s0737-6782(98)00044-7|doi:10.1080/0144929042000320027|doi:10.1111/1540-5885.1630295|doi:10.1111/j.1936-4490.2003.tb00303.x|doi:10.2307/4132321,0
doi:10.2307/4132321,263,0.000000,Shaping Up for E-Commerce: Institutional Enablers of the Organizational Assimilation of Web Technologies1,2002,10.2307/4132321,MIS Quarterly,article,"Chatterjee, Debabroto; Grewal, Rajdeep; Sambamurthy, V.",backward,crossref|openalex,doi:10.1016/j.indmarman.2019.09.003|doi:10.1016/j.indmarman.2020.10.012|doi:10.1057/palgrave.ejis.3000475,0
doi:10.2501/jar-2018-035,264,0.000000,Artificial Intelligence in Advertising,2018,10.2501/jar-2018-035,Journal of Advertising Research,article,"Kietzmann, Jan; Paschen, Jeannette; Treen, Emily",backward,crossref|openalex,doi:10.1016/j.bushor.2019.11.003|doi:10.1016/j.bushor.2020.01.003,0
doi:10.25300/misq/2017/41.1.12,265,0.000000,Embracing Digital Innovation in Incumbent Firms: How Volvo Cars Managed Competing Concerns1,2017,10.25300/misq/2017/41.1.12,MIS Quarterly,article,"Svahn, Fredrik; Mathiassen, Lars; Lindgren, Rikard",backward,crossref|openalex,doi:10.1108/bl-08-2017-0024,0
doi:10.2753/mtp1069-6679140101,266,0.000000,"A Longitudinal Examination of Individual, Organizational, and Contextual Factors on Sales Technology Adoption and Job Performance",2006,10.2753/mtp1069-6679140101,The Journal of Marketing Theory and Practice,article,"Jelinek, Ronald; Ahearne, Michael; Mathieu, John E.; Schillewaert, Niels",backward,crossref|openalex,doi:10.1007/s11747-009-0157-x|doi:10.1016/j.bushor.2013.06.002|doi:10.1016/j.indmarman.2009.12.010|doi:10.1016/j.indmarman.2014.06.013|doi:10.1016/j.indmarman.2015.12.002|doi:10.1080/08853134.2013.870184|doi:10.1080/1051712x.2011.574252|doi:10.1108/jbim-01-2015-0001|doi:10.1108/jrim-12-2014-0075|doi:10.1300/j366v06n02_06|doi:10.1504/ijima.2012.046255|doi:10.2753/mtp1069-6679190204|doi:10.2753/pss0885-3134330205,0
doi:10.2753/mtp1069-6679190204,267,0.000000,Exploring the Impact of Sales Technology on Salesperson Performance: A Task-Base d Approach,2011,10.2753/mtp1069-6679190204,The Journal of Marketing Theory and Practice,article,"Eggert, Andreas; Serdaroglu, Murat",backward,crossref|openalex,doi:10.1016/j.indmarman.2014.06.013|doi:10.1016/j.indmarman.2015.07.002|doi:10.1080/08853134.2013.870184|doi:10.1108/jrim-12-2014-0075,0
doi:10.2753/pss0885-3134260104,268,0.000000,Leveraging CRM for Sales: The Role of Organizational Capabilities in Successful CRM Implementation,2006,10.2753/pss0885-3134260104,Journal of Personal Selling and Sales Management,article,"Raman, Pushkala; Wittmann, C. Michael; Rauseo, Nancy A.",backward,crossref|openalex,doi:10.1016/j.indmarman.2009.11.003|doi:10.1108/jrim-12-2014-0075|doi:10.1108/jrim-12-2015-0094|doi:10.2753/mtp1069-6679190204|doi:10.2753/pss0885-3134280205|doi:10.4018/ijisss.2016100101,0
doi:10.2753/pss0885-3134280205,269,0.000000,Effects of Sales Force Automation use on Sales Force Activities and Customer Relationship Management Processes,2008,10.2753/pss0885-3134280205,Journal of Personal Selling and Sales Management,article,"Moutot, Jean-Michel; Bascoul, Ganaël",backward,crossref|openalex,doi:10.1016/j.indmarman.2009.11.003|doi:10.1108/14637151211232641|doi:10.1108/17557501111132136|doi:10.1108/jbim-01-2015-0001|doi:10.2753/mtp1069-6679190204|doi:10.2753/pss0885-3134330303,0
doi:10.2753/pss0885-3134280401,270,0.000000,The Sales Force Technology–Performance Chain: The Role of Adaptive Selling and Effort,2008,10.2753/pss0885-3134280401,Journal of Personal Selling and Sales Management,article,"Rapp, Adam; Agnihotri, Raj; Forbes, Lukas P.",backward,crossref|openalex,doi:10.1016/j.indmarman.2014.06.013|doi:10.1016/j.indmarman.2017.06.012|doi:10.1080/08853134.2013.870184|doi:10.1108/17557501111132136|doi:10.1108/jbim-01-2015-0001|doi:10.1108/jrim-12-2014-0075|doi:10.2753/mtp1069-6679190204|doi:10.2753/pss0885-3134300202|doi:10.2753/pss0885-3134320304|doi:10.2753/pss0885-3134320305|doi:10.2753/pss0885-3134330205,0
doi:10.2753/pss0885-3134290202,271,0.000000,E-Collaborative Networks: A Case Study on the New Role of the Sales Force,2009,10.2753/pss0885-3134290202,Journal of Personal Selling and Sales Management,article,"Hollenbeck, Candice R.; Zinkhan, George M.; French, Warren A.; Song, Ji Hee",backward,crossref|openalex,doi:10.1108/17557501111132136,0
doi:10.2753/pss0885-3134290203,272,0.000000,The Benefits of Sales Force Automation: A Customer’s Perspective,2009,10.2753/pss0885-3134290203,Journal of Personal Selling and Sales Management,article,"Boujena, Othman; Johnston, Wesley J.; Merunka, Dwight",backward,crossref|openalex,doi:10.1007/978-3-319-10951-0_231|doi:10.1016/j.bushor.2013.06.002|doi:10.1108/jsit-09-2014-0068|doi:10.2753/pss0885-3134300203|doi:10.2753/pss0885-3134320304|doi:10.2753/pss0885-3134330303,0
doi:10.2753/pss0885-3134300202,273,0.000000,The Role of Technology at the Interface Between Salespeople and Consumers,2010,10.2753/pss0885-3134300202,Journal of Personal Selling and Sales Management,article,"Ahearne, Michael; Rapp, Adam",backward,crossref|openalex,doi:10.1080/08853134.2013.870184|doi:10.1080/08853134.2017.1386110|doi:10.1080/08853134.2018.1441718|doi:10.1080/08853134.2018.1557525|doi:10.1080/1051712x.2011.574252|doi:10.1177/1094670516679273|doi:10.2753/pss0885-3134320305,0
doi:10.2753/pss0885-3134300203,274,0.000000,A Framework of Technology Mediation in Consumer Selling: Implications for Firms and Sales Management,2010,10.2753/pss0885-3134300203,Journal of Personal Selling and Sales Management,article,"Sharma, Arun; Sheth, Jagdish N.",backward,crossref|openalex,doi:10.1080/1051712x.2011.574252,0
doi:10.2753/pss0885-3134300204,275,0.000000,A social learning perspective on sales technology usage: Preliminary evidence from an emerging economy,2010,10.2753/pss0885-3134300204,Journal of Personal Selling & Sales Management,,Onyemah,backward,crossref,doi:10.1016/j.indmarman.2014.06.013|doi:10.1108/jbim-01-2015-0001,0
doi:10.2753/pss0885-3134300205,276,0.000000,Characteristics that Enhance Training Effectiveness in Implementing Technological Change in Sales Strategy: A Field-Based Exploratory Study,2010,10.2753/pss0885-3134300205,Journal of Personal Selling and Sales Management,article,"Sarin, Shikhar; Sego, Trina; Kohli, Ajay K.; Challagalla, Goutam",backward,crossref|openalex,doi:10.1080/08853134.2013.870184|doi:10.2753/pss0885-3134330303,0
doi:10.2753/pss0885-3134300302,277,0.000000,Internet Channel and Cannibalization: An Empirical Assessment of Sales Agents’ Perspective,2010,10.2753/pss0885-3134300302,Journal of Personal Selling and Sales Management,article,"Sharma, Dheeraj; Gassenheimer, Jule B.; Alford, Bruce L.",backward,crossref|openalex,doi:10.1108/ijrdm-11-2014-0159,0
doi:10.2753/pss0885-3134320102,278,0.000000,Transforming Selling: Why It Is Time to Think Differently About Sales Research,2012,10.2753/pss0885-3134320102,Journal of Personal Selling and Sales Management,article,"Dixon, Andrea L.; Tanner, John F.",backward,crossref|openalex,doi:10.1016/j.ibusrev.2020.101776|doi:10.1108/jrim-04-2015-0027|doi:10.1108/jrim-12-2014-0075|doi:10.1108/jrim-12-2015-0094,0
doi:10.2753/pss0885-3134320110,279,0.000000,"Ahearne, M. , Rapp, A. , Mariadoss, B.J. and Ganesan, S. (2012), “Challenges of CRM implementation in business-to-business markets: a contingency perspective”, Journal of Personal Selling and Sales Management , Vol. 32 No. 1, pp. 117-130.",,10.2753/pss0885-3134320110,,,,backward,crossref,doi:10.1108/jbim-01-2015-0001,0
doi:10.2753/pss0885-3134320205,280,0.000000,Technology Usage and Sales Teams: A Multilevel Analysis of the Antecedents of Usage,2012,10.2753/pss0885-3134320205,Journal of Personal Selling and Sales Management,article,"Weinstein, Luke; Mullins, Ryan",backward,crossref|openalex,doi:10.1016/j.indmarman.2015.12.002|doi:10.1016/j.indmarman.2017.06.012|doi:10.1108/jbim-01-2015-0001|doi:10.1177/1094670516679273,0
doi:10.2753/pss0885-3134320304,281,0.000000,Bringing “Social” Into Sales: The Impact of Salespeople’S Social Media Use on Service Behaviors and Value Creation,2012,10.2753/pss0885-3134320304,Journal of Personal Selling and Sales Management,article,"Agnihotri, Raj; Kothandaraman, Prabakar; Kashyap, Rajiv; Singh, Ramendra",backward,crossref|openalex,doi:10.1016/j.bushor.2014.09.009|doi:10.1016/j.indmarman.2015.12.002|doi:10.1016/j.indmarman.2017.06.012|doi:10.1016/j.jbusres.2013.05.002,0
doi:10.2753/pss0885-3134320305,282,0.000000,Revolution in Sales: The Impact of Social Media and Related Technology on the Selling Environment,2012,10.2753/pss0885-3134320305,Journal of Personal Selling and Sales Management,article,"Marshall, Greg W.; Moncrief, William C.; Rudd, John M.; Lee, Nick",backward,crossref|openalex,doi:10.1016/j.bushor.2014.09.009|doi:10.1016/j.ibusrev.2020.101776|doi:10.1016/j.indmarman.2014.06.013|doi:10.1016/j.indmarman.2015.12.002|doi:10.1016/j.indmarman.2017.06.012|doi:10.1080/08853134.2017.1352449|doi:10.1080/08853134.2017.1386110|doi:10.1080/08853134.2018.1557525|doi:10.1108/jbim-01-2015-0001,0
doi:10.2753/pss0885-3134320307,283,0.000000,"Toward Understanding New Sales Employees’ Participation in Marketing-Related Technology: Motivation, Voluntariness, and Past Performance",2012,10.2753/pss0885-3134320307,Journal of Personal Selling and Sales Management,article,"Levin, Michael A.; Hansen, Jared M.; Laverie, Debra A.",backward,crossref|openalex,doi:10.1016/j.bushor.2014.09.009|doi:10.1016/j.indmarman.2015.12.002,0
doi:10.2753/pss0885-3134330205,284,0.000000,"Sales Technologies, Sales Force Management, and Online Infomediaries",2013,10.2753/pss0885-3134330205,Journal of Personal Selling and Sales Management,article,"Kuruzovich, Jason",backward,crossref|openalex,doi:10.1016/j.indmarman.2015.07.002,0
doi:10.2753/pss0885-3134330303,285,0.000000,Collectivistic and Individualistic Performance Expectancy in the Utilization of Sales Automation Technology in an International Field Sales Setting,2013,10.2753/pss0885-3134330303,Journal of Personal Selling and Sales Management,article,"Baker, David S.; Delpechitre, Duleep",backward,crossref|openalex,doi:10.1080/08853134.2018.1557525,0
doi:10.3139/104.111149,286,0.000000,Arbeitsbedingungen im Wandel der Industrie 4.0,2014,10.3139/104.111149,Zeitschrift für wirtschaftlichen Fabrikbetrieb,article,"Dombrowski, Uwe; Wagner, Tobias",backward,crossref|openalex,doi:10.1007/s11846-018-0283-2,0
doi:10.3390/joitmc5030044,287,0.000000,Emerging Technology and Business Model Innovation: The Case of Artificial Intelligence,2019,10.3390/joitmc5030044,Journal of Open Innovation Technology Market and Complexity,article,"Lee, Jaehun; Suh, Taewon; Roy, Daniel; Baucus, Melissa S.",backward,crossref|openalex,doi:10.1108/bl-03-2020-0022,0
doi:10.35219/eai158404094,288,0.000000,Applications of Artificial Intelligence in Marketing,2019,10.35219/eai158404094,Annals of Dunarea de Jos University of Galati Fascicle I Economics and Applied Informatics,article,"Devang, Vinchhi; Chintan, Shroff; Gunjan, Tanna; Rai, Krupa",backward,openalex,doi:10.4018/ijeei.2018070102,0
doi:10.35940/ijrte.b1130.0782s319,289,0.000000,Artificial Intelligence Tools for Enhancing Customer Experience,2019,10.35940/ijrte.b1130.0782s319,International Journal of Recent Technology and Engineering (IJRTE),article,Sujata J.,backward,crossref|openalex,doi:10.1155/2022/7796507|doi:10.35940/ijrte.b1130.0782s319,0
doi:10.3790/zfke.64.4.253,290,0.000000,Welche Auswirkungen hat Industrie 4.0 auf KMU? Das Geschäftsmodell als Analyseinstrument,2016,10.3790/zfke.64.4.253,Zeitschrift für Klein- und Mittelunternehmen/Zeitschrift für KMU und Entrepreneurship,article,"Schneider, Paul",backward,crossref|openalex,doi:10.1007/s11846-018-0283-2,0
doi:10.4018/978-1-5225-1837-2.ch041,291,0.000000,Four Eras of CRM Selling,2017,10.4018/978-1-5225-1837-2.ch041,IGI Global eBooks,book-chapter,"Gordon, Cindy",backward,openalex,doi:10.1515/itms-2017-0018,0
doi:10.4018/ijeei.2018070102,292,0.000000,Artificial Intelligence,2018,10.4018/ijeei.2018070102,International Journal of E-Entrepreneurship and Innovation,article,"Marinchak, Christina McDowell; Forrest, Edward; Hoanca, Bogdan",backward,crossref|openalex,doi:10.1108/bl-03-2020-0022,0
doi:10.4018/ijisss.2016100101,293,0.000000,Impact of Social CRM Capabilities on Firm Performance,2016,10.4018/ijisss.2016100101,International Journal of Information Systems in the Service Sector,article,"Kamboj, Shampy; Yadav, Mayank; Rahman, Zillur; Goyal, Praveen",backward,crossref|openalex,doi:10.1108/jibr-09-2019-0284,0
doi:10.4018/jebr.2007040102,294,0.000000,The Impact of E-CRM on Organisational and Individual Behavior,2007,10.4018/jebr.2007040102,International Journal of E-Business Research,article,"Letaïfa, Soumaya Ben; Perrien, Jean",backward,openalex,oa:W1583056480,0
doi:10.4018/jebr.2007040104,295,0.000000,E-CRM and Managerial Discretion,2007,10.4018/jebr.2007040104,International Journal of E-Business Research,article,"Coltman, Tim; Dolničar, Sara",backward,crossref|openalex,doi:10.1108/14637151211232641,0
doi:10.4135/9789353287733.n32,296,0.000000,"How and Why Artificial Intelligence, Mixed Reality and Blockchain Technologies Will Change Marketing We Know Today",2019,10.4135/9789353287733.n32,,book-chapter,"Shah, Denish; Shay, Emily",backward,crossref|openalex,doi:10.1016/j.jbusres.2020.06.062,0
doi:10.4324/9780080949611-20,297,0.000000,Information technology for customer relationship management,2008,10.4324/9780080949611-20,,book-chapter,"Buttle, Francis",backward,openalex,doi:10.1108/ics-02-2019-0029,0
doi:10.4324/9780080949611-21,298,0.000000,Sales-force automation,2008,10.4324/9780080949611-21,,book-chapter,"Buttle, Francis",backward,openalex,doi:10.1016/j.indmarman.2004.09.013|doi:10.1016/j.indmarman.2009.11.003|doi:10.1016/j.indmarman.2009.12.010|doi:10.1016/s0019-8501(99)00115-7,0
doi:10.4324/9781315764597-11,299,0.000000,Sales Force Automation,2015,10.4324/9781315764597-11,,book-chapter,"Buttle, Francis; Maklan, Stan",backward,openalex,doi:10.1080/08853134.2002.10754306,0
doi:10.5555/1289740.1289744,300,0.000000,Implementation Team Responsiveness and User Evaluation of Customer Relationship Management,2002,10.5555/1289740.1289744,Journal of Management Information Systems,article,"GefenDavid; RidingsCatherine, M",backward,openalex,doi:10.1016/j.indmarman.2007.02.005,0
doi:10.5771/0042-059x-2016-2-124,301,0.000000,"Business Model Innovation for Industrie 4.0: Why the ""Industrial Internet"" Mandates a New Perspective on Innovation",2016,10.5771/0042-059x-2016-2-124,Die Unternehmung,article,Burmeister; Lüttgens; Piller,backward,crossref|openalex,doi:10.1007/s11846-018-0283-2,0
doi:10.5771/0342-300x-2014-6-421,302,0.000000,Wandel von Produktionsarbeit – „Industrie 4.0“,2014,10.5771/0342-300x-2014-6-421,WSI-Mitteilungen,article,"Hirsch‐Kreinsen, Hartmut",backward,crossref|openalex,doi:10.1007/s11846-018-0283-2|doi:10.1007/s12651-016-0200-6|doi:10.5771/0342-300x-2014-6-421,0
doi:10.5965/2316796307132018061,303,0.000000,The potential of Data-Driven Virtual Assistants to enhance Customer Experience in the Telecommunications Industry,2018,10.5965/2316796307132018061,Human Factors in Design,article,"García, Marta Pérez",backward,openalex,doi:10.35940/ijrte.b1130.0782s319,0
doi:10.6036/mn5839,304,0.000000,LA GESTIÓN DE LAS RELACIONES CON CLIENTES (CRM) EN EMPRESAS INDUSTRIALES. NIVEL DE DESARROLLO Y GENERACIÓN DE BENEFICIOS,2013,10.6036/mn5839,DYNA MANAGEMENT,article,"Ramón‐Jerónimo, Juan Manuel; Flórez‐López, Raquel",backward,openalex,doi:10.1016/j.reimke.2015.07.001,0
doi:10.69554/xczq2452,305,0.000000,Reimagining branding for the new B2B digital marketplace,2015,10.69554/xczq2452,Journal of brand strategy,article,"Zahay, Debra; Schultz, Don E.; Kumar, Archana",backward,crossref|openalex,doi:10.1108/jrim-12-2015-0094,0
doi:10.7193/dm.069.43.59,306,0.000000,La distribution à l’heure du multi-canal Une redéfinition du rôle du vendeur,2013,10.7193/dm.069.43.59,Décisions Marketing,article,"Vanheems, Régine",backward,crossref|openalex,doi:10.1108/ijrdm-11-2014-0159,0
doi:10.7903/cmr.19970,307,0.000000,A Conceptual Framework on Defining Businesses Strategy for Artificial Intelligence,2020,10.7903/cmr.19970,Contemporary Management Research,article,"Salih, Caner; Bhatti, Feyza",backward,crossref|openalex,doi:10.1155/2022/7796507,0
doi:10.9781/ijimai.2016.361,308,0.000000,Operating an Advertising Programmatic Buying Platform: A Case Study,2016,10.9781/ijimai.2016.361,International Journal of Interactive Multimedia and Artificial Intelligence,article,"Gonzalvez-Cabañas, Juan Carlos; Mochón, Francisco",backward,crossref|openalex,doi:10.1016/j.indmarman.2019.09.001,0
oa:W1489534833,309,0.000000,CRM at the Speed of Light: Capturing and Keeping Customers in Internet Real Time,2001,,,article,"Greenberg, Paul B.; Peppers, Don; Rogers, Martha",backward,openalex,doi:10.1080/08853134.2005.10749061|doi:10.1080/09652540701726793|doi:10.1108/14637150710721177,0
oa:W1513792934,310,0.000000,The Organizing Vision for Customer Relationship Management,2001,,Journal of the Association for Information Systems,article,"Firth, David",backward,openalex,doi:10.1080/09652540701726793,0
oa:W1518240354,311,0.000000,Customer Relationship Management: Integrating Marketing Strategy and Information Technology,2002,,,article,"Zikmund, William G.; McLeod, Raymond; Gilbert, Faye W.",backward,openalex,doi:10.1080/09652540701726793|doi:10.1108/08858620710722824|doi:10.2753/pss0885-3134280401,0
oa:W1520553951,312,0.000000,The Adoption of Internet-Based Marketing Channels,2001,,Homo Oeconomicus,article,"H°st, Viggo; Mols, Niels Peter; Nielsen, J°rn Flohr",backward,openalex,doi:10.1177/0266242607071780,0
oa:W1571620822,313,0.000000,User Acceptance of Information Technology: Theories and Models,1996,,,book-chapter,"Dillon, Andrew; Morris, M. G.",backward,openalex,oa:W305462290,0
oa:W1583056480,314,0.000000,"eCRM Technologies, Capabilities and SME Performance Benefits,",2008,,Lancaster EPrints (Lancaster University),article,"Harrigan, Paul; Ramsey, Elaine; Schroeder, Andreas; Qureshi, Israr; Fang, Yulin; Ibbotson, Patrick; Meister, Darren",backward,openalex,doi:10.1108/14637151211232641,0
oa:W1596567834,315,0.000000,Selling the Sales Force on Automation,2006,,e-Publications@Marquette (Marquette University),article,"Cotteleer, Mark J.; Inderrieden, Edward J.; Lee, Felissa",backward,openalex,doi:10.1300/j366v06n02_06|doi:10.2753/pss0885-3134280401,0
oa:W205174627,316,0.000000,Virtual Selling: Going Beyond the Automated Sales Force to Achieve Total Sales Quality,1996,,,article,"Siebel, Thomas; Malone, Michael S.",backward,openalex,doi:10.1016/j.indmarman.2004.09.013|doi:10.1016/j.indmarman.2009.12.010|doi:10.1080/08853134.2001.10754267|doi:10.1111/j.1468-2370.2006.00128.x|doi:10.1509/jmkg.66.3.98.18510|doi:10.2753/mtp1069-6679140101|doi:10.2753/pss0885-3134280205,0
oa:W2056030761,317,0.000000,"A Longitudal Examination of Individual, Organizational, and Contextual Factors on Sales Technology Adoption and Job Performance",2006,,,article,"Jelinek, Ronald; Ahearne, Michael; Mathieu, John E.; Schillewaert, Niels",backward,openalex,doi:10.1007/s11747-009-0157-x|doi:10.1080/08853134.2013.870184|doi:10.2753/pss0885-3134290203|doi:10.2753/pss0885-3134330303,0
oa:W2169236709,318,0.000000,The Use of an “Expert” to Train Salespeople,2013,,Journal of Personal Selling and Sales Management,article,"Rubash, Arlyn R.; Sullivan, Rawlie R.; Herzog, Paul H.",backward,openalex,doi:10.1080/08853134.2004.10749040,0
oa:W2197783129,319,0.000000,High Touch Through High Tech: The Impact of Salesperson Technology Usage on Customer Satisfaction and Sales Performance,2008,,,article,"Ahearne, Michael; Jones, Eli; Rapp, Adam; Mathieu, John E.",backward,openalex,doi:10.1016/j.indmarman.2013.08.005,0
oa:W2336183712,320,0.000000,Enabling Technologies for CRM Solutions,2004,,Fujitsu Scientific and Technical Journal,article,"Fumihiro, V; Toyoaki, Maruyama V; Furusawa; Mikihara, Hajime; Ryo, V; Yugami, Ochitani V Nobuhiro",backward,openalex,doi:10.1504/ijmed.2007.013154,0
oa:W2401494627,321,0.000000,Hummel's Digital Transformation Toward Omnichannel Retailing: Key Lessons Learned,2015,,CBS Research Portal (Copenhagen Business School),article,"Hansen, Rina; Kien, Sia Siew",backward,openalex,doi:10.1108/jrim-12-2015-0094,0
oa:W2484698134,322,0.000000,Managing Customer Relationships in the e-Business Economy,2000,,Journal of Scientific & Industrial Research,article,"Chatteriee, Jayanta",backward,openalex,doi:10.1504/ijmed.2007.013154,0
oa:W2606765037,323,0.000000,"Data Mining im praktischen Einsatz : Verfahren und Anwendungsfälle für Marketing, Vertrieb, Controlling und Kundenunterstützung",2000,,,article,"Alpar, Paul; Niedereichholz, Joachim",backward,openalex,doi:10.1007/978-3-8349-6618-6_4,0
oa:W2626885555,324,0.000000,Industrie 4.0 Wie intelligente Vernetzung und kognitive Systeme unsere Arbeit verändern,2014,,,article,"Gram, Markus; Biedermann, Hubert",backward,openalex,doi:10.1007/s12651-016-0200-6,0
oa:W2746223488,325,0.000000,"Industrie 4.0 in Produktion, Automatisierung und Logistik. Anwendung · Technologien · Migration",2014,,,article,"Bauernhansl, Thomas; Hompel, Michael ten; Vogel‐Heuser, Birgit",backward,openalex,doi:10.1007/s11846-018-0283-2,0
oa:W2794940484,326,0.000000,Shifting operations to Factory of the Future: a survey of European manufacturing companies,2017,,,article,"Pessot, Elena; Battistella, Cinzia; Toni, Alberto F. De; Zan, Alberto De; Ocello, E.",backward,openalex,doi:10.1080/09537287.2019.1631468,0
oa:W2886112528,327,0.000000,Customer Relationship Management and E-Business: More Than a Software Solution,2003,,Review of Business,article,"Ragins, Edna Johnson; Greco, Alan J.",backward,openalex,oa:W1583056480,0
oa:W2994184372,328,0.000000,Realizing Business Benefits Through CRM: Hitting the Right Target in the Right Way.,2002,,Journal of the Association for Information Systems,article,"Goodhue, Dale L.; Wixom, Barbara H.; Watson, Hugh J.",backward,crossref|openalex,doi:10.1016/j.indmarman.2007.02.005|doi:10.1080/09652540701726793|doi:10.1080/14783360701350961|doi:10.1108/14637150710721177|doi:10.1108/jsbed-01-2012-0013,0
oa:W305462290,329,0.000000,A Model of Factor Influences on Electronic Commerce Adoption and Diffusion in Small-and Medium-sized Enterprises,2000,,Journal of the Association for Information Systems,article,"Chong, Sandy; Bauer, Christian",backward,openalex,doi:10.1016/j.im.2014.03.006,0
oa:W3128157164,330,0.000000,Artificial Intelligence and Machine Learning In Business,2019,,International Journal on Integrated Education,article,"Whig, Pawan",backward,openalex,doi:10.7903/cmr.19970,0
oa:W37064435,331,0.000000,Automatización para aumentar las ventas y mejorar el márketing,1989,,Harvard-Deusto business review,article,"Moriarty, Rowland T.; Swartz, Gordon S.",backward,openalex,doi:10.2753/mtp1069-6679140101,0
oa:W591371007,332,0.000000,Principles of Customer Relationship Management,2007,,,article,"Baran, Roger J.; Galka, Roger J.; Strunk, Daniel P.",backward,openalex,doi:10.1080/1051712x.2011.574252,0
oa:W609451419,333,0.000000,Sales Force Automation Using Web Technologies,1997,,,article,"Khandpur, Navtej; Wevers, Jasmine",backward,openalex,doi:10.1016/j.bushor.2013.06.002|doi:10.1016/j.indmarman.2004.09.020|doi:10.2753/mtp1069-6679140101|doi:10.2753/pss0885-3134290203|doi:10.2753/pss0885-3134320205,0
oa:W91447311,334,0.000000,Avoid the four perils of CRM.,2002,,PubMed,article,"Rigby, Darrell K.; Reichheld, Frederick F.; Schefter, Phil",backward,crossref|openalex,doi:10.1016/j.ijresmar.2009.03.006|doi:10.1016/j.indmarman.2004.09.017|doi:10.1016/j.indmarman.2021.08.006|doi:10.1016/j.reimke.2015.07.001|doi:10.1080/08853134.2004.10749038|doi:10.1080/09652540701726793|doi:10.1080/0965254x.2013.876069|doi:10.1080/1051712x.2011.574252|doi:10.1080/14783360701350961|doi:10.1108/02634500910955254|doi:10.1108/08858620710722824|doi:10.1111/j.1468-2370.2006.00128.x|doi:10.1504/ijima.2012.046255|doi:10.1509/jmkg.73.6.61|doi:10.17705/1cais.01430|doi:10.2753/pss0885-3134280401,0
oa:W97579959,335,0.000000,"Executive Response: CRM is Changing Our Eras, the Information We Require, and Our Processes...",2008,,Journal of the Association for Information Systems,article,"Swift, Ronald S.",backward,openalex,doi:10.1016/j.indmarman.2007.02.005,0
sig:00525734cc5ccdee,336,0.000000,Making Every Customer Relationship Count: Exploring the Business Drivers and Technology Enablers of Customer Relationship Management,,,,,Harper D.,backward,crossref,doi:10.1080/08874417.2001.11647013,1
sig:01e3c2342b3c76c5,337,0.000000,"Rivers, L.M. and Dart, J. (1999), “The acquisition and use of sales force automation by mid‐sized manufactures”, Journal of Personal Selling and Sales Management, Vol. 19 No. 2, pp. 59‐73.",,,,,,backward,crossref,doi:10.1108/02634500410542752,1
sig:024ba2be9d033fb2,338,0.000000,"EverString (2018), “The state of artificial intelligence in B2B marketing”, available at: http://xd07g309cu21kppg63qolt4t-wpengine.netdna-ssl.com/wp-content/uploads/2018/04/AI-in-B2B-marketing_ES_FINAL.pdf",,,,,,backward,crossref,doi:10.1108/jbim-10-2018-0295,1
sig:027d907816431726,339,0.000000,"Wedell, A. and Hempeck, D. (1987), “Sales force automation – here and now”, Journal of Personal Selling & Sales Management, Vol. 7 No. 2, pp. 11‐16.",,,,,,backward,crossref,doi:10.1108/08858620710722824,1
sig:02c1699875c1bceb,340,0.000000,Selling the sales force on automation,2006,,Harvard Business Review,,Cotteleer M.,backward,crossref,doi:10.1300/j366v06n02_06,1
sig:02dfd47cea61decf,341,0.000000,"Erffmeyer, R.C. and Johnson, D.A. (2001), “An exploratory study of salesforce automation practices: expectations and realities”, Journal of Personal Selling & Sales Management, Vol. XXI No. 2, pp. 167‐75.",,,,,,backward,crossref,doi:10.1108/08858620510576766,1
sig:033639de17e59bfe,342,0.000000,Four real-world stories of B2B marketers unlocking growth through AI,2019,,LinkedIn,,Fleming,backward,crossref,doi:10.1016/j.bushor.2020.01.003,1
sig:039a51862ab7f0f4,343,0.000000,Block Jonathan Jeff Golterman Joel Wecksell Karen J. Scherburger and Wendy S. Close (1996) “Building Blocks for Technology Enabled Selling ” Gartner Group Research Report R-100–104 Stamford CT.,,,,,,backward,crossref,doi:10.1080/08853134.2004.10749040,1
sig:05469a65b5382998,344,0.000000,"Moriarty, R.T. and Swartz, G.S. (1989), “Automation to boost sales and marketing”, Harvard Business Review, January‐February, pp. 100‐8.",,,,,,backward,crossref,doi:10.1108/08858620010335083,1
sig:05645b9027026de0,345,0.000000,Desisto Robert P. (2003) “Future of Selling and Technology: Questions and Answers ” Gartner Group Research Report QA-19–5652 Stamford CT.,,,,,,backward,crossref,doi:10.1080/08853134.2005.10749057,1
sig:0683fb9891247e26,346,0.000000,"15. Erffmeyer , R.C. and Johnson , D.A. ( 2001 ) An exploratory study of sales force automation practices: expectations and realities . Journal of Personal Selling and Sales Management , Vol. 21 ( 2 ) , Spring, pp. 167 – 175 .",,,,,,backward,crossref,doi:10.4324/9780080949611-21,1
sig:073e26c593c97b50,347,0.000000,"“Beating Sales Force Technophobia,”",1998,,Sales and Marketing Management,,Campbell Tricia,backward,crossref,doi:10.1080/08853134.2002.10754303,1
sig:08c3e781fa6f3435,348,0.000000,"Block, Jonathan, Jeff Golterman, Joel Wecksell, Karen Scher-burger, and Wendy Close (1996), “Building Blocks for Technology Enabled Selling,” Gartner Group Research Report R-100–104, Stamford, CT.",,,,,,backward,crossref,doi:10.2753/pss0885-3134280205,1
sig:08d9162ac19913f2,349,0.000000,"Leifer, S.C. (1999), “Bringing business intelligence to sales force automation”, American Salesman, Vol. 44 No. 5, pp. 26‐30.",,,,,,backward,crossref,doi:10.1108/17557501111132136,1
sig:095194dc56b85069,350,0.000000,"McLachlan, G. (1992, “Sales force automation, ” Computerworld, No. 26, December 14, pp. Si‐S9.",,,,,,backward,crossref,doi:10.1108/08858629710188036,1
sig:09dddab0bfbdb12a,351,0.000000,Beating the sales force technophobia,1998,,Sales and Marketing Management,,Campbell,backward,crossref,doi:10.1016/j.ijresmar.2007.09.003|doi:10.1016/j.indmarman.2004.09.013|doi:10.1016/j.indmarman.2009.12.010,1
sig:0aedd991845061c1,352,0.000000,"“Virtual Selling,”",1996,,Success,,Siebel Thomas,backward,crossref,doi:10.1080/08853134.1999.10754172,1
sig:0b339666c5955498,353,0.000000,Working Group Industrie 4.0 (2013) Recommendations for implementing the strategic initiative Industrie 4.0: Final report of the Industrie 4.0 Working Group. http://www.acatech.de/fileadmin/user_upload/Baumstruktur_nach_Website/Acatech/root/de/Material_fuer_Sonderseiten/Industrie_4.0/Final_report__Industrie_4.0_accessible.pdf . Accessed 8 Sept 2017,,,,,,backward,crossref,doi:10.1007/s11846-018-0283-2,1
sig:0c3c575a7c32631e,354,0.000000,"Rasmussen, E. (1999), “Get plugged in: the five steps to successful salesforce automation”, Sales and Marketing Management, Vol. 151 No. 3, pp. 24‐40.",,,,,,backward,crossref,doi:10.1108/08858620510576766,1
sig:0e2be4e3f68a2d85,355,0.000000,Applied intelligent systems in business-to-business marketing,2013,,,,,backward,crossref,doi:10.1108/tqm-12-2019-0303,1
sig:0f689fd571be0c16,356,0.000000,"Siebel, Thomas M., and Michael S. Malone (1996), <i>Virtual Selling: Going Beyond the Automated Sales Force to Achieve Total Sales Quality</i>, New York: Free Press.",,,,,,backward,crossref,doi:10.2753/mtp1069-6679140101,1
sig:0ff2582dc3c85c3a,357,0.000000,"Halzack Sarah (2017), “Robots and Artificial Intelligence Set to Upend the Art of Making a Sale,” The Washington Post, January 18 (accessed January 19, 2017), [available at https://www.washingtonpost.com/news/business/wp/2017/01/18/robots-and-artificial-intelligence-set-to-upend-the-art-of-making-a-sale/?utm_term=.155afad65ebd].",,,,,,backward,crossref,doi:10.1177/1094670517752459,1
sig:111da0bd002e7279,358,0.000000,How marketers are using machine learning to cross-sell and upsell,2017,,Principa,,Diaz,backward,crossref,doi:10.1016/j.bushor.2020.01.003,1
sig:11d99966aed7efbe,359,0.000000,"Caudron, S. (1996), “Sales‐force automation comes of age”, Industry Week, Vol. 245 No. 10, pp. 146‐52.",,,,,,backward,crossref,doi:10.1108/08858620010335083,1
sig:123dce79eed3e205,360,0.000000,"Graetz G., Michaels G. (2015) ‘Robots at Work’, Centre for Economic Performance (CEP) Discussion Paper 1135, London: London School of Economics, URL (consulted 10 March 2016): www.cep.lse.ac.uk/pubs/download/dp1335.pdf",,,,,,backward,crossref,doi:10.1177/1440783317726591,1
sig:12ed1ccf8ec0d176,361,0.000000,Sales force automation acceptance: An exploratory study of the role of job experience,2004,,Journal of Applied Business Research,,Guan,backward,crossref,doi:10.1016/j.bushor.2009.01.001|doi:10.1016/j.indmarman.2004.09.014,1
sig:13d71c07153cc499,362,0.000000,"Kagermann H, Lukas W-D, Wahlster W (2011) Industrie 4.0: Mit dem Internet der Dinge auf dem Weg zur 4. industriellen Revolution. VDI Nachrichten 2011(13):2",2011,,VDI Nachrichten,,H Kagermann,backward,crossref,doi:10.1007/s11846-018-0283-2,1
sig:14cd2eba8a36eb29,363,0.000000,When reps resist automation,1998,,Sales and Marketing Management,,Boone,backward,crossref,doi:10.1016/j.indmarman.2004.09.013|doi:10.1016/j.indmarman.2009.12.010,1
sig:1570d1134763df64,364,0.000000,Neural networks for target selection in direct marketing,2001,,,,Potharst,backward,crossref,doi:10.1016/j.indmarman.2017.12.019,1
sig:1922fe98fda308f9,365,0.000000,Assimilation of Enterprise Systems: The Effect of Institutional Pressures and the Mediating Role of Top Management,2007,,MIS Quarterly,,Huigang Liang,backward,crossref,doi:10.2753/mtp1069-6679190204,1
sig:1a2efc77fb703b02,366,0.000000,High Impact Sales Force Automation.,1997,,,,Petersen Glen S.,backward,crossref,doi:10.1509/jmkg.66.3.98.18510,1
sig:1b314515fab72f6f,367,0.000000,"“The Acquisition and Use of Sales Force Automation by Mid-Sized Manufacturers,”",1999,,Journal of Personal Selling and Sales Management,,Rivers L.M.,backward,crossref,doi:10.1080/08853134.2002.10754306,1
sig:1d1f9ff298dcb575,368,0.000000,"Moriarty, R.T. and Swartz, G.S. (1989), “Automation to boost sales and marketing”, Harvard Business Review , January-February, pp. 100-108.",,,,,,backward,crossref,doi:10.1108/jbim-01-2015-0001,1
sig:1d6c3da1246649da,369,0.000000,Jones Suresh Sundaram and Wynne Chin (2002) “Factors Leading to Sales Force Automation Use: A Longitudinal Analysis ” Journal of Personal Selling & Sales Management 22 3 (Summer) 145–156.,,,,,,backward,crossref,doi:10.1080/08853134.2005.10749061,1
sig:1d8c157d508ecd67,370,0.000000,Sales enablement tools: Boost or bust?,2006,,Sales and Marketing Management,,Jacobs,backward,crossref,doi:10.1016/j.indmarman.2008.04.004,1
sig:212d8aeb31541f42,371,0.000000,An exploratory study of sales force automation practices: expectations and realities,2001,,Journal of Personal Selling and Sales Management,,Erffmeyer R.C.,backward,crossref,doi:10.1111/j.1468-2370.2006.00128.x,1
sig:23316cfcf71a4561,372,0.000000,"Scholder, E.P., Bearden, W.O. and Sharma, S. (1991), “Resistance to technological innovations: an examination of the role of self‐efficacy and performance satisfaction”, Journal of the Academy of Marketing Science, Vol. 19, Fall, pp. 297‐307.",,,,,,backward,crossref,doi:10.1108/08858620010311548,1
sig:2402f6b637bce9bb,373,0.000000,"Ahearne, M. and Schillewaert, N. (2001), “The acceptance of information technology in the sales force”, eBusiness Research Center, Working Paper 10‐2000, Penn State University, University Park, PA.",,,,,,backward,crossref,doi:10.1108/08858620710722824,1
sig:24a3824299c73e40,374,0.000000,"Rogers, B., Stone, M., & Foss, B. (2008). “Integrating the value of sales people and systems: Adapting the benefits dependency network.” Database Marketing & Customer Strategy Management, 15(4), 221-232.",2008,,Database Marketing & Customer Strategy Management,,B Rogers,backward,crossref,doi:10.1007/978-3-319-10951-0_231,1
sig:24b6dae28a6aeca9,375,0.000000,"Allen, R. (2017, June 29). 15 Applications of Artificial Intelligence in Marketing. LinkedIn. Retrieved from https://www.linkedin.com/pulse/15-applications-artificial-intelligence-marketing-robert-allen/",,,,,,backward,crossref,doi:10.4018/ijeei.2018070102,1
sig:2580c495ba6b1b2c,376,0.000000,"Taylor, T.C. (1994), “Valuable insights on sales automation progress”, Sales Process Engineering & Automation Review, December, pp. 19‐21.",,,,,,backward,crossref,doi:10.1108/08858620010335083,1
sig:25e6084a36efefd0,377,0.000000,Industrie 4.0. Wie intelligente Vernetzung und kognitive Systeme unsere Arbeit verändern,2014,,,,W. Kersten,backward,crossref,doi:10.1007/s12651-016-0200-6,1
sig:26d8f4af6920aa3b,378,0.000000,"Antonio, V. (2018). How AI is changing sales. Harvard Business Review, July 30. Retrieved February 11, 2019 from https://hbr.org/2018/07/how-ai-is-changing-sales .",,,,,,backward,crossref,doi:10.1007/s11747-019-00696-0,1
sig:27bc842357afca50,379,0.000000,"Boonghee, Y. , Schuler, D. and Sneide, G. (2003), “Do information technology-savvy salespeople sell more? An exploratory study of the use of information technologies on salesperson performance”, Marketing Management Journal , Vol. 13 No. 1, pp. 14-22.",,,,,,backward,crossref,doi:10.1108/jbim-01-2015-0001,1
sig:294329a69628a6ec,380,0.000000,Get Plugged In: The 5 Steps to Successful Sales Force Automation,1999,,Sales and Marketing Management,,Rasmusson E.,backward,crossref,doi:10.1300/j366v06n02_06,1
sig:2b7c6553444803ad,381,0.000000,77% of marketing execs see AI adoption growing this year,2018,,Forbes,,Columbus,backward,crossref,doi:10.1016/j.bushor.2019.12.002,1
sig:2c5147e74628e092,382,0.000000,Hannaman David W. (2000) 'How Sales Automation is Changing the Organization ” <http://www.c3I-inc.com/art_organization.htm> (viewed 03 March 2000).,,,,,,backward,crossref,doi:10.1080/08853134.2001.10754267,1
sig:2d05cf541b781106,383,0.000000,"Zuboff, Shoshana (1988),In the Age of the Smart Machine: The Future of Work and Power,New York: Basic Books.",,,,,,backward,crossref,doi:10.2753/pss0885-3134320307,1
sig:3096e5d6619d298d,384,0.000000,McCrea Philip N. (1998) “Cost Justifying Sales Force Automation Investments” http://www.c3i-inc.com./news/articles/wpctben.htm (viewed 15 June 1998).,,,,,,backward,crossref,doi:10.1080/08853134.2001.10754267,1
sig:3138e921b9caa072,385,0.000000,"Khandpur, Navtej, and Jasmine Wevers (1998), Sales Force Automation Using Web Technologies, New York: Wiley.",,,,,,backward,crossref,doi:10.2753/pss0885-3134320205,1
sig:348321459b1c8b65,386,0.000000,"Harrigan, P., Schroeder, A., Qureshi, I., Fang, Y., Ibbotson, P., Ramsey, E. and Meister, D. (2008), “eCRM technologies, capabilities and SME performance benefits”, paper presented at Pacific Asia Conference on Information Systems, “Leveraging ICT for Resilient Organizations and Sustainable Growth in the Asia Pacific Region”. Suzhou, People's Republic of China, July.",,,,,,backward,crossref,doi:10.1108/14637151211232641,1
sig:3515c75eef545edb,387,0.000000,"“Sales Force Automation Comes of Age,”",1996,,Industry Week,,Caudron S.,backward,crossref,doi:10.1080/08853134.2002.10754303|doi:10.1080/08853134.2002.10754306,1
sig:370a5b131d453f03,388,0.000000,Sales force automation: Here and now,1987,,Journal of Personal Selling & Sales Management,,Wedell,backward,crossref,doi:10.1016/j.ijresmar.2007.09.003|doi:10.1016/j.indmarman.2004.09.017|doi:10.1016/j.indmarman.2009.11.003,1
sig:378ed77cfee104c2,389,0.000000,"IDC Report (2017), “Artificial intelligence: marketing”, EMARSYS, available at: www.forbes.com/sites/mariyayao/2017/06/14/is-your-company-behind-in-adopting-a-i-for-crm/#2327eef72840 (accessed 25 June 2020).",,,,,,backward,crossref,doi:10.1108/bl-08-2020-0057,1
sig:3839d13389e08924,390,0.000000,"As operational tools, CRM technologies support front-office customer-facing processes such as call centre management, customer service, sales force automation and marketing strategy automation (operational CRM). As analytical tools, CRM software apply statistical and/or data mining techniques to analyse customer data generated through operational CRM and provide insight for strategic decision making (analytical CRM). Finally, as collaboration and communications tools they are used to manage relationships with external stakeholders in a company's supply chain, such as suppliers, distributors and value-added resellers (collaborative CRM).",,,,,,backward,crossref,doi:10.1057/dbm.2012.13,1
sig:395f23fae97976ae,391,0.000000,Umsetzungsempfehlungen für das Zukunftsprojekt Industrie 4.0. Abschlussbericht des Arbeitskreises Industrie 4.0,2013,,,,,backward,crossref,doi:10.3139/104.111149,1
sig:3eb8f85f9975d246,392,0.000000,"“Re-Engineering Sales and Marketing with Advanced Information Delivery Systems,”",1995,,Sales and Marketing Management: Special Supplement,,Goldenberg Barton,backward,crossref,doi:10.1080/08853134.1999.10754172,1
sig:3ecbcd6f1cf278e5,393,0.000000,"“10 Biggest Mistakes of SFA,”",1993,,Sales and Marketing Management,,Gondert Stephen,backward,crossref,doi:10.1080/08853134.1999.10754172,1
sig:3f6d58f1ec3ace13,394,0.000000,Re-engineering sales & marketing with advanced information delivery systems,1996,,Sales and Marketing Management,,Goldenberg,backward,crossref,doi:10.1016/j.ijresmar.2007.09.003,1
sig:40342b92e98b2cf9,395,0.000000,Rivers Mark L. and Jack Dart (1999) “The Acquisition and Use of Sales Force Automation by Mid-Sized Manufacturers ” Journal of Personal Selling & Sales Management 19 2 (Spring) 59–73.,,,,,,backward,crossref,doi:10.1080/08853134.2005.10749061,1
sig:42a6cf0b1d435e6f,396,0.000000,"Rocco, R.A. and Bush, A.J. (2007), “Understanding emerging sales technologies”, Marketing in the 21st Century: Vol 3 Company and Customer Relations , Praeger, Westport, CT.",,,,,,backward,crossref,doi:10.1108/jrim-04-2015-0027,1
sig:43043ce26d1967a4,397,0.000000,"“Customer Focus Drives Sales Automation,”",1999,,Computerworld,,Hamblen M.,backward,crossref,doi:10.1080/08853134.2002.10754306,1
sig:4430663a1da54c61,398,0.000000,Influence of New-Age Technologies on Marketing,2020,,A Research Agenda. This Issue.,,Kumar,backward,crossref,doi:10.1016/j.jbusres.2020.06.062,1
sig:44a5290912602d96,399,0.000000,"Petersen, G.S. (1997), High Impact Sales Force Automation, St Lucie Press, Boca Raton, FL.",,,,,,backward,crossref,doi:10.1108/08858620010335083,1
sig:45f8edc4c36341f2,400,0.000000,"Jones, E., Sundaram, S. and Chin, W. (2002), “Factors leading to salesforce automation use: a longitudinal analysis”, Journal of Personal Selling & Sales Management, Vol. 22 No. 3, pp. 145‐57.",,,,,,backward,crossref,doi:10.1108/08858620510576766,1
sig:464b5c75786b9048,401,0.000000,"Khandpur, N., and J. Wevers (1998), <i>Sales Force Automation Using Web Technologies</i>, New York: Wiley.",,,,,,backward,crossref,doi:10.2753/mtp1069-6679140101,1
sig:4671a9897bc8cbf3,402,0.000000,3 Things to Keep in Mind as AI Comes to Sales,2018,,CRM Magazine,,Dickie Jim,backward,crossref,doi:10.1080/08853134.2018.1557525,1
sig:477381493d9904b8,403,0.000000,"“Bringing Business Intelligence to Sales Force Automation,”",1999,,American Salesman,,Lejfer S.C.,backward,crossref,doi:10.1080/08853134.2002.10754306,1
sig:47c73498cbc31625,404,0.000000,"Microsoft (2018), “AI retail playbook: transformation strategies for intelligent retail”, available at: http://info.microsoft.com/rs/157-GQE-382/images/Final%20AI%20Retail%20Playbook.pdf (accessed February 2, 2018).",,,,,,backward,crossref,doi:10.1108/josm-04-2018-0119,1
sig:4bacd9afa1c79d7b,405,0.000000,Shoemaker Mary E. (2001) “A Framework for Examining ITEnabled Market Relationships ” Journal of Personal Selling & Sales Management 21 2 (Spring) 177–185.,,,,,,backward,crossref,doi:10.1080/08853134.2004.10749038|doi:10.1080/08853134.2004.10749039|doi:10.1080/08853134.2004.10749040|doi:10.1080/08853134.2005.10749061|doi:10.1080/08853134.2005.10749068,1
sig:4dff8e1f40cbf43b,406,0.000000,"Gans, J., Agrawal, A., & Goldfarb, A. (2017). How AI will change strategy: A thought experiment. Harvard business review online. Retrieved February 11, 2019 from https://hbr.org/product/how-ai-will-change-strategy-a-thought-experiment/H03XDI-PDF-ENG .",,,,,,backward,crossref,doi:10.1007/s11747-019-00696-0,1
sig:4e67249078ec8bb7,407,0.000000,Rivers L. Mark and Jack Dart (1999) “The Acquisition and Use of Sales Force Automation by Mid-Sized Manufacturers ” Journal of Personal Selling & Sales Management 19 2 (Spring) 59–73.,,,,,,backward,crossref,doi:10.1080/08853134.2004.10749039|doi:10.1080/08853134.2004.10749040,1
sig:5109842fab9af1ed,408,0.000000,"Ahearne, Michael, and Niels Schillewaert (2001), “The Effect of Information Technology on Salesperson Performance,” ISBM Working Paper Series, Pennsylvania State University, University Park.",,,,,,backward,crossref,doi:10.2753/pss0885-3134290203,1
sig:5291f3aa5a698770,409,0.000000,Jones Eli S. Sundaram and Wynne Chin (2002) “Factors Leading to Sales Force Automation Use ” Journal of Personal Selling & Sales Management 22 3 (Summer) 145–156.,,,,,,backward,crossref,doi:10.1080/08853134.2005.10749057,1
sig:533674b56e5d427b,410,0.000000,The acquisition of sales force automation by mid-sized manufacturers,1999,,Journal of Personal Selling & Sales Management,,Rivers,backward,crossref,doi:10.1016/j.ijresmar.2007.09.003,1
sig:535aa8e621a29850,411,0.000000,"Wilson J., Daugherty P., & Shukla P. (2016). How one clothing company blends AI and human expertise. Harvard Business Review, November 21. Retrieved February 11 from https://hbr.org/2016/11/how-one-clothing-company-blends-ai-and-human-expertise .",,,,,,backward,crossref,doi:10.1007/s11747-019-00696-0,1
sig:54f3a35ed77b5baf,412,0.000000,Automation to boost sales and marketing,1989,,Harvard Business Review,,Moriarty,backward,crossref,doi:10.1016/0268-4012(90)90035-q|doi:10.1016/j.ijresmar.2007.09.003|doi:10.1016/j.indmarman.2009.11.003|doi:10.1016/s0167-8116(97)00009-8,1
sig:55017a6e6fddcca4,413,0.000000,"Hullinger, J. (2016). What the Lowe’s robot will do for you – and the future of retail. Retrieved February 11, 2019 from http://campfire-capital.com/retail-innovation/sales-channel-innovation/what-the-lowes-robot-will-do-for-you-and-the-future-of-retail/ .",,,,,,backward,crossref,doi:10.1007/s11747-019-00696-0,1
sig:552a8f8e8decf487,414,0.000000,The Hidden Minefields in the Adoption of Sales Force Automation Technologies,2002,,Journal of Marketing,,Cheri Speier,backward,crossref,doi:10.2753/pss0885-3134330205,1
sig:55b715bf49c6a910,415,0.000000,"Manssen, L.B. (1990), “Using PCs to automate and innovate marketing activities”, Industrial Marketing Management, Vol. 19, August, pp. 209‐13.",,,,,,backward,crossref,doi:10.1108/08858620010311548,1
sig:587a09456b6ab2b5,416,0.000000,Orlob Chris. 2017. “Will Your B2B Sales Job Survive AI.” Destination CRM July 20. Accessed November 9 2018. https://www.destinationcrm.com/Articles/ReadArticle.aspx?ArticleID=119469.,,,,,,backward,crossref,doi:10.1080/08853134.2018.1557525,1
sig:5b06edbb2a0f5954,417,0.000000,"Jones, E., Sundaram, S. and Chin, W. (2002), “Factors leading to sales force automation use: a longitudinal analysis”, Journal of Personal Selling & Sales Management, Vol. 22 No. 3, pp. 145‐56.",,,,,,backward,crossref,doi:10.1108/08858620710722824,1
sig:5e4736c38408c8f7,418,0.000000,"Magic quadrant for sales force automation, 2007",2007,,,,Desisto,backward,crossref,doi:10.1016/j.indmarman.2009.12.010,1
sig:5f1ba2d7eb12082e,419,0.000000,The impact of CRM on firm- and relationship-level performance in distribution networks,2004,,Communications of the Association for Information Systems,,Kim,backward,crossref,doi:10.1016/j.im.2012.09.005,1
sig:5fd440b86c6cb196,420,0.000000,"Davenport, T. H., & Ronanki, R. (2018). Artificial intelligence for the real world. Harvard Business Review, 96(1), 108–116.",2018,,Harvard Business Review,,TH Davenport,backward,crossref,doi:10.1007/s11747-019-00696-0,1
sig:5fdc3823ca0e75a8,421,0.000000,Goldenberg B. (1996) “Re-Engineering Sales & Marketing with Advanced Information Delivery Systems ” Sales & Marketing Management 148 (Special Supplement) S1–S31.,,,,,,backward,crossref,doi:10.1080/08853134.2005.10749057,1
sig:5fed6f357633315d,422,0.000000,"Collins, R. H., (1985a) “Microcomputer Systems to Handle Sales Leads: A Key to Increased Salesforce Productivity.”Journal of Personal Selling and Sales Management 5 1 (May):77–83.",1985,,Journal of Personal Selling and Sales Management,,R. H. Collins,backward,crossref,doi:10.1007/bf02723403,1
sig:61ec07c4e9736322,423,0.000000,"“An Exploratory Study of Sales Force Automation Practices: Expectations and Realities,”",2001,,Journal of Personal Selling and Sales Management,,Erffmeyer Robert C.,backward,crossref,doi:10.1080/08853134.2002.10754303,1
sig:6275db428643025d,424,0.000000,"Schillewaert, N., Ahearne, M.J., Frambach, R.T. and Moenaert, R.K. (2001), “The acceptance of information technology in the sales force”, eBusiness Research Center, Working Paper, 7‐2000, Penn State University, University Park, PA.",,,,,,backward,crossref,doi:10.1108/08858620710722824,1
sig:635e541c8b20f0fc,425,0.000000,"Rivers, M. L. and Dart, J. (1999) ‘The acquisition and use of sales force automation by mid-sized manufacturers’, Journal of Personal Selling and Sales Management, Vol. 19, No. 2, pp. 59–73.",1999,,Journal of Personal Selling and Sales Management,,ML Rivers,backward,crossref,doi:10.1057/palgrave.dbm.3250034,1
sig:63dd5ca76d7cff63,426,0.000000,"“Choices in Sales Automation,”",1997,,Advertising Age's Business Marketing,,Freeman Laurie,backward,crossref,doi:10.1080/08853134.1999.10754172,1
sig:640ae92623fdc81a,427,0.000000,Melas Ioannis. 2018. “Harnessing the Power of Digital Selling.” Ernst & Young New Business Trends in Information Technology. Accessed October 2 2018. https://www.salesforce.com/research/it-innovation-new-biz-trend/.,,,,,,backward,crossref,doi:10.1080/08853134.2018.1557525,1
sig:64d1b50f21061422,428,0.000000,Re-engineering sales and marketing with advanced information delivery systems,1996,,"Sales and Marketing Management, Special Supplement",,Goldenberg,backward,crossref,doi:10.1016/j.indmarman.2004.09.013,1
sig:65e2429281bff3be,429,0.000000,"Imhoff, Claudia, and List Loftis (2002), ""CRM Marketing Automation: Instant Analytics-Or Is It?"" <i>DM Review</i>, August 2002 (available at",,,,,,backward,crossref,doi:10.2753/mtp1069-6679140101,1
sig:66591c1402290f8c,430,0.000000,Effect of technology on sales performance: progressing from technology acceptance to technology usage and consequence,2004,,Journal of Personal Selling and Sales Management,,Ahearne M.,backward,crossref,doi:10.1111/j.1468-2370.2006.00128.x,1
sig:679e6ffd6bcae7eb,431,0.000000,"Internet of things and marketing: the state of play, future trends and the implications for marketing",2017,,Journal of Marketing Management,,,backward,crossref,doi:10.1108/bl-02-2019-0069,1
sig:69688fe320f5d1c7,432,0.000000,"Bechtold J, Kern A, Lauenstein C, Bernhofer L (2014) Industry 4.0—the capgemini consulting view: sharpening the picture beyond the hype. https://www.de.capgemini-consulting.com/resource-file-access/resource/pdf/capgemini-consulting-industrie-4.0_0.pdf . Accessed 8 Sept 2017",,,,,,backward,crossref,doi:10.1007/s11846-018-0283-2,1
sig:699bab5a89b9b9d7,433,0.000000,"Block, J., Golterman, J., Wecksell, J., Scherburger, K., & Close, W. (1996). Building blocks for technology enabled selling, Gartner Group Research Report R-100-104, Stamford, CT: Gartner Group.",,,,,,backward,crossref,doi:10.1016/j.indmarman.2004.09.015,1
sig:69ade8a65693efdc,434,0.000000,An exploratory study of sales force automation,2001,,Journal of Personal Selling and Sales Management,,Erffmeyer,backward,crossref,doi:10.1016/j.indmarman.2004.09.012|doi:10.1016/j.indmarman.2004.12.002,1
sig:6d3378c673bee9dc,435,0.000000,"“Configuration Systems Empower Sales Forces,”",1999,,Advertising Age's Business Marketing,,Nelson K.,backward,crossref,doi:10.1080/08853134.2002.10754306,1
sig:6d6d25722182c1c6,436,0.000000,Virtual Selling: Going Beyond the Automated Sales Force to Achieve Total Sales Quality,1996,,,,Siebel T.M.,backward,crossref,doi:10.1111/j.1468-2370.2006.00128.x,1
sig:6e33eb6214ebbd48,437,0.000000,"Luo, X., Tong, S., Fang, Z. & Zhe, Q. (2019). Machines vs. humans: The impact of chatbot disclosure on consumer purchases. Unpublished working paper.",,,,,,backward,crossref,doi:10.1007/s11747-019-00696-0,1
sig:6e7a817b76a9b863,438,0.000000,"Harding, K. (2017). AI and machine learning for predictive data scoring. Retrieved February 11, 2019 from https://www.objectiveit.com/blog/use-ai-and-machine-learning-for-predictive-lead-scoring on 13 February 2019 .",,,,,,backward,crossref,doi:10.1007/s11747-019-00696-0,1
sig:6ef98109547ac3cf,439,0.000000,"Gaudin, S. (2016). At stitch fix, data scientists and a.I. become personal stylists. Retrieved February 11, 2019 from https://www.computerworld.com/article/3067264/artificial-intelligence/at-stitch-fix-data-scientists-and-ai-become-personal-stylists.html .",,,,,,backward,crossref,doi:10.1007/s11747-019-00696-0,1
sig:70c406d576693b87,440,0.000000,"“Microcomputer Applications in Selling and Sales Management: Portable Computers: Applications to Increase Salesforce Productivity,”",1984,,Journal of Personal Selling & Sales Management,,Collins Robert H.,backward,crossref,doi:10.1080/08853134.2001.10754267,1
sig:711547e506df0dc7,441,0.000000,"Wolter, M.I., Mönnig, A., Hummel, M., Schneemann, C., Weber, E., Zika, G., Helmrich, R., Maier, T., Neuber-Pohl, C.: Industrie 4.0 und die Folgen für Arbeitsmarkt und Wirtschaft. Szenario-Rechnungen im Rahmen der BIBB-IAB-Qualifikations- und Berufsfeldprojektionen. IAB-Forschungsbericht. 8 (2015)",,,,,,backward,crossref,doi:10.1007/s12651-016-0200-6,1
sig:722a73dbf86bdd74,442,0.000000,"“Sales-Force Automation Ramps Up,”",1998,,InfoWorld,,Holt S.,backward,crossref,doi:10.1080/08853134.2002.10754306,1
sig:734dc4ddeeaed265,443,0.000000,"“Sales Connection: Sales Force Automation Projects Require Organizational Support,”",1998,,PC Week,,Francis B.,backward,crossref,doi:10.1080/08853134.2002.10754306,1
sig:7665577c2c0854ce,444,0.000000,"A call to integrate: CI, customer relationship management and sales force automation",2003,,Competitive Intelligence Magazine,,Levy,backward,crossref,doi:10.1016/j.indmarman.2013.08.005,1
sig:76e67debbf6eddd6,445,0.000000,Sales force automation,1992,,,,McLachlan,backward,crossref,doi:10.1016/j.indmarman.2009.11.003,1
sig:7755c41f6bb63d3a,446,0.000000,Hurley Kevin. 2017. “11 Artificial Intelligence Tools Transforming the B2B Sales World.” Accessed October 1 2018. https://nudge.ai/artificial-intelligence-sales-tools/.,,,,,,backward,crossref,doi:10.1080/08853134.2018.1557525,1
sig:77621cf4a5d35339,447,0.000000,"Galvin, J. (2002). Increase SFA adoption with sales process mapping, Gartner Group Research Report SPA-18-2377 Gartner Group.",,,,,,backward,crossref,doi:10.1016/j.indmarman.2004.09.016|doi:10.1016/j.indmarman.2005.10.002,1
sig:77970f36d7c396f3,448,0.000000,Antonio Victor. 2018. “How AI is Changing Sales.” Accessed October 1 2018. https://hbr.org/2018/07/how-ai-is-changing-sales.,,,,,,backward,crossref,doi:10.1080/08853134.2018.1557525,1
sig:78548df880325c32,449,0.000000,Industrie 4.0. Scheer Grop,2013,,,,,backward,crossref,doi:10.3139/104.111149,1
sig:79e9cbcc4c75429d,450,0.000000,"Erffmeyer, R.C. and Johnson, D.A. (2001), “An exploratory study of sales force automation practices: expectations and realities”, Journal of Personal Selling & Sales Management, Vol. 21 No. 2, pp. 167‐75.",,,,,,backward,crossref,doi:10.1108/08858620710722824,1
sig:7a51751c487ac72a,451,0.000000,"Brinker, S. (2017, October 15). Martech and the modern marketing org (study results). Chiefmartec. Retrieved from https://chiefmartec.com/2017/10/martech-modern-marketing-organizational-structures/",,,,,,backward,crossref,doi:10.4018/ijeei.2018070102,1
sig:7a58049077cf3182,452,0.000000,"Steinberg, M. and Plank, R.E. (1987), “Expert systems: the integrative sales management tool of the future”, Journal of the Academy of Marketing Science, Vol. 15, Summer, pp. 55‐62.",,,,,,backward,crossref,doi:10.1108/08858620010311548,1
sig:7a8dd1c2aef2abf6,453,0.000000,Virtual Selling: Going Beyond the Automated Sales Force to Achieve Total Sales Quality.,1996,,,,Siebel Thomas M.,backward,crossref,doi:10.1509/jmkg.66.3.98.18510,1
sig:7c1c37ff666e0dd6,454,0.000000,"Taylor, T., (1986a) “Electronic Call Reports Boost Productivity 25%.”Sales and Marketing Management 136, 5 (April): 72–73.",1986,,Sales and Marketing Management,,T. Taylor,backward,crossref,doi:10.1007/bf02723403,1
sig:7d09d8ba33920c3f,455,0.000000,"Moriarty, R.T. and Swartz, G.S. (1989), “Automation to boost sales and marketing”, in Hartley, B. and Starkey, M. (Eds), The Management of Sales and Customer Relations, International Thomson Business Press, London, pp. 172‐86.",,,,,,backward,crossref,doi:10.1108/00251749910302854,1
sig:7d805e1f4b2f63c8,456,0.000000,Rasmusson Erika (1999) “The Five Steps to Successful Sales Force Automation ” Sales & Marketing Management 151 (3) 34–40.,,,,,,backward,crossref,doi:10.1080/08853134.2004.10749040,1
sig:7eb1ac1eaa49800f,457,0.000000,Automation: The 10 biggest mistakes of SFA (and how to avoid them),1993,,Sales and Marketing Management,,Gondert,backward,crossref,doi:10.1016/j.bushor.2009.01.001|doi:10.1016/j.indmarman.2004.09.014,1
sig:7f107795deeb333a,458,0.000000,SFA and Sales Performance: do experience and expertise matter?,2004,,Journal of Personal Selling and Sales Management,,Ko D.G.,backward,crossref,doi:10.1111/j.1468-2370.2006.00128.x,1
sig:7f21c8930ea3028e,459,0.000000,"Power, B. (2017). How AI is streamlining marketing and sales. Harvard Business Review, June 12. Retrieved February 11, 2019 from https://hbr.org/2017/06/how-ai-is-streamlining-marketing-and-sales .",,,,,,backward,crossref,doi:10.1007/s11747-019-00696-0,1
sig:7f78248ed5539c68,460,0.000000,"Erffmeyer, C.R. and Johnson, A.D. (2001), “An exploratory study of sales force automation practices: expectations and realities”, Journal of Personal Selling and Sales Management, Vol. 21 No. 2, pp. 167‐75.",,,,,,backward,crossref,doi:10.1108/02634500410542752,1
sig:7fdf26d687064d1c,461,0.000000,Gillan Clare (1992) “White Paper: Sales Force Automation ” Sales & Marketing Management 144 (15) 19–28.,,,,,,backward,crossref,doi:10.1080/08853134.2004.10749039,1
sig:80ccca16ffc4e478,462,0.000000,Get plugged in: The 5 steps to successful sales force automation,1999,,Sales and Marketing Management,,Rasmusson,backward,crossref,doi:10.1016/j.indmarman.2004.09.012|doi:10.1016/j.indmarman.2004.09.013,1
sig:81585ef3c61dee10,463,0.000000,"“The Acquisition and Use of Sales Force Automation by Mid-Sized Manufacturers,”",1999,,Journal of Personal Selling and Saks Management,,Rivers Mark L.,backward,crossref,doi:10.1080/08853134.2002.10754303,1
sig:833fba8f6f51af87,464,0.000000,"Scullin, S.J., Fjermestad, J. and Romano, N.C. Jr (2004), “Changes in traditional marketing due to implementation of electronic customer relationship management”, Journal of Enterprise Information Management, Vol. 18 No. 4.",,,,,,backward,crossref,doi:10.1108/14637150710721177,1
sig:83ce256e2c715a51,465,0.000000,"“White Paper: Sales Force Automation,”",1992,,Sales and Marketing Management,,Gillan Clare,backward,crossref,doi:10.1080/08853134.1999.10754172,1
sig:83e239ae9bb065cf,466,0.000000,"Block, J., Golterman, J., Wecksell, J., Scherburger, K., & Close, W. (1996) Building blocks for technology enabled selling. Gartner Group Research Report R-100-104. Gartner Group.",,,,,,backward,crossref,doi:10.1016/j.indmarman.2004.09.016,1
sig:85cce2975afed014,467,0.000000,Virtual Selling: Going Beyond the Automated Sales Force to Achieve Total Sales Quality,1996,,,,Siebel Thomas,backward,crossref,doi:10.1080/08853134.2001.10754267,1
sig:86c5d49051e02d54,468,0.000000,"Moriarty, Rowland T., and Gordon Swartz (1989), ""Automation to Boost Sales and Marketing,"" <i>Harvard Business Review</i>, <b>67</b> (1), 100-108.",,,,,,backward,crossref,doi:10.2753/mtp1069-6679140101,1
sig:86fbafce6ed0acb5,469,0.000000,Emerging technologies and value creation in business and industrial marketing,2019,,Journal of Business & Industrial Marketing,,,backward,crossref,doi:10.1108/jbim-10-2018-0295,1
sig:87645e9c0745a006,470,0.000000,"Erffmeyer, R. C. and Johnson, D. A. (2001) An exploratory study of sales force automation practices: Expectations and realities, Journal of Personal Selling and Sales Management, Vol. 21, No. 2 (Spring), pp. 167–175.",2001,,Journal of Personal Selling and Sales Management,,RC Erffmeyer,backward,crossref,doi:10.1057/palgrave.dbm.3250034,1
sig:877fab9666295625,471,0.000000,Jones Eli Suresh Sundaram and Wynne Chin (2002) “Factors Leading to Sales Force Automation Use: A Longitudinal Analysis ” Journal of Personal Selling & Sales Management 22 3 (Summer) 145–156.,,,,,,backward,crossref,doi:10.1080/08853134.2004.10749039|doi:10.1080/08853134.2004.10749040|doi:10.1080/08853134.2005.10749068,1
sig:886570ad6c6852bf,472,0.000000,"Moncrief, W.C. III, Lamb, C.W. Jr, and Mackay, J.M. (1991), “Laptop computers in industrial sales”, Industrial Marketing Management, Vol. 20, pp. 279‐85.",,,,,,backward,crossref,doi:10.1108/08858620010311548,1
sig:8aaaa6f98b36d99f,473,0.000000,"Sales and Marketing Management (1994, “More reps are entering the automation age, ” Sales and Marketing Management, April, p. 34.",,,,,,backward,crossref,doi:10.1108/08858629710188036,1
sig:8df4c5a9ca7fa31a,474,0.000000,"Colombo, George (1994), Sales Force Automation, New York: McGraw-Hill.",,,,,,backward,crossref,doi:10.2753/pss0885-3134290203,1
sig:8e1448b1e580df36,475,0.000000,Jones Eli Steven P. Brown Andris A. Zoltners and Barton A. Weitz (2005) “The Changing Environment of Selling and Sales Management ” Journal of Personal Selling & Sales Management 25 2 (Spring) 105–111.,,,,,,backward,crossref,doi:10.1080/08853134.2005.10749057,1
sig:8e3a51e581fbc8db,476,0.000000,"Rivers, L.M. and Dart, J. (1999), “The acquisition and use of salesforce automation by mid‐sized manufacturers”, Journal of Personal Selling & Sales Management, Vol. XIX No. 2, pp. 59‐73.",,,,,,backward,crossref,doi:10.1108/08858620510576766,1
sig:8f182afda99a6a4d,477,0.000000,"Dommershausen, H.; Korb, R.; Stahl, S. (1999): Marketing Automation – Marketing besser im Griff, in: CAS – Report, Das salesprofi-Special für CAS und CRM, S. 28–31.",,,,,,backward,crossref,doi:10.1007/978-3-8349-6618-6_4,1
sig:8f583b90b7670097,478,0.000000,"Pessot, E., C. Battistella, A. F. De Toni, A. De Zan, and E. Ocello. 2017. “Shifting Operations to Factory of the Future: A survey of European Manufacturing Companies.” Presented at the 8th European Decision Sciences Institute Conference, Granada, Spain, May 29–June 1.",,,,,,backward,crossref,doi:10.1080/09537287.2019.1631468,1
sig:90caa67532f9760b,479,0.000000,"Blanchet M, Rinn T, de Thieulloy G, von Thaden G (2014) Industry 4.0: the new industrial revolution. How Europe will succeed. http://www.iberglobal.com/files/Roland_Berger_Industry.pdf . Accessed 8 Sept 2017",,,,,,backward,crossref,doi:10.1007/s11846-018-0283-2,1
sig:92899ae2428d81d7,480,0.000000,"Rivers, L. Mark, and Jack Dart (1999), ""The Acquisition of Sales Force Automation by Mid-Sized Manufacturers,"" <i>Journal of Personal Selling & Sales Management</i>, <b>19, 2</b> (Spring), 59-73.",,,,,,backward,crossref,doi:10.2753/mtp1069-6679140101,1
sig:9457843005a5d499,481,0.000000,McKinsey Digital (2016) Industry 4.0 after the initial hype: Where manufacturers are finding value and how they can best capture it. https://www.mckinsey.de/files/mckinsey_industry_40_2016.pdf . Accessed 8 Sept 2017,,,,,,backward,crossref,doi:10.1007/s11846-018-0283-2,1
sig:94c7ebf68d9c7b10,482,0.000000,CRM on Steroids: Data-Driven Marketing to Enhance the Customer Experience,2016,,,,IDC,backward,crossref,doi:10.1108/bl-08-2017-0024,1
sig:95fbcb88ee303da4,483,0.000000,Recommendations for implementing the strategic initiative INDUSTRIE 4.0. Final report of the Industrie 4.0 Working Group,2013,,,,acatech,backward,crossref,doi:10.1007/978-3-658-08165-2_17,1
sig:96de933114dc5019,484,0.000000,"Sales technology, relationship-forging tasks, and sales performance in business markets",1999,,,,Hunter G. K.,backward,crossref,doi:10.1080/1051712x.2011.574252,1
sig:977218ef59410b55,485,0.000000,Domino’s to become an ‘artificial intelligence first’ business,2017,,Ad News,,Baker,backward,crossref,doi:10.1016/j.bushor.2019.12.002,1
sig:98695c8c46c71c30,486,0.000000,Fusing technology into personal selling,2002,,Journal of Personal Selling and Sales Management,,Widmier,backward,crossref,doi:10.1016/j.indmarman.2004.09.016,1
sig:9955157bedaef189,487,0.000000,"Poggi Jeanine (2017), “CMO’s Guide to Chatbots,” Advertising Age, January 3 (accessed March 21, 2017), [available at http://adage.com/article/media/cmosguidechatbots/307199/].",,,,,,backward,crossref,doi:10.1177/1094670517752459,1
sig:9a3472855cf1f730,488,0.000000,Churchill/Ford/Walker's Sales Force Management,2006,,,,Johnston Mark W.,backward,crossref,doi:10.1509/jmkg.71.1.016|doi:10.1509/jmkg.71.1.16,1
sig:9a6f58da10aed8df,489,0.000000,"Software for the hard sell—by adding functionality, sales force automation systems are overcoming a bad reputation",1998,,Information Week,,Stein,backward,crossref,doi:10.1016/j.indmarman.2004.09.014|doi:10.1016/s0019-8501(99)00115-7,1
sig:9c2c00c42f7d6d90,490,0.000000,"Gillan, C. (1992), “White paper: sales force automation”, Sales and Marketing Management, Vol. 144, December, pp. 19‐30.",,,,,,backward,crossref,doi:10.1108/02634500410542752,1
sig:9f6af38e209f0e6f,491,0.000000,Produktionsarbeit der Zukunft – Industrie 4.0,2013,,,,D. Spath,backward,crossref,doi:10.1007/s11846-018-0283-2|doi:10.1007/s12651-016-0200-6|doi:10.3139/104.111149,1
sig:a00153d87d1b1f4e,492,0.000000,"Manyika, J., Chui, M., Miremadi, M., Bughin, J., George, K., Willmott, P. and Dewhurst, M. (2017), A Future that Works: Automation, Employment, and Productivity, McKinsey Global Institute, San Francisco, CA, available at: www.mckinsey.com/global-themes/digital-disruption/harnessing-automation-for-a-future-that-works (accessed April 30, 2018).",,,,,,backward,crossref,doi:10.1108/josm-04-2018-0119,1
sig:a0544630725e0148,493,0.000000,Customer relationship management: The promise and the reality,2000,,CMA Management,,Battista P.,backward,crossref,doi:10.1111/j.1936-4490.2003.tb00303.x,1
sig:a06963524b9e86b1,494,0.000000,Why salespeople need to develop machine intelligence,2016,,Harvard Business Review,,Baumgartner,backward,crossref,doi:10.1016/j.indmarman.2017.12.019,1
sig:a229a0e122c27e76,495,0.000000,SFA and Sales Performance: Do experience and expertise matter?,2004,,Journal of Personal Selling and Sales Management,,Ko,backward,crossref,doi:10.1016/j.ijresmar.2007.09.003|doi:10.1016/j.indmarman.2009.12.010,1
sig:a246d58be1224f23,496,0.000000,Klau Rick (2003) “Driving Successful CRM Adoption ” Computerworld December 2 (available at www.computerworld .com accessed December 11 2003).,,,,,,backward,crossref,doi:10.1080/08853134.2004.10749038,1
sig:a2a9fb20cfaedf9b,497,0.000000,"Moriarty, R. T. Swartz, G. S., (1991).“The adoption of marketing and sales automation: A model to explore benefits and risks,” MSI Working Paper, No. 91–111.",,,,,,backward,crossref,doi:10.1016/j.indmarman.2004.09.013,1
sig:a501a20efce593c1,498,0.000000,The automated sales force,1996,,American Demographics,,Dulaney,backward,crossref,doi:10.1016/j.indmarman.2004.09.012,1
sig:a5496adc055c4700,499,0.000000,Sales Force Automation Ramps Up,1998,,InfoWorld,,Holt Stannie,backward,crossref,doi:10.1080/08853134.2013.870184,1
sig:a71c0043f9107bed,500,0.000000,Sales force automation: here and now,1987,,Journal of Personal Selling and Sales Management,,Wedell A.J.,backward,crossref,doi:10.1111/j.1468-2370.2006.00128.x,1
sig:a75caf813066ff09,501,0.000000,"“The 5 Steps to Successful Sales Force Automation,”",1999,,Sales and Marketing Management,,Rasmusson E.,backward,crossref,doi:10.1080/08853134.2002.10754306,1
sig:a8cb77bd8a25bd5b,502,0.000000,"Porter ME, Heppelmann JE (2014) How smart, connected products are transforming competition. Harvard Bus Rev 92(11):64–88",2014,,Harvard Bus Rev,,ME Porter,backward,crossref,doi:10.1007/s11846-018-0283-2,1
sig:aa840ef87f1041d9,503,0.000000,Hill Ned C. and Michael J. Swenson (1994) “The Impact of Electronic Data Interchange on the Sales Function ” Journal of Personal Selling & Sales Management 14 3 (Summer) 79–87.,,,,,,backward,crossref,doi:10.1080/08853134.2005.10749061,1
sig:aabcdbac53e15761,504,0.000000,"Rivers, L.M. and Dart, J. (1999), “The acquisition and use of sales force automation by mid‐sized manufacturers”, Journal of Personal Selling & Sales Management, Vol. 19 No. 2, pp. 59‐73.",,,,,,backward,crossref,doi:10.1108/08858620710722824,1
sig:ab2ffe509d1112a6,505,0.000000,"Young James, Cormier Derek (2014), “Can Robots Be Managers, Too?” Harvard Business Review, April 2 (accessed February 13, 2017), [available at http://blogs.hbr.org/2014/04/can-robots-be-managers-too/].",,,,,,backward,crossref,doi:10.1177/1094670517752459,1
sig:ad79572e2427078c,506,0.000000,"8.Colombo, G.W., Salesforce Automation, McGraw‐Hill, New York, NY, 1994.",,,,,,backward,crossref,doi:10.1108/08858629710188045,1
sig:af4dc375a4b89cfb,507,0.000000,"Rigby, D.K., Reichheld, F.F. and Schefter, P. (2002), “Avoid the four perils of CRM”, Harvard Business Review, Vol. 80 No. 2, pp. 101‐9.",,,,,,backward,crossref,doi:10.1108/02634500910955254,1
sig:b10ca77aa37676db,508,0.000000,Baumgartner T. H. Hatami and M. Valdivieso. 2016. “The New World of Sales Growth.” McKinsey & Company. Accessed November 09 2018. https://www.mckinsey.com/business-functions/marketing-and-sales/our-insights/the-new-world-of-sales-growth.,,,,,,backward,crossref,doi:10.1080/08853134.2018.1557525,1
sig:b3d4106ab8c114e5,509,0.000000,Sales technology applications: the acquisitions and use of sales force automation by mid-sized manufactures,1999,,Journal of Personal Selling and Sales Management,,Rivers,backward,crossref,doi:10.1016/j.indmarman.2009.11.003,1
sig:b5193b2a94e0330e,510,0.000000,"Good, D.J. and Stone, R.W. (1995), “Computer technology and the marketing organization: an empirical investigation”, Journal of Business Research, Vol. 34, November, pp. 197‐209.",,,,,,backward,crossref,doi:10.1108/08858620010311548,1
sig:b69cc21c6031d605,511,0.000000,`How to Avoid a CRM Failure',2001,,,,"Taschek, J.",backward,crossref,doi:10.1177/0266242609102276,1
sig:b70f246519b7be3d,512,0.000000,"Stoddard, J.E. , Clopton, S.W. and Avila, R.A. (2006), “An analysis of the effects of sales force automation on salesperson perceptions of performance”, Journal of Selling and Major Account Management , Vol. 6 No. 1, pp. 38-56.",,,,,,backward,crossref,doi:10.1108/jrim-12-2014-0075,1
sig:b861058cdd9cbf4f,513,0.000000,"Technology Marketing Corporation. (2004, June 15). Yankee Group survey shows 57 percent of sales force automation users very positive on technology use; Increasing sales effectiveness still top problem in the enterprise. Retrieved March 24, 2008, from http://www.tmcnet.com/usubmit/2004/Jun/1048518.htm",,,,,,backward,crossref,doi:10.1016/j.bushor.2009.01.001,1
sig:b867e60d2fce5ec6,514,0.000000,"Stein, T. (1998) ‘Software for the hard sell — by adding functionality, sales force automation systems are overcoming a bad reputation’, Information Week, Vol. 671, pp. 18–19.",1998,,Information Week,,T Stein,backward,crossref,doi:10.1057/palgrave.dbm.3250034,1
sig:b895f8a2500ab8eb,515,0.000000,"Siebel, Thomas M., and Michael S. Malone (1996), Virtual Selling: Going Beyond the Automated Sales Force to Achieve Total Sales Quality, New York: Free Press.",,,,,,backward,crossref,doi:10.2753/pss0885-3134280205,1
sig:b90b477dbf5886e5,516,0.000000,"Chui Michael, Manyika James, Miremadi Mehdi (2015), “Four Fundamentals of Workplace Automation,” McKinsey Quarterly, November (accessed March 5, 2017), [available at http://www.mckinsey.com/businessfunctions/digitalmckinsey/ourinsights/fourfundamentalsofworkplaceautomation].",,,,,,backward,crossref,doi:10.1177/1094670517752459,1
sig:b9719c294ed9d63f,517,0.000000,Only humans need apply: Winners and losers in the age of smart machines,2016,,,,Davenport T.,backward,crossref,doi:10.1177/0170840618765568,1
sig:b9fc83bcae8e7076,518,0.000000,"“Microcomputer Applications in Selling and Sales Management: Microcomputer Systems to Handle Sales Leads: A Key to Increased Productivity,”",1985,,Journal of Personal Selling and Sales Management,,Collins R.H.,backward,crossref,doi:10.1080/08853134.2002.10754306,1
sig:bb040195746b1662,519,0.000000,The strategic use of artificial intelligence in the digital era: systematic literature review and future research directions,2020,,International Journal of Information Management,,Borges A. F.,backward,crossref,doi:10.1155/2022/7796507,1
sig:bb2208885e7a9af3,520,0.000000,Ahearne M.andSchillewaert N.(2001). The acceptance of information technology in the sales force. eBusiness Research Center Working paper 10–2000 Penn State University.,,,,,,backward,crossref,doi:10.1111/j.1468-2370.2006.00128.x,1
sig:bb5b14d8c208b8eb,521,0.000000,"Alpar, P.; Niedereichholz, J. (2000): Einführung zu Data Mining, in: Alpar, P.; Niedereichholz, J. (Hrsg.): Data Mining im praktischen Einsatz – Verfahren und Anwendungsfälle für Marketing, Vertrieb, Controlling und Kundenunterstützung, Braunschweig/Wiesbaden, S. 1–27.",,,,,,backward,crossref,doi:10.1007/978-3-8349-6618-6_4,1
sig:bc75b7be38426cd8,522,0.000000,DataBergs - How visualization drives adoption of data initiatives in sales teams,2015,,,,Magee B.,backward,crossref,doi:10.1080/12460125.2016.1187403,1
sig:bcbc73f0a506f545,523,0.000000,Sales Force Automation,1994,,,,Colombo G.W.,backward,crossref,doi:10.1080/08853134.2002.10754306,1
sig:bd16eaa93144bd37,524,0.000000,Roe David. 2017. “Forrester Wave Finds 3 Trends Reshaping Sales Force Automation.” Accessed October 2 2018. https://www.cmswire.com/digital-marketing/forrester-wave-finds-3-trends-reshaping-sales-force-automation/.,,,,,,backward,crossref,doi:10.1080/08853134.2018.1557525,1
sig:bec81d810740688f,525,0.000000,"Campbell, Tricia (1998), “Beating the Sales Force Technophobia,” Sales and Marketing Management, 150, 68–72.",,,,,,backward,crossref,doi:10.2753/pss0885-3134320205,1
sig:bf631dbb6a189ba4,526,0.000000,Erffmeyer Robert C. and Dale A. Johnson (2001) “An Exploratory Study of Sales Force Automation Practices: Expectations and Realities ” Journal of Personal Selling & Sales Management 21 2 (Spring) 167–175.,,,,,,backward,crossref,doi:10.1080/08853134.2004.10749039|doi:10.1080/08853134.2004.10749040|doi:10.1080/08853134.2005.10749061,1
sig:c125eea80bb13b14,527,0.000000,Field sales intelligence systems,1989,,,,Stanat,backward,crossref,doi:10.1016/0268-4012(90)90035-q,1
sig:c23b6fbf592509ab,528,0.000000,“Descriptive and Predictive Analyses of Industrial Buyers' Use of Online Information for Purchasing”,2001,,The Journal of Personal Selling and Sales Management,,Kennedy Karen N.,backward,crossref,doi:10.1300/j033v11n01_09,1
sig:c567024a2c0bbffc,529,0.000000,Searching for effective CRM,2000,,Enterprise Systems Journal,,Brown S.M.,backward,crossref,doi:10.1111/j.1936-4490.2003.tb00303.x,1
sig:c5cbba7c53e22190,530,0.000000,"“Microcomputer Applications in Selling and Sales Management: Microcomputer Systems to Handle Sales Leads: A Key to Increased Productivity,”",1985,,Journal of Personal Selling & Sales Management,,Collins Robert H.,backward,crossref,doi:10.1080/08853134.2001.10754267,1
sig:c5ccb11755a31a5b,531,0.000000,Widmier Scott M. Donald W. Jackson Jr. and Deborah Brown McCabe (2002) “Infusing Technology into Personal Selling ” Journal of Personal Selling & Sales Management 22 3 (Summer) 189–198.,,,,,,backward,crossref,doi:10.1080/08853134.2004.10749040|doi:10.1080/08853134.2005.10749061,1
sig:c69cfe97f75b5a78,532,0.000000,"“White Paper: Sales Force Automation,”",1992,,Sales and Marketing Management,,Gillian C.,backward,crossref,doi:10.1080/08853134.2002.10754306,1
sig:c6f4e40f438ed6ec,533,0.000000,"Hewson, N. and Hewson, W. (1994), “The impact of computerised sales and marketing systems in the UK”, Hewson Consulting Group, Cambridge.",,,,,,backward,crossref,doi:10.1108/13522750210443191,1
sig:c8468d9c1d7c4b14,534,0.000000,"Schillewaert, N., Ahearne, M. J., Frambach, R. T., & Moenaert, R. K. (2000). The acceptance of information technology in the sales force (No. ISBM Report 15-2000): Institute for the Study of Business Markets, The Pennsylvania State University.",,,,,,backward,crossref,doi:10.1016/j.indmarman.2004.09.021,1
sig:c98b724b4bece8ab,535,0.000000,No-collar workforce: Humans and machines in one loop—collaborating in roles and new talent models,2017,,TechTrends,,A.Abbatiello,backward,crossref,doi:10.4018/ijeei.2018070102,1
sig:c9eae7aee5e5f0fd,536,0.000000,Recommendations for Implementing the Strategic Initiative INDUSTRIE 4.0,2013,,,,Kagermann H.,backward,crossref,doi:10.1080/09537287.2019.1631458,1
sig:cb7bf7b13e67ab1d,537,0.000000,Infusing technology into personal selling,2002,,Journal of Personal Selling and Sales Management,,Widmeir,backward,crossref,doi:10.1016/j.indmarman.2004.09.011|doi:10.1016/j.indmarman.2004.09.020,1
sig:cb973200200e9554,538,0.000000,"Rayport JF (2015) Is programmatic advertising the future of marketing? Harvard Business Review, 22 June. Available at: https://hbr.org/2015/06/is-programmatic-advertising-the-future-of-marketing",,,,,,backward,crossref,doi:10.1177/1461444819846449,1
sig:cf2fa9877e2f5998,539,0.000000,An analysis of the effects of sales force automation on salesperson perceptions of performance,2006,,Journal of Selling and Major Account Management,,Stoddard J. E.,backward,crossref,doi:10.1080/1051712x.2011.574252,1
sig:d13be7d13d4adeea,540,0.000000,Customer relationship management implementation gaps,2004,,Journal of Personal Selling & Sales Management,,Zabiah,backward,crossref,doi:10.1016/j.ijresmar.2007.09.003,1
sig:d1bab6ceec26794b,541,0.000000,Factors leading to sales force automation usage: a longitudinal analysis,2002,,Journal of Personal Selling and Sales Management,,Jones E.,backward,crossref,doi:10.1111/j.1468-2370.2006.00128.x,1
sig:d1f596383fa2b694,542,0.000000,"Collins, Robert H. (1984), ""Microcomputer Applications in Selling and Sales Management: Artificial Intelligence in Personal Selling,"" <i>Journal of Personal Selling & Sales Management</i>, <b>4, 1</b> (May), 58-66.",,,,,,backward,crossref,doi:10.2753/mtp1069-6679140101,1
sig:d249df32bb36bd48,543,0.000000,"Paul, H., Israr, Q., Patrick, I. and Elaine, R. (2008), “ECRM technologies, capabilities and SME performance benefits”, Proceedings of Pacific Asia Conference on Information Systems, “Leveraging ICT for Resilient Organizations and Sustainable Growth in the Asia Pacific Region”. Suzhou, People's Republic of China, July.",,,,,,backward,crossref,doi:10.1108/14637151211232641,1
sig:d2ca07eb7a1949d0,544,0.000000,"Gillan, C. (1992) ‘White paper: Sales force automation’, Sales and Marketing Management, Vol. 144 (December), pp. 19–30.",1992,,Sales and Marketing Management,,C Gillan,backward,crossref,doi:10.1057/palgrave.dbm.3250034,1
sig:d4bc11411a5a934e,545,0.000000,"Khandpur, Navtej, and Jasmine Wevers (1998), Sales Force Automation Using Web Technologies, New York: John Wiley & Sons.",,,,,,backward,crossref,doi:10.2753/pss0885-3134290203,1
sig:d4f9bcd796699410,546,0.000000,"Colombo, George W. (1994), Sales Force Automation, New York: McGraw-Hill.",,,,,,backward,crossref,doi:10.2753/pss0885-3134280401,1
sig:d60a5faedb5b9f53,547,0.000000,Sales Force Automation Tools,1996,,Computerworld,,Blodgett,backward,crossref,doi:10.1016/s0019-8501(99)00115-7,1
sig:d6d80e09a4ec359b,548,0.000000,"How Harley-Davidson used artificial intelligence to increase New York sales leads by 2,930%",2017,,Harvard Business Review,,Power,backward,crossref,doi:10.1016/j.bushor.2019.12.002|doi:10.1016/j.indmarman.2017.12.019,1
sig:d7a2732a48179512,549,0.000000,"Davis, F. D. (1986). A technology acceptance model for empirically testing new end-user information systems: Theory and results. Dissertation, Massachusetts Institute of Technology.",,,,,,backward,crossref,doi:10.1007/978-3-658-08165-2_17,1
sig:d7de7981e4a8fc03,550,0.000000,"Hunter, G.K. and Armstrong, G.M. (1998), “Sales technology, smart selling, and sales performance in business markets”, in Ronald, C.G. and Scott, M. (Eds), Enhancing Knowledge Development in Marketing , American Marketing Association, Chicago, No. 54, IL, pp. 1-2.",,,,,,backward,crossref,doi:10.1108/jrim-04-2015-0027,1
sig:da5232cdf9342476,551,0.000000,"Blodgett, M. (1995–96) Vendor tries to simplify sales force automation, Computerworld, Vol. 30, No. 1, p. 62.",1995,,Computerworld,,M Blodgett,backward,crossref,doi:10.1057/palgrave.dbm.3250034,1
sig:dac1186040a3f23e,552,0.000000,Tanner John F. Michael Ahearne Thomas W. Leigh Charlotte Mason and William Moncrief (2005) “CRM in Sales-Intensive Organizations: A Review and Future Directions ” Journal of Personal Selling & Sales Management Forthcoming.,,,,,,backward,crossref,doi:10.1080/08853134.2004.10749039,1
sig:db002ea30f95621e,553,0.000000,"Aberdeen Group (2007), “Mobile sales force effectiveness: strategies beyond mobility utilization”, Mobile SFA Benchmark Report, available at: www.salesforce.com/assets/pdf/datasheets/MobileSalesForce_effectiveness.pdf",,,,,,backward,crossref,doi:10.1108/jsit-09-2014-0068,1
sig:db3151b4adc5be40,554,0.000000,"Holt, S. (1998) ‘Sales force automation ramps up’, Info World, Vol. 20, pp. 12, 29–31.",1998,,Info World,,S Holt,backward,crossref,doi:10.1057/palgrave.dbm.3250034,1
sig:dbbfa39fcd119a81,555,0.000000,Ten Steps Toward Successful Sales Automation,1994,,Inc.,,Goldenberg,backward,crossref,doi:10.1016/s0019-8501(99)00115-7,1
sig:dc593a183304ff02,556,0.000000,Loring Evan. 2018. “How AI Will Help Sales Representatives.” Accessed October 1 2018. https://readwrite.com/2018/09/27/how-ai-will-help-sales-representatives/.,,,,,,backward,crossref,doi:10.1080/08853134.2018.1557525,1
sig:dc5d0ed79592d8ff,557,0.000000,When are CRM systems successful? The perspective of the user and the organization,2005,,Erasmus Research Institute of Management Report Series Research in Management,,Van Bruggen,backward,crossref,doi:10.1016/j.ijresmar.2007.09.003,1
sig:dc8912184562ec33,558,0.000000,"“Sales Technology Applications: The Impact of Electronic Data Interchange on the Sales Function,”",1994,,Journal of Personal Selling and Sales Management,,Hill N.C.,backward,crossref,doi:10.1080/08853134.2002.10754306,1
sig:dcfd29a6fc54b4d1,559,0.000000,"“Don't Resist Marketing Automation,”",1998,,Sales and Marketing Management,,Peppers D.,backward,crossref,doi:10.1080/08853134.2002.10754306,1
sig:dd9a0502821888f6,560,0.000000,The Internet: Boom or Bust to Sales Organizations?,2002,,Industrial Marketing Management,,Rich Gregory,backward,crossref,doi:10.1080/08853134.2013.870184,1
sig:de4f2061381df4e1,561,0.000000,"Widmier, S.M., Jackson, D.W. and McCabe, D.B. (2002), “Infusing technology into personal selling”, Journal of Personal Selling & Sales Management, Vol. 22 No. 3, pp. 189‐97.",,,,,,backward,crossref,doi:10.1108/08858620510576766,1
sig:deaaf515eb53029e,562,0.000000,"Widmier, S., Jackson, D. and McCabe, D. (2002), “Infusing technology into personal selling”, Journal of Personal Selling & Sales Management, Vol. 22 No. 3, pp. 189‐98.",,,,,,backward,crossref,doi:10.1108/08858620710722824,1
sig:e0492867df6b5e3a,563,0.000000,High Impact Sales Force Automation: A Strategic Perspective,1997,,,,Petersen G.S.,backward,crossref,doi:10.1080/08853134.2002.10754306,1
sig:e10ccf85b24473e0,564,0.000000,The Fourth Industrial Revolution,2017,,,,,backward,crossref,doi:10.1108/tqm-12-2019-0303,1
sig:e2371c18ed579541,565,0.000000,Jones Eli Suresh Sundaram and Wynne Chin (2002) “Factors Leading to Sales Force Automation Use ” Journal of Personal Selling & Sales Management 22 3 (Summer) 145–156.,,,,,,backward,crossref,doi:10.1080/08853134.2004.10749033,1
sig:e24d1f93845943c5,566,0.000000,"Barnes, M.L. and Engle, R. (1995), “Can sales force automation help you be a more effective manager?”, Sales Process Engineering & Automation Review, September, pp. 16‐19.",,,,,,backward,crossref,doi:10.1108/08858620010335083,1
sig:e2686b48fadb62d9,567,0.000000,The acquisition and use of sales force automation by mid‐size manufacturers,1999,,Journal of Personal Selling and Sales Management,,Rivers M.L.,backward,crossref,doi:10.1111/j.1468-2370.2006.00128.x,1
sig:e576ee8fd905939b,568,0.000000,"Colombo, George (1993), Sales Force Automation Using the Latest Technology to Make Your Sales Force More Competitive, New York: McGraw-Hill.",,,,,,backward,crossref,doi:10.2753/pss0885-3134290203,1
sig:e5a898f1c85eb5bb,569,0.000000,"Jones, E., Sundaram, S., & Chin, W. (2002). Factors leading to sales force automation use: A longitudinal analysis. Journal of Personal Selling & Sales Management, 22(3), 145–156.",2002,,Journal of Personal Selling & Sales Management,,E Jones,backward,crossref,doi:10.1007/s11747-009-0157-x,1
sig:e5e689c89bd53085,570,0.000000,Ahearne Michael Ronald Jelinek John E. Mathieu and Niels Schillewaert (2004) “A Longitudinal Examination of Individual Organizational and Contextual Factors on Technology Adoption and Job Performance ” Working Paper University of Connecticut Storrs.,,,,,,backward,crossref,doi:10.1080/08853134.2004.10749039,1
sig:e5f9653e88b1847d,571,0.000000,Rethinking the Salesforce: Redefining Selling To Create and Capture Customer Value,1999,,,,Rackham Neil,backward,crossref,doi:10.1080/0267257x.2003.9728226,1
sig:e633d3fa279ca43d,572,0.000000,"Petersen, Glen S. (1997), High Impact Sales Force Automation, Boca Raton, FL: St. Lucie Press.",,,,,,backward,crossref,doi:10.2753/pss0885-3134280205,1
sig:e97547f719a7b386,573,0.000000,"Stein, T. (1998), “Software for the hard sell – by adding functionality, salesforce automation systems are overcoming a bad reputation”, InformationWeek, Vol. 671, March, pp. 18‐19.",,,,,,backward,crossref,doi:10.1108/08858620510576766,1
sig:eaab4b136da399b8,574,0.000000,Automation to boost sales and marketing,1989,,Harvard Business Review,,Moriarty R.T.,backward,crossref,doi:10.1080/08874417.2007.11645991|doi:10.1111/j.1468-2370.2006.00128.x,1
sig:eb9b9af36aef332d,575,0.000000,Scheer A-W (2012) Industrierevolution 4.0 ist mit weitreichenden organisatorischen Konsequenzen verbunden! Information Management & Consulting 3:10–11,2012,,Information Management & Consulting,,A-W Scheer,backward,crossref,doi:10.1007/s12599-014-0334-4,1
sig:eded706383525154,576,0.000000,"Link, J.; Hildebrand, V. G. (1993): Database-Marketing und Computer Aided Selling – Strategische Wettbewerbsvorteile durch neue informationstechnologische Systemkonzeptionen, München.",,,,,,backward,crossref,doi:10.1007/978-3-8349-6618-6_4,1
sig:eebe96cdbba9b026,577,0.000000,"Porter, Kyle (2017) Why AI won't replace (great) salespeople, https://www.entrepreneur.com/article/292162",,,,,,backward,crossref,doi:10.1016/j.indmarman.2017.12.019,1
sig:eecdf045835ca376,578,0.000000,"Jones, Eli, Suresh Sundaram, and Wynne Chin (2002), ""Factors Leading to Sales Force Automation Use: A Longitudinal Analysis,"" <i>Journal of Personal Selling & Sales Management</i>, <b>22, 3</b> (Summer), 145-156.",,,,,,backward,crossref,doi:10.2753/mtp1069-6679140101,1
sig:ef57663849e08b30,579,0.000000,A real-life SFA success story,1999,,Sales and Marketing Management,,Lorge,backward,crossref,doi:10.1016/j.bushor.2009.01.001,1
sig:f245b75f3901caaa,580,0.000000,"Schillewaert, Niels, Ahearne, Michael J., Frambach, Rudd T., & Moenaert, Rudy K. (2001). “The acceptance of information technology in the sales force.” eBusiness Research Center, Working Paper, 7-2000, Penn State University.",,,,,,backward,crossref,doi:10.1016/j.indmarman.2004.09.017,1
sig:f24982fdd77f5ce7,581,0.000000,"Comer, James M (1981–1982), “Invited Essay: Sales Management and the Computer: Prospects for the 1980's,” Journal of Personal Selling & Sales Management, 2(Fall/Winter), 6–9.",1980,,Journal of Personal Selling & Sales Management,,Comer James M,backward,crossref,doi:10.1080/08853134.2001.10754267,1
sig:f30aa238084c413b,582,0.000000,Building Blocks for Technology‐enabled Selling,1996,,,,Block J.J.,backward,crossref,doi:10.1111/j.1468-2370.2006.00128.x,1
sig:f36daa3c4629498d,583,0.000000,"Schillewaert, N. , Ahearne, M. , Frambach, R.T. and Moenaert, R.K. (2000), “The adoption of information technology in the sales force”, ISBM 15-2000 Working Paper.",,,,,,backward,crossref,doi:10.1108/jrim-04-2015-0027,1
sig:f7c4d5bb454df8d3,584,0.000000,Are business leaders prepared to handle the upcoming revolution in business artificial intelligence?,2018,,Qual. Access Success,,Antonescu,backward,crossref,doi:10.3390/joitmc5030044,1
sig:f9eae55fce159a8e,585,0.000000,Sales force automation ramps up,1998,,InfoWorld,,Holt,backward,crossref,doi:10.1016/j.indmarman.2004.09.012|doi:10.1016/j.indmarman.2004.09.015,1
sig:fb4948983573e599,586,0.000000,Salesforce automation ramps up,1998,,InfoWorld,,Holt,backward,crossref,doi:10.1016/s0148-2963(00)00159-4,1
sig:fb5feec1c35627d4,587,0.000000,CRM in Sales-Intensive Organizations: A Review and Future Directions,2005,,Journal of Personal Selling & Sales Management,,John Tanner,backward,crossref,doi:10.2753/mtp1069-6679190204,1
sig:fb7f396de031e2c8,588,0.000000,"Ahearne, Michael & Schillewaert, Niels (2001). “The Acceptance of Information Technology in the Sales Force.” eBusiness Research Center, Working Paper 10-2000, Penn State University.",,,,,,backward,crossref,doi:10.1016/j.indmarman.2004.09.017,1
sig:fce68b1d7cefa7b4,589,0.000000,Do Information Technology-Savvy Salespeople Sell More? An Exploratory Study of the Use of Information Technologies on Salesperson Performance,2003,,Marketing Management Journal,,Boonghee Yoo,backward,crossref,doi:10.1080/08853134.2013.870184,1
sig:ff7bfca3049d4e84,590,0.000000,High Impact Sales Force Automation,1997,,,,Petersen G.S.,backward,crossref,doi:10.1111/j.1468-2370.2006.00128.x,1
sig:ffca6a4b809c6025,591,0.000000,A Trillion-Dollar Boost: The Economic Impact of AI on Customer Relationship Management,2017,,,,,backward,crossref,doi:10.1108/bl-02-2019-0069|doi:10.1108/bl-08-2020-0057,1
