key,rank,score,title,year,doi,venue,type,authors,found_via,providers,parent_keys,unresolved
doi:10.1002/asi.24798,1,0.000000,Dark sides of artificial intelligence: The dangers of automated decision‐making in search engine advertising,2023,10.1002/asi.24798,Journal of the Association for Information Science and Technology,article,"Schultz, Carsten D.; Koch, Christian; Olbrich, Rainer",forward,openalex,doi:10.1007/s11747-019-00696-0|doi:10.1007/s11747-020-00749-9,0
doi:10.1002/cb.2199,2,0.000000,Gen Z's personalization paradoxes: A privacy calculus examination of digital personalization and brand behaviors,2023,10.1002/cb.2199,Journal of Consumer Behaviour,article,"McKee, Kathleen M.; Dahl, Andrew J.; Peltier, James W.",backward,crossref|openalex,doi:10.3390/jtaer21060179,0
doi:10.1002/cb.2273,3,0.000000,"Pepper, just show me the way! How robotic shopping assistants should look and act",2023,10.1002/cb.2273,Journal of Consumer Behaviour,article,"Fukawa, Nobuyuki; Huang, Yu‐Shan; Babin, Barry J.",forward,openalex,doi:10.1007/s11747-019-00696-0,0
doi:10.1002/cb.2386,4,0.000000,Exploring <scp>AI</scp> technology and consumer behavior in retail interactions,2024,10.1002/cb.2386,Journal of Consumer Behaviour,article,"Petrescu, Maria; Krishen, Anjala S.; Gironda, John T.; Fergurson, J. Ricky",forward,openalex,doi:10.1007/s11747-019-00696-0|doi:10.1016/j.bushor.2019.12.002|doi:10.1108/ijrdm-08-2020-0312|doi:10.1177/0008125619859317,0
doi:10.1002/cb.2408,5,0.000000,Are Recommendation Systems Annoying? An Empirical Study of Assessing the Impacts of <scp>AI</scp> Characteristics on Technology Well‐Being,2024,10.1002/cb.2408,Journal of Consumer Behaviour,article,"Wang, Zi; Yuan, Ruizhi; Li, Boying",forward,openalex,doi:10.1007/s11747-020-00749-9|doi:10.1177/0008125619859317,0
doi:10.1002/cb.2423,6,0.000000,Enhancing Trust and Empathy in Marketing: Strategic <scp>AI</scp> and Human Influencer Selection for Optimized Content Persuasion,2024,10.1002/cb.2423,Journal of Consumer Behaviour,article,"Zhang, Yueyan; Zhu, Jiaji; Chen, Haibo; Jiang, Yushi",forward,openalex,doi:10.1016/j.bushor.2019.12.002,0
doi:10.1002/cb.2505,7,0.000000,The Manner Is the Matter: How the Chatbot Communication Style and Consumers' Regulatory Focus Shape Purchase Intention,2025,10.1002/cb.2505,Journal of Consumer Behaviour,article,"Choi, Sunhwa",forward,openalex,doi:10.1108/ijrdm-08-2020-0312,0
doi:10.1002/cb.70006,8,0.000000,Unlocking the Service Attractiveness of <scp>AI</scp> Assistants: Does Multi‐Modal Anthropomorphic Interaction Dynamically Manipulate Users' Mindset Metrics?,2025,10.1002/cb.70006,Journal of Consumer Behaviour,article,"Yu, Dingyao; Zhao, Jiayuan; Tang, Rui; Han, Chunjia; Yang, Mu",forward,openalex,doi:10.1007/s11747-019-00696-0,0
doi:10.1002/cb.70065,9,0.000000,How Does Human‐ <scp>AI</scp> Co‐Creation Design Help Luxury Brands Win Consumers' Favor?,2025,10.1002/cb.70065,Journal of Consumer Behaviour,article,"Wang, Ziling; Huang, Minxue",forward,openalex,doi:10.1177/18393349211037684,0
doi:10.1002/cb.70181,10,0.000000,Building Relationships With the Empathetic Chatbots: The Effect of Chatbot Empathy on Consumer Well‐Being,2026,10.1002/cb.70181,Journal of Consumer Behaviour,article,"Zhang, Hailong; Meng, Dewen; Liang, Xiaoning; Lv, Linxiang",forward,openalex,doi:10.1007/s11747-019-00696-0|doi:10.1108/ijrdm-08-2020-0312,0
doi:10.1002/cpe.70284,11,0.000000,Exploring the Impact of <scp>AI</scp> on Consumer Behavior and Digital Marketing Through the Lens of Social Media,2025,10.1002/cpe.70284,Concurrency and Computation Practice and Experience,article,"Cui, Weijun; Mohib, Muzamil",forward,openalex,doi:10.1007/s11747-020-00749-9,0
doi:10.1002/itl2.70354,12,0.000000,Transparency Disclosure Mechanisms for <scp>AI</scp> ‐Generated Advertising on Online Platforms: An Empirical Study of User Trust and Engagement,2026,10.1002/itl2.70354,Internet Technology Letters,article,"Do, Thi‐Yen; Pham, Thi‐Quynh‐Anh; Liao, Ying‐Kai; Huang, Kuo‐Chung; Wu, Wann‐Yih",forward,openalex,doi:10.1007/s11747-019-00696-0|doi:10.1007/s11747-020-00749-9,0
doi:10.1002/jcpy.1414,13,0.000000,Avoiding embarrassment online: Response to and inferences about chatbots when purchases activate self‐presentation concerns,2024,10.1002/jcpy.1414,Journal of Consumer Psychology,article,"Jin, Jianna; Walker, Jesse; Reczek, Rebecca Walker",forward,openalex,doi:10.1007/s11747-019-00696-0,0
doi:10.1002/jcpy.1455,14,0.000000,Time is shrinking in the eye of AI: AI agents influence intertemporal choice,2025,10.1002/jcpy.1455,Journal of Consumer Psychology,article,"Li, Yuanyuan Jamie; Lin, Shan; Gong, Han; Xiang, Wang; Janiszewski, Chris",forward,openalex,doi:10.1016/j.ausmj.2020.04.002,0
doi:10.1002/jcpy.70025,15,0.000000,"Human– <scp>AI</scp> partnerships: Living and working with <scp>AI</scp> Assistants, <scp>AI</scp> Agents, and <scp>AI</scp> Companions",2026,10.1002/jcpy.70025,Journal of Consumer Psychology,article,"Patil, Ripinka Koli; Rice, Dan Hamilton; Janiszewski, Chris",forward,openalex,doi:10.1007/s11747-019-00696-0|doi:10.1007/s11747-020-00749-9,0
doi:10.1002/joe.22233,16,0.000000,Artificial intelligence in marketing research and future research directions: Science mapping and research clustering using bibliometric analysis,2023,10.1002/joe.22233,Global Business and Organizational Excellence,article,"Thakur, Jyoti; Kushwaha, Bijay Prasad",forward,openalex,doi:10.1007/s11747-019-00696-0|doi:10.1177/18393349211037684,0
doi:10.1002/jtr.70308,17,0.000000,From Tasting to Traveling: How Wineries' Phygital Experience Drives Tourists' Wine Tourism Intention,2026,10.1002/jtr.70308,International Journal of Tourism Research,article,"Wu, Mengzhong; Kou, IokTeng Esther",forward,openalex,doi:10.1016/j.techfore.2023.122342,0
doi:10.1002/mar.21498,18,0.000000,When do you trust AI? The effect of number presentation detail on consumer trust and acceptance of AI recommendations,2021,10.1002/mar.21498,Psychology and Marketing,article,"Kim, Jungkeun; Giroux, Marilyn; Lee, Jacob C.",forward,openalex,doi:10.1007/s11747-019-00696-0,0
doi:10.1002/mar.21548,19,0.000000,Creepiness: Its antecedents and impact on loyalty when interacting with a chatbot,2021,10.1002/mar.21548,Psychology and Marketing,article,"Rajaobelina, Lova; Tep, Sandrine Prom; Arcand, Manon; Ricard, Line",forward,openalex,doi:10.1007/s11747-019-00696-0,0
doi:10.1002/mar.21619,20,0.000000,"AI in marketing, consumer research and psychology: A systematic literature review and research agenda",2021,10.1002/mar.21619,Psychology and Marketing,review,"Mariani, Marcello M.; Perez‐Vega, Rodrigo; Wirtz, Jochen",backward|forward,crossref|openalex,doi:10.1007/s11747-019-00696-0|doi:10.1007/s11747-020-00749-9|doi:10.1142/s0219622024500081|doi:10.1177/0008125619859317,0
doi:10.1002/mar.21699,21,0.000000,Toward advancing theory on creativity in marketing and artificial intelligence,2022,10.1002/mar.21699,Psychology and Marketing,article,"Ameen, Nisreen; Sharma, Gagan Deep; Tarba, Shlomo Y.; Rao, Amar; Chopra, Ritika",forward,openalex,doi:10.1007/s11747-019-00696-0,0
doi:10.1002/mar.21723,22,0.000000,Buffer bots: The role of virtual service agents in mitigating negative effects when service fails,2022,10.1002/mar.21723,Psychology and Marketing,article,"Sands, Sean; Campbell, Colin; Plangger, Kirk; Pitt, Leyland",forward,openalex,doi:10.1016/j.bushor.2019.12.002,0
doi:10.1002/mar.21737,23,0.000000,Role of artificial intelligence in marketing strategies and performance,2022,10.1002/mar.21737,Psychology and Marketing,article,"Wu, Chih‐Wen; Monfort, Abel",forward,openalex,doi:10.1016/j.jik.2020.08.001|doi:10.1177/0008125619859317,0
doi:10.1002/mar.21831,24,0.000000,Luxury is what you say: Analyzing electronic word‐of‐mouth marketing of luxury products using artificial intelligence and machine learning,2023,10.1002/mar.21831,Psychology and Marketing,article,"Oc, Yusuf; Plangger, Kirk; Sands, Sean; Campbell, Colin L.; Pitt, Leyland",forward,openalex,doi:10.1016/j.bushor.2019.12.002,0
doi:10.1002/mar.21888,25,0.000000,Do chatbots establish “humanness” in the customer purchase journey? An investigation through explanatory sequential design,2023,10.1002/mar.21888,Psychology and Marketing,article,"Dwivedi, Yogesh K.; Balakrishnan, Janarthanan; Baabdullah, Abdullah M.; Das, Ronnie",forward,openalex,doi:10.1108/ijrdm-08-2020-0312,0
doi:10.1002/mar.21904,26,0.000000,To be precise (imprecise) in utilitarian (hedonic) contexts: Examining the influence of numerical precision on consumer reactions to artificial intelligence‐based recommendations,2023,10.1002/mar.21904,Psychology and Marketing,article,"Zhu, Hong; Zhu, Zimeng; Ou, Yilin; Ya, Yin",forward,openalex,doi:10.1007/s11747-019-00696-0,0
doi:10.1002/mar.21913,27,0.000000,Me and my AI: Exploring the effects of consumer self‐construal and AI‐based experience on avoiding similarity and willingness to pay,2023,10.1002/mar.21913,Psychology and Marketing,article,"Loureiro, Sandra María Correia; Jiménez‐Barreto, Jano; Bilro, Ricardo Godinho; Romero, Jaime",forward,openalex,doi:10.1007/s11747-020-00749-9,0
doi:10.1002/mar.22051,28,0.000000,"Exploring the relationship between chatbots, service failure recovery and customer loyalty: A frustration–aggression perspective",2024,10.1002/mar.22051,Psychology and Marketing,article,"Ozuem, Wilson; Ranfagni, Silvia; Willis, Michelle; Salvietti, Giada; Howell, Kerry E.",forward,openalex,doi:10.1108/ijrdm-08-2020-0312,0
doi:10.1002/mar.22198,29,0.000000,Bragging About Valuable Resources? The Dual Effect of Companies’ AI and Human Self‐Promotion,2025,10.1002/mar.22198,Psychology and Marketing,article,"Vorobeva, Darina; Pinto, Diego Costa; González‐Jiménez, Héctor; António, Nuno",forward,openalex,doi:10.1007/s11747-019-00696-0,0
doi:10.1002/mar.70036,30,0.000000,"Immersive and Generative Technology: New Tools for Marketing, New Tools for Consumer Response",2025,10.1002/mar.70036,Psychology and Marketing,article,"Pizzi, Gabriele; Matta, Shashi; Caboni, Federica; Stewart, David W.",forward,openalex,doi:10.1007/s11747-020-00749-9,0
doi:10.1002/mar.70075,31,0.000000,They Made It Just for Me! How AI Transparency and Influencer Well‐Being Shape Consumer Responses to AI‐Driven Content,2025,10.1002/mar.70075,Psychology and Marketing,article,"Qadri, Usman Ahmad; Moustafa, Alsadig Mohamed Ahmed",forward,openalex,doi:10.1007/s11747-020-00749-9,0
doi:10.1002/mar.70109,32,0.000000,Digital Cognition in Predictive Marketing Personalization: A Conceptual Framework,2026,10.1002/mar.70109,Psychology and Marketing,article,"Saura, José Ramón; Ratten, Vanessa; Jeremić, Veljko",forward,openalex,doi:10.1016/j.jik.2020.08.001|doi:10.1080/0965254x.2022.2148269|doi:10.1177/18393349211037684,0
doi:10.1002/mar.70115,33,0.000000,The Rise of Human–Computer Integration in Marketing: A Theory Synthesis,2026,10.1002/mar.70115,Psychology and Marketing,article,"Velasco, Carlos; Motoki, Kosuke; Petit, Olivia; Andersen, Aram N.; Alaei, Marzieh; Gustafsson, Anders",forward,openalex,doi:10.1007/s11747-019-00696-0,0
doi:10.1002/mar.70175,34,0.000000,More Than Saying “It's AI”: How Role Disclosure Transparency in AI‐Generated Ads Influences Persuasion,2026,10.1002/mar.70175,Psychology and Marketing,article,"Le, Khanh Bao Quang; Khan, Hina; Li, Fangfang; Kunz, Werner H.",forward,openalex,doi:10.1016/j.ausmj.2020.04.002,0
doi:10.1002/mar.70189,35,0.000000,Do Not Think Ahead of Me: High‐Personalization Chatbots Can Backfire During the Goal Formation Stage,2026,10.1002/mar.70189,Psychology and Marketing,article,"Chen, Xingyu; Huang, Minxue; Xie, Xiaodong",forward,openalex,doi:10.1007/s11747-020-00749-9|doi:10.1177/0008125619859317,0
doi:10.1002/mar.70209,36,0.000000,Caught Between Convenience and Autonomy: Psychological Dilemmas in Consumers' Use of AI‐Enabled Personalization,2026,10.1002/mar.70209,Psychology and Marketing,article,"Tiwari, Veenus",forward,openalex,doi:10.1007/s11747-019-00696-0|doi:10.1007/s11747-020-00749-9,0
doi:10.1002/mar.70235,37,0.000000,Minds Versus Codes: Triangulating Neurophysiological and Qualitative Responses to AI‐Generated Versus Human‐Made Video Advertisements,2026,10.1002/mar.70235,Psychology and Marketing,article,"Shitova, Mariia; Kabalska, Agnieszka; Varga, Ákos; Wagner, Ralf",forward,openalex,doi:10.1016/j.ausmj.2020.04.002,0
doi:10.1002/mde.4524,38,0.000000,Trapped by AI Recommendation: How Identity Concerns Reduce Variety‐Seeking Behavior,2025,10.1002/mde.4524,Managerial and Decision Economics,article,"Tong, Zelin; Liu, Huilin; Feng, Jingdan; Wang, Wei; Wu, Hongle; Xu, Jilv",forward,openalex,doi:10.1007/s11747-019-00696-0,0
doi:10.1002/sres.2857,39,0.000000,Reviewing the impact of digital migration on the consumer buying journey with robust measurement of PLS‐SEM and R Studio,2022,10.1002/sres.2857,Systems Research and Behavioral Science,article,"Nayyar, Varun",forward,openalex,doi:10.1007/s11747-019-00696-0,0
doi:10.1007/978-1-4842-1889-1_14,40,0.000000,A Programmatic Advertising Primer,2016,10.1007/978-1-4842-1889-1_14,Apress eBooks,book-chapter,"Statler, Stephen",backward,crossref|openalex,doi:10.1007/978-3-030-48230-5_7,0
doi:10.1007/978-3-030-01659-3_44,41,0.000000,The Impact of Smart Technology on Advertising: A Case Study of Pepsi-Egypt,2019,10.1007/978-3-030-01659-3_44,"Advances in Science, Technology & Innovation/Advances in science, technology & innovation",book-chapter,"Eyada, Bassant; Nawawy, Mai El",forward,openalex,doi:10.3145/epi.2017.mar.06,0
doi:10.1007/978-3-030-04091-8_9,42,0.000000,"Objects, Metrics and Practices: An Inquiry into the Programmatic Advertising Ecosystem",2018,10.1007/978-3-030-04091-8_9,IFIP advances in information and communication technology,conference-paper,"Alaimo, Cristina; Kallinikos, Jannis",backward,crossref|openalex,doi:10.1007/978-3-030-48230-5_7|doi:10.1007/978-3-030-93131-5_5|doi:10.1007/978-3-031-96930-0_11|doi:10.1080/0965254x.2022.2148269,0
doi:10.1007/978-3-030-12453-3_143,43,0.000000,Artificial Intelligence (AI) Impact on Digital Marketing Research,2019,10.1007/978-3-030-12453-3_143,Springer proceedings in business and economics,book-chapter,"Gkikas, Dimitris C.; Theodoridis, Prokopis K.",backward,crossref|openalex,doi:10.1109/gcitc60406.2023.10425868,0
doi:10.1007/978-3-030-12453-3_151,44,0.000000,How Artificial Intelligence Affects Digital Marketing,2019,10.1007/978-3-030-12453-3_151,Springer proceedings in business and economics,book-chapter,"Theodoridis, Prokopis K.; Gkikas, Dimitris C.",backward,crossref|openalex,doi:10.1109/gcitc60406.2023.10425868,0
doi:10.1007/978-3-030-15235-2_88,45,0.000000,Research on the Integration of Marketing Management and Big Data Technology,2019,10.1007/978-3-030-15235-2_88,Advances in intelligent systems and computing,conference-paper,"Jia, Dian",backward,openalex,doi:10.52970/grmilf.v3i1.398,0
doi:10.1007/978-3-030-20680-2_8,46,0.000000,"AI, Marketing Science and Sustainable Profit Growth",2019,10.1007/978-3-030-20680-2_8,,book-chapter,"Hanssens, Dominique M.",backward,crossref|openalex,doi:10.1177/18393349211037684,0
doi:10.1007/978-3-030-24374-6_10,47,0.000000,Using AI to Personalise Emotionally Appealing Advertisement,2019,10.1007/978-3-030-24374-6_10,Advances in theory and practice of emerging markets,book-chapter,"Mogaji, Emmanuel; Olaleye, Sunday Adewale; Ukpabi, Dandison",backward,crossref|openalex,doi:10.1016/j.ausmj.2020.04.002|doi:10.58830/ozgur.pub610.c2592|doi:10.58830/ozgur.pub610.c2595,0
doi:10.1007/978-3-030-35330-8_4,48,0.000000,Personalization and the Conversational Web,2019,10.1007/978-3-030-35330-8_4,Lecture notes in business information processing,conference-paper,"Vavliakis, Konstantinos N.; Kotouza, Maria Th.; Symeonidis, Andreas L.; Mitkas, Pericles A.",backward,crossref|openalex,doi:10.4018/979-8-3693-3455-3.ch012,0
doi:10.1007/978-3-030-39165-2_111,49,0.000000,Special Session: Marketing and Consumer Wellbeing in Digital Environment: An Abstract,2020,10.1007/978-3-030-39165-2_111,Developments in marketing science: proceedings of the Academy of Marketing Science,conference-paper,"Okazaki, Shintaro; Ruyter, Ko de; Mukherji, Prokriti; Minami, Chieko; Nishioka, Kenichi; Bo-yi, Liu",seed,seed,,0
doi:10.1007/978-3-030-39540-7_3,50,0.000000,Privacy Concerns in Chatbot Interactions,2020,10.1007/978-3-030-39540-7_3,Lecture notes in computer science,conference-paper,"Ischen, Carolin; Araujo, Theo; Voorveld, Hilde; Noort, Guda van; Smit, Edith G.",backward,openalex,doi:10.1080/00913367.2020.1795954,0
doi:10.1007/978-3-030-48230-5_7,51,0.000000,Sell-Bot: An Intelligent Tool for Advertisement Synthesis on Social Media,2020,10.1007/978-3-030-48230-5_7,Lecture notes in electrical engineering,book-chapter,"Kabaso, Sonny; Ade-Ibijola, Abejide",forward,openalex,doi:10.1007/978-3-319-25023-6_1,0
doi:10.1007/978-3-030-50341-3_32,52,0.000000,The Evolution of Marketing in the Context of Voice Commerce: A Managerial Perspective,2020,10.1007/978-3-030-50341-3_32,Lecture notes in computer science,conference-paper,"Mari, Alex; Mandelli, Andreina; Algesheimer, René",forward,openalex,doi:10.1007/s11747-019-00696-0,0
doi:10.1007/978-3-030-64849-7_5,53,0.000000,Visualising the Knowledge Domain of Artificial Intelligence in Marketing: A Bibliometric Analysis,2020,10.1007/978-3-030-64849-7_5,IFIP advances in information and communication technology,conference-paper,"Ismagiloiva, Elvira; Dwivedi, Yogesh K.; Rana, Nripendra P.",forward,openalex,doi:10.1007/s11747-019-00696-0,0
doi:10.1007/978-3-030-72080-3_20,54,0.000000,The Usage of Artificial Intelligence in Digital Marketing: A Review,2021,10.1007/978-3-030-72080-3_20,Studies in computational intelligence,book-chapter,"Hassan, Abdulsadek",backward|forward,crossref|openalex,doi:10.1007/s11747-019-00696-0|doi:10.1109/gcitc60406.2023.10425868|doi:10.1177/0008125619859317,0
doi:10.1007/978-3-030-72090-2_8,55,0.000000,A Customer-Centric Search for Triggers as a Basis for Marketing Automation Service Design,2021,10.1007/978-3-030-72090-2_8,Progress in IS,book-chapter,"Hannich, Frank; Kaya, Tania; Hüttermann, Marcel",forward,openalex,doi:10.1007/s12599-015-0370-8|doi:10.1016/j.indmarman.2019.12.008,0
doi:10.1007/978-3-030-80624-8_19,56,0.000000,Artificial Intelligence: Creating More Possibilities for Programmatic Advertising,2021,10.1007/978-3-030-80624-8_19,Lecture notes in networks and systems,conference-paper,"Chen, Yunbo; Feng, Shuzhen",backward,crossref|openalex,doi:10.1080/0965254x.2022.2148269,0
doi:10.1007/978-3-030-81462-5_16,57,0.000000,Predictive Programmatic Classification Model to Improve Ad-Campaign Click Through Rate,2021,10.1007/978-3-030-81462-5_16,Communications in computer and information science,conference-paper,"Saseendran, Nisheel; Sneha, C R",forward,openalex,doi:10.1016/j.chb.2020.106657,0
doi:10.1007/978-3-030-83175-2_63,58,0.000000,Digital Technologies for Planning Marketing Tools for Managing Customer Loyalty,2021,10.1007/978-3-030-83175-2_63,Lecture notes in networks and systems,conference-paper,"Yudakova, Olga Vasilevna",forward,openalex,doi:10.1016/j.techsoc.2020.101425,0
doi:10.1007/978-3-030-88678-3_12,59,0.000000,"The Future of Marketing: Artificial Intelligence, Virtual Reality, and Neuromarketing",2022,10.1007/978-3-030-88678-3_12,Palgrave studies of marketing in emerging economies,book-chapter,"Adeola, Ogechi; Evans, Olaniyi; Edeh, Jude N.; Adisa, Isaiah",forward,openalex,doi:10.1007/s11747-020-00749-9|doi:10.1177/0008125619859317,0
doi:10.1007/978-3-030-93131-5_5,60,0.000000,Algorithms: The New Leaders of the Advertising Market,2022,10.1007/978-3-030-93131-5_5,Contributions to management science,book-chapter,"Dostál, Michal; Lamr, Marián",forward,openalex,doi:10.1007/978-3-319-25023-6_1,0
doi:10.1007/978-3-030-95581-6_2,61,0.000000,SMEs’ Adoption of Artificial Intelligence-Chatbots for Marketing Communication: A Conceptual Framework for an Emerging Economy,2022,10.1007/978-3-030-95581-6_2,Palgrave studies of marketing in emerging economies,book-chapter,"Mokhtar, Sany Sanuri Mohd; Salimon, Maruf Gbadebo",forward,openalex,doi:10.1016/j.bushor.2019.12.002,0
doi:10.1007/978-3-030-98183-9_1,62,0.000000,"Digital Technologies, Marketing Agility, and Marketing Management Support Systems: How to Remain Competitive in Changing Markets",2022,10.1007/978-3-030-98183-9_1,,book-chapter,"Foltean, Florin Sabin; Bruggen, Gerrit van",forward,openalex,doi:10.1007/s11747-019-00696-0|doi:10.1007/s11747-020-00749-9|doi:10.1177/0008125619859317,0
doi:10.1007/978-3-031-04028-3_8,63,0.000000,Machine Learning Optimization in Computational Advertising—A Systematic Literature Review,2022,10.1007/978-3-031-04028-3_8,"Studies in systems, decision and control",review,"Truong, Vinh; Hoang, Vinh Truong",forward,openalex,doi:10.1080/00913367.2019.1654421|doi:10.1108/wjemsd-08-2020-0099,0
doi:10.1007/978-3-031-04829-6_41,64,0.000000,Understanding the Impact of Chatbots on Purchase Intention,2022,10.1007/978-3-031-04829-6_41,Lecture notes in networks and systems,conference-paper,"Soares, Ana Maria; Camacho, Catarina; Elmashhara, Maher Georges",forward,openalex,doi:10.1007/s11747-019-00696-0,0
doi:10.1007/978-3-031-05740-3_5,65,0.000000,Artificial Intelligence in Marketing and Sales,2022,10.1007/978-3-031-05740-3_5,Applied innovation and technology management,book-chapter,"Chan, Leong; Hogaboam, Liliya; Cao, Renzhi",forward,openalex,doi:10.1007/s11747-020-00749-9,0
doi:10.1007/978-3-031-06417-3_55,66,0.000000,Role of Privacy Management and Human-Centered Artificial Intelligence in Driving Customer Engagement with Smart Speakers,2022,10.1007/978-3-031-06417-3_55,Communications in computer and information science,conference-paper,"Kathuria, Rohan; Kathuria, Vinish",forward,openalex,doi:10.1007/s11747-019-00696-0,0
doi:10.1007/978-3-031-07012-9_30,67,0.000000,Using Artificial Intelligence and Deep Learning Methods to Analysis the Marketing Analytics and Its Impact on Human Resource Management Systems,2022,10.1007/978-3-031-07012-9_30,Communications in computer and information science,conference-paper,"Gambhir, Vinima; Salazar, Edwin Johny Asnate; Prithi, M.; Alvarado-Tolentino, Joseph; Tongkachok, Korakod",forward,openalex,doi:10.1007/s11747-020-00749-9,0
doi:10.1007/978-3-031-07769-2_2,68,0.000000,Digital Transformation of the Organisations Using AI Integrated Partner Relationship Management,2022,10.1007/978-3-031-07769-2_2,"Palgrave studies in cross-disciplinary business research, in association with EuroMed Academy of Business",book-chapter,"Chaudhuri, Ranjan; Chatterjee, Sheshadri; Vrontis, Demetris",forward,openalex,doi:10.1007/s11747-019-00696-0,0
doi:10.1007/978-3-031-14961-0_12,69,0.000000,Humanizing Chatbots for Interactive Marketing,2023,10.1007/978-3-031-14961-0_12,,book-chapter,"Tsai, Wan‐Hsiu Sunny; Chuan, Ching‐Hua",backward,crossref|openalex,doi:10.1080/23311975.2024.2427428,0
doi:10.1007/978-3-031-14961-0_30,70,0.000000,AI-Based Recommendation Systems: The Ultimate Solution for Market Prediction and Targeting,2023,10.1007/978-3-031-14961-0_30,,book-chapter,"Habil, Sandra Gamil Metry; El‐Deeb, Sara; El-Bassiouny, Noha",forward,openalex,doi:10.1007/s11747-019-00696-0,0
doi:10.1007/978-3-031-14961-0_31,71,0.000000,Deep Learning Applications for Interactive Marketing in the Contemporary Digital Age,2023,10.1007/978-3-031-14961-0_31,,book-chapter,"Yu, Billy T.W.",forward,openalex,doi:10.1007/s11747-019-00696-0|doi:10.1007/s11747-020-00749-9|doi:10.1177/0008125619859317,0
doi:10.1007/978-3-031-14961-0_34,72,0.000000,Customer Interactive Experience in Luxury Retailing: The Application of AI-Enabled Chatbots in the Interactive Marketing,2023,10.1007/978-3-031-14961-0_34,,book-chapter,"Zeng, Ni; Jiang, Liru; Vignali, Gianpaolo; Ryding, Daniella",forward,openalex,doi:10.1007/s11747-019-00696-0,0
doi:10.1007/978-3-031-14961-0_4,73,0.000000,Bridging the Theory and Practice of Digital Marketing from Interactive Marketing Perspective: A Historical Review,2023,10.1007/978-3-031-14961-0_4,,book-chapter,"Güngör, Ayşegül Sağkaya; Çadırcı, Tuğçe Ozansoy",forward,openalex,doi:10.1080/0965254x.2018.1493523,0
doi:10.1007/978-3-031-15342-6_6,74,0.000000,The “Other” Agent: Interaction with AI and Its Implications on Social Presence Perceptions of Online Customer Experience,2022,10.1007/978-3-031-15342-6_6,Lecture notes in computer science,conference-paper,"Kronemann, Bianca; Kizgin, Hatice; Rana, Nripendra P.",forward,openalex,doi:10.1007/s11747-019-00696-0,0
doi:10.1007/978-3-031-19711-6_8,75,0.000000,Customer Relationship Management in the Digital Era of Artificial Intelligence,2023,10.1007/978-3-031-19711-6_8,EAI/Springer Innovations in Communication and Computing,book-chapter,"Chatterjee, Sheshadri; Chaudhuri, Ranjan",forward,openalex,doi:10.1007/s11747-019-00696-0,0
doi:10.1007/978-3-031-20040-3_15,76,0.000000,What Will Massively Influence the Automation of Marketing and Sales in the Future,2023,10.1007/978-3-031-20040-3_15,Management for professionals,book-chapter,"Mörk, Olaf",backward|seed,crossref|openalex|seed,doi:10.1080/23311975.2024.2427428,0
doi:10.1007/978-3-031-20040-3_27,77,0.000000,The Future of Marketing and Sales Automation,2023,10.1007/978-3-031-20040-3_27,Management for professionals,book-chapter,"Rach, Markus",backward|forward|seed,crossref|openalex|seed,doi:10.1007/978-3-658-46399-1_72-1|doi:10.1007/s12599-015-0370-8|doi:10.1016/j.indmarman.2019.12.008|doi:10.33140/eoa.02.01.04,0
doi:10.1007/978-3-031-25581-6_4,78,0.000000,Value Creation in Gamified Chatbot Interactions and Its Impact on Brand Engagement,2023,10.1007/978-3-031-25581-6_4,Lecture notes in computer science,conference-paper,"Silva, Susana Costa e; Cicco, Roberta De; Levi, Maria; Hammerschmidt, Maik",forward,openalex,doi:10.1007/s11747-020-00749-9,0
doi:10.1007/978-3-031-26852-6_62,79,0.000000,Machine Learning Applications for Consumer Behavior Prediction,2023,10.1007/978-3-031-26852-6_62,Lecture notes in networks and systems,conference-paper,"Hicham, Nouri; Karim, Sabri",forward,openalex,doi:10.1007/s11747-019-00696-0|doi:10.1007/s11747-020-00749-9|doi:10.1177/0008125619859317,0
doi:10.1007/978-3-031-30258-9_33,80,0.000000,A Systematic Mapping Study of Using the Cutting-Edge Technologies in Marketing: The State of the Art of Four Key New-Age Technologies,2023,10.1007/978-3-031-30258-9_33,Lecture notes in computer science,conference-paper,"Sharipov, Kongratbay; Abdurashidova, N. A.; Valiyeva, Aziza; Tuychieva, Vasila; Kholmatova, Mumtozbegim; Minarova, Murshida",forward,openalex,doi:10.1177/18393349211037684,0
doi:10.1007/978-3-031-33302-6_19,81,0.000000,Understanding the Application of AI-enabled Chatbots in Luxury Fashion Retailing,2023,10.1007/978-3-031-33302-6_19,Springer texts in business and economics,book-chapter,"Zeng, Ni; Vignali, Gianpaolo; Ryding, Daniella",forward,openalex,doi:10.1108/ijrdm-08-2020-0312,0
doi:10.1007/978-3-031-33898-4_10,82,0.000000,Use of Artificial Intelligence with Ethics and Privacy for Personalized Customer Services,2023,10.1007/978-3-031-33898-4_10,,book-chapter,"Gupta, Damini Goyal; Jain, Varsha",forward,openalex,doi:10.1007/s11747-019-00696-0,0
doi:10.1007/978-3-031-33898-4_4,83,0.000000,Artificial Intelligence in Customer Service Strategy for Seamless Customer Experiences,2023,10.1007/978-3-031-33898-4_4,,book-chapter,"Cui, Yuanyuan; Esch, Patrick van",forward,openalex,doi:10.1016/j.bushor.2019.12.002,0
doi:10.1007/978-3-031-33898-4_5,84,0.000000,Personalized and Contextual Artificial Intelligence-Based Services Experience,2023,10.1007/978-3-031-33898-4_5,,book-chapter,"Pitardi, Valentina",forward,openalex,doi:10.1177/0008125619859317,0
doi:10.1007/978-3-031-33898-4_7,85,0.000000,Understanding the Role of Data in Artificial Intelligence-Based Personalization,2023,10.1007/978-3-031-33898-4_7,,book-chapter,"Mukherjee, Shubhadeep",forward,openalex,doi:10.1007/s11747-019-00696-0,0
doi:10.1007/978-3-031-33898-4_8,86,0.000000,Artificial Intelligence for Seamless Experience Across Channels,2023,10.1007/978-3-031-33898-4_8,,book-chapter,"Nguyen, Nguyen Phong; Mogaji, Emmanuel",forward,openalex,doi:10.1177/0008125619859317,0
doi:10.1007/978-3-031-35525-7_2,87,0.000000,Artificial Intelligence in Marketing and Organizational Decision-Making: Some Challenges and Concerns,2023,10.1007/978-3-031-35525-7_2,Internet of things,book-chapter,"Anwar, Hasan; Mubarak, Muneer Al; Bakır, Ali",forward,openalex,doi:10.1007/s11747-020-00749-9|doi:10.1177/0008125619859317,0
doi:10.1007/978-3-031-35589-9_1,88,0.000000,Artificial Intelligence and Predictive Analytics: Towards a Praxis of Personalised Shopping Experiences,2024,10.1007/978-3-031-35589-9_1,,book-chapter,"Ozuem, Wilson; Willis, Michelle",forward,openalex,doi:10.1177/0008125619859317,0
doi:10.1007/978-3-031-36258-3_4,89,0.000000,Machine Learning and Marketing Campaign: Innovative Approaches and Creative Techniques for Increasing Efficiency and Profit,2023,10.1007/978-3-031-36258-3_4,Lecture notes on data engineering and communications technologies,conference-paper,"Hicham, Nouri; Karim, Sabri",forward,openalex,doi:10.1016/j.jik.2020.08.001,0
doi:10.1007/978-3-031-42455-7_31,90,0.000000,The Impact of Predictive Analytics and AI on Digital Marketing Strategy and ROI,2023,10.1007/978-3-031-42455-7_31,Studies in big data,conference-paper,"Khaldy, Mohammad Al; AlObaydi, Basim Abbas Ali; Shari, Alaa Jamil al",forward,openalex,doi:10.1016/j.bushor.2019.12.002|doi:10.1016/j.compeleceng.2020.106723|doi:10.1177/0008125619859317|doi:10.1177/18393349211037684|doi:10.1504/ijbdm.2020.106876,0
doi:10.1007/978-3-031-42622-3_55,91,0.000000,Can Artificial Intelligence-Enabled Service Interactions Improve the Perception of Service Quality?,2023,10.1007/978-3-031-42622-3_55,IFIP advances in information and communication technology,conference-paper,"Zuo, Li; Mengyu, Pan; Yao, Feng; Lv, Xiyan",forward,openalex,doi:10.1007/s11747-020-00749-9,0
doi:10.1007/978-3-031-52403-5_7,92,0.000000,Lessons on Digital Transformation in the Marketing Environment,2024,10.1007/978-3-031-52403-5_7,Professional practice in governance and public organizations,book-chapter,"Mapila, Khuliso; Moloi, Tankiso",forward,openalex,doi:10.1016/j.techsoc.2020.101425,0
doi:10.1007/978-3-031-52990-0_2,93,0.000000,"Taking Customer-Centricity to New Heights: Exploring the Intersection of AI, Hyper-Personalization, and Customer-Centricity in Organizations",2024,10.1007/978-3-031-52990-0_2,Management and industrial engineering,book-chapter,"Morton, Flor; Benavides, Teresa Berenice Treviño; González-Treviño, Eduardo",forward,openalex,doi:10.1007/s11747-019-00696-0|doi:10.1007/s11747-020-00749-9,0
doi:10.1007/978-3-031-53433-1_13,94,0.000000,A Framework for AIoT-Based Smart Sustainable Marketing System,2024,10.1007/978-3-031-53433-1_13,Lecture notes on data engineering and communications technologies,conference-paper,"Nozari, Hamed; Rahmaty, Maryam; Szmelter-Jarosz, Agnieszka",forward,openalex,doi:10.1080/0965254x.2018.1493523,0
doi:10.1007/978-3-031-53598-7_15,95,0.000000,The Use of Artificial Intelligence to Convert Social Media Data into Actionable Insights,2024,10.1007/978-3-031-53598-7_15,Lecture notes in networks and systems,conference-paper,"Gabelaia, Ioseb",forward,openalex,doi:10.1016/j.compeleceng.2020.106723,0
doi:10.1007/978-3-031-53622-9_8,96,0.000000,Chatbots and Generative Artificial Intelligence,2024,10.1007/978-3-031-53622-9_8,,book-chapter,"Visconti, Roberto Moro",forward,openalex,doi:10.1108/ijrdm-08-2020-0312,0
doi:10.1007/978-3-031-54383-8_67,97,0.000000,The Relationship Between Artificial Intelligence and Digital Marketing in Business Companies,2024,10.1007/978-3-031-54383-8_67,"Studies in systems, decision and control",book-chapter,"Alghizzawi, Mahmoud; Ahmed, Emad; Ezmigna, Ibrahim; Ezmigna, Abd Alrahman Ratib; Omeish, Fandi",forward,openalex,doi:10.1007/978-3-030-12453-3_151|doi:10.1007/978-3-030-72080-3_20|doi:10.1007/s11747-020-00749-9|doi:10.1177/18393349211037684,0
doi:10.1007/978-3-031-55615-9_5,98,0.000000,Impact of Artificial Intelligence on Purchase Intention: A Bibliometric Analysis,2024,10.1007/978-3-031-55615-9_5,Studies in computational intelligence,book-chapter,"Sharma, Aatam Parkash; Sharma, Naresh; Sidana, Neeru; Goel, Richa",forward,openalex,doi:10.1007/s11747-019-00696-0,0
doi:10.1007/978-3-031-55952-5_3,99,0.000000,Artificial Intelligence in Marketing. Current Status and Future Research Agenda,2024,10.1007/978-3-031-55952-5_3,Intelligent systems reference library,book-chapter,"Alexa, Lidia; Pîslaru, Marius; Nistor, George Cristian; Alexa, Marius",forward,openalex,doi:10.1007/s11747-019-00696-0|doi:10.1007/s11747-020-00749-9|doi:10.1177/0008125619859317,0
doi:10.1007/978-3-031-56015-6_13,100,0.000000,Theoretical Perspective of Artificial Intelligence in Digital Marketing for Business Organizations,2024,10.1007/978-3-031-56015-6_13,Studies in computational intelligence,book-chapter,"Alghizzawi, Mahmoud; Ezmigna, Ibrahim; Jado, Khaled; Alzeaideen, Khaled; Kanan, Mohammad",forward,openalex,doi:10.1007/978-3-030-72080-3_20|doi:10.1007/s11747-020-00749-9|doi:10.1177/18393349211037684,0
doi:10.1007/978-3-031-56121-4_34,101,0.000000,Chatbots: Can They Satisfy Customers in the Banking Sector?,2024,10.1007/978-3-031-56121-4_34,Lecture notes in civil engineering,conference-paper,"Qureshi, Omer Aftab; Wilkins, Stephen; Iqbal, Huda",forward,openalex,doi:10.1016/j.bushor.2019.12.002,0
doi:10.1007/978-3-031-56586-1_43,102,0.000000,Artificial Intelligence Applications for Marketing,2024,10.1007/978-3-031-56586-1_43,"Studies in systems, decision and control",book-chapter,"Hassan, Abdulsadek; Mohammed, Faheema Abdulla; Seyadi, Abdulrahman Yaqoob",forward,openalex,doi:10.1007/s11747-020-00749-9,0
doi:10.1007/978-3-031-58967-6_4,103,0.000000,AI and New Forms of Market Interaction to Enhance Customer Experience—A Management Perspective,2024,10.1007/978-3-031-58967-6_4,Springer proceedings in business and economics,conference-paper,"Pugna, Irina Bogdana; Popescu, I.; Henson, Martin C.",forward,openalex,doi:10.1007/s11747-019-00696-0,0
doi:10.1007/978-3-031-61463-7_2,104,0.000000,An Exploratory Study on the Dark Sides of Artificial Intelligence Adoption: Privacy’s Invasion for Intelligent Marketing and Intelligent Services,2024,10.1007/978-3-031-61463-7_2,Studies in computational intelligence,book-chapter,"Eng, Poh Hwa; Liu, Ran Long",forward,openalex,doi:10.1007/s11747-019-00696-0|doi:10.1007/s11747-020-00749-9,0
doi:10.1007/978-3-031-63717-9_7,105,0.000000,“The Role of AI Applications in the Advertising and Design in Social Media Marketing: A Stride in the Direction of Marketing Sustainability”,2024,10.1007/978-3-031-63717-9_7,Lecture notes in networks and systems,conference-paper,"Al‐Abrrow, Hadi; Atshan, Nadia A.; Jaboob, Ali Said",forward,openalex,doi:10.1007/978-3-030-12453-3_143|doi:10.1007/978-3-030-12453-3_151|doi:10.1016/j.compeleceng.2020.106723,0
doi:10.1007/978-3-031-65203-5_49,106,0.000000,Analyzing the Effectiveness of Chatbots in E-Marketing: Perspectives of Customers and Marketers,2024,10.1007/978-3-031-65203-5_49,"Studies in systems, decision and control",book-chapter,"Almomani, Hanan Mohammad; Baviera‐Puig, Amparo; Ababneh, Hayel Tallag",forward,openalex,doi:10.1177/0008125619859317,0
doi:10.1007/978-3-031-65727-6_21,107,0.000000,Online User Choices Data Analytics and Privacy in Digital Marketing: Legal-Ethical Landscapes in the Digital-Futuristic Arena Projecting Multiple Layers of Artificial Intelligence and Blockchain,2024,10.1007/978-3-031-65727-6_21,Information systems engineering and management,book-chapter,"Singh, Bhupinder; Dutta, Pushan Kumar; Kaunert, Christian",forward,openalex,doi:10.1504/ijbdm.2020.106876,0
doi:10.1007/978-3-031-65727-6_3,108,0.000000,From Word-of-Mouth to AI-Powered Engagement: The Dynamic Evolution of Influencer Marketing in the Digital Era,2024,10.1007/978-3-031-65727-6_3,Information systems engineering and management,book-chapter,"Purohit, Sonal; Arora, Rakhi",forward,openalex,doi:10.1007/978-3-030-72080-3_20,0
doi:10.1007/978-3-031-65727-6_6,109,0.000000,Data Analytics and AI for Influencer Marketing,2024,10.1007/978-3-031-65727-6_6,Information systems engineering and management,book-chapter,"Lazim, Nurul Asmak Md; Ariffin, Sharifah H. S.",forward,openalex,doi:10.1016/j.bushor.2019.12.002,0
doi:10.1007/978-3-031-65782-5_13,110,0.000000,Artificial Intelligence’s Impact on Personal Selling: A Profession in Danger?,2024,10.1007/978-3-031-65782-5_13,Lecture notes in information systems and organisation,conference-paper,"Koukopoulos, Anastasios; Vrechopoulos, Adam; Lazaris, Chris",forward,openalex,doi:10.1007/s11747-019-00696-0|doi:10.1007/s11747-020-00749-9|doi:10.1016/j.bushor.2019.12.002,0
doi:10.1007/978-3-031-66761-9_14,111,0.000000,Customer Segmentation and Anticipation of Consumer Behaviors Based on Machine Learning and CART,2024,10.1007/978-3-031-66761-9_14,Lecture notes in networks and systems,conference-paper,"Jelonek, Dorota; Graczyk-Kucharska, Magdalena; Wyrwicka, Magdalena K.; Olszewski, Robert",forward,openalex,doi:10.1007/s11747-019-00696-0|doi:10.1177/0008125619859317,0
doi:10.1007/978-3-031-66850-0_32,112,0.000000,The Influence of AI-Driven Content Marketing on Companies’ Decisions,2024,10.1007/978-3-031-66850-0_32,Information systems engineering and management,conference-paper,"Amnoun, Hasnae; Smaili, Naoual; Barboucha, Hamza; Kodad, Mohcine",forward,openalex,doi:10.1007/978-3-030-72080-3_20|doi:10.1177/18393349211037684,0
doi:10.1007/978-3-031-67547-8_23,113,0.000000,An Interplay of Artificial Intelligence-Based Customer Analysis on the Performance of Customer Relationship Management in Organized Retail Outlets: Serial Mediation Approach,2024,10.1007/978-3-031-67547-8_23,Contributions to finance and accounting,book-chapter,"Swaranalatha, R.; Karthikeyan, K.",forward,openalex,doi:10.1016/j.bushor.2019.12.002,0
doi:10.1007/978-3-031-70399-7_24,114,0.000000,Incorporation of Artificial Intelligence in Marketing Strategies and Practices for Better Effectiveness,2024,10.1007/978-3-031-70399-7_24,"Studies in systems, decision and control",book-chapter,"Janahi, Wojood Fouad; Mubarak, Muneer Al",forward,openalex,doi:10.1007/s11747-020-00749-9,0
doi:10.1007/978-3-031-70488-8_10,115,0.000000,Use of Online Shop Chatbots: How Trust in Seller Moderates Brand Preference and Purchase Intention,2024,10.1007/978-3-031-70488-8_10,Springer proceedings in business and economics,conference-paper,"Illescas-Manzano, María D.; Martínez, S.; Cardoso, Paulo Ribeiro; López, Cristina Segovia",forward,openalex,doi:10.1007/s11747-019-00696-0|doi:10.1108/ijrdm-08-2020-0312,0
doi:10.1007/978-3-031-71213-5_39,116,0.000000,Exploring the Influence of Artificial Intelligence in Digital Marketing: A Comprehensive Study,2024,10.1007/978-3-031-71213-5_39,Studies in big data,book-chapter,"Lissy, N. S.; Mahalakshmi, J",forward,openalex,doi:10.1108/wjemsd-08-2020-0099,0
doi:10.1007/978-3-031-71619-5_19,117,0.000000,The Impact of Artificial Intelligence Adoption on Jordanians’ Customers Satisfaction,2024,10.1007/978-3-031-71619-5_19,Lecture notes on data engineering and communications technologies,conference-paper,"Abuhashesh, Mohammad; Momani, Duha Anas; Omeish, Fandi; Badran, Rand; Alshurideh, Muhammad Turki",forward,openalex,doi:10.1108/ijrdm-08-2020-0312,0
doi:10.1007/978-3-031-73514-1_7,118,0.000000,"Artificial Intelligence: New Challenges, Opportunities, and Threats in Marketing, Media, and Communication",2024,10.1007/978-3-031-73514-1_7,Progress in IS,book-chapter,"Nardello, Carlo; Iannarilli, Lorenzo; Giaroli, Edoardo",forward,openalex,doi:10.1007/978-3-030-12453-3_151,0
doi:10.1007/978-3-031-73632-2_22,119,0.000000,The Impact of Artificial Intelligence on Customer Relationship Management in Insurance Companies in Palestine,2024,10.1007/978-3-031-73632-2_22,Studies in big data,book-chapter,"Yahya, Aya; Abulrub, Sireen; Alnasr, Firas; Nour, Abdulnaser Ibrahim",forward,openalex,doi:10.1007/s11747-019-00696-0,0
doi:10.1007/978-3-031-74828-8_49,120,0.000000,Artificial Intelligence in Marketing: A Bibliometric Study,2024,10.1007/978-3-031-74828-8_49,Lecture notes in networks and systems,conference-paper,"Suárez-Pérez, Juan Carlos; Vayas-Ortega, Germania",forward,openalex,doi:10.1007/s11747-020-00749-9,0
doi:10.1007/978-3-031-76193-5_3,121,0.000000,Creative Artificial Intelligence for Marketers: A Framework and Research Agenda,2024,10.1007/978-3-031-76193-5_3,Developments in marketing science: proceedings of the Academy of Marketing Science,conference-paper,"Yonel, Tanita; Bhargave, Rajesh P.; Hattula, Johannes",forward,openalex,doi:10.1007/s11747-019-00696-0|doi:10.1007/s11747-020-00749-9,0
doi:10.1007/978-3-031-76365-6_1,122,0.000000,Advancements and Challenges in AI Applications for B2C Retail Promotions,2024,10.1007/978-3-031-76365-6_1,Lecture notes in business information processing,conference-paper,"Jordan, Stephanie; Kracklauer, Alexander H.; Germelmann, Claas Christian",forward,openalex,doi:10.1007/s11747-019-00696-0,0
doi:10.1007/978-3-031-76560-5_9,123,0.000000,Enhancing the Phygital Customer Experience in the Digital World,2025,10.1007/978-3-031-76560-5_9,Future of business and finance,book-chapter,"Gustafsson, Amie; Öberg, Christina; Shams, Poja",forward,openalex,doi:10.1007/978-3-319-68750-6_18,0
doi:10.1007/978-3-031-76654-1_15,124,0.000000,Modeling Omnichannel Retail Marketing Driven by Artificial Intelligence,2025,10.1007/978-3-031-76654-1_15,Springer proceedings in business and economics,conference-paper,"Samanta, Irene; Arkoudis, Nikolaos",forward,openalex,doi:10.1007/s11747-019-00696-0|doi:10.1007/s11747-020-00749-9|doi:10.1016/j.bushor.2019.12.002,0
doi:10.1007/978-3-031-78238-1_2,125,0.000000,Applying Machine Learning in Marketing: An Analysis Using the NMF and K-Means Algorithms,2025,10.1007/978-3-031-78238-1_2,Lecture notes in computer science,conference-paper,"Gallego, Victor; Freixes, Alfons; Lingan, Jessica",forward,openalex,doi:10.1016/j.compeleceng.2020.106723,0
doi:10.1007/978-3-031-78238-1_7,126,0.000000,Artificial Intelligence in Marketing Strategic Decisions via Product Portfolio Optimization,2025,10.1007/978-3-031-78238-1_7,Lecture notes in computer science,conference-paper,"Rodriguez-Garcia, Patricia; López-López, David; Solano, J.",forward,openalex,doi:10.1007/s11747-019-00696-0,0
doi:10.1007/978-3-031-78623-5_8,127,0.000000,Defining an AI-Virtual Assistant for Increasing Customer Interaction in Digital Marketing: A Case Study in Agrifood Sector,2025,10.1007/978-3-031-78623-5_8,Springer proceedings in complexity,conference-paper,"Mele, Gioconda; Spagnolo, Annamaria; Passıante, Giuseppina; Fiorentini, Antonio",forward,openalex,doi:10.1007/978-3-030-12453-3_143|doi:10.1108/ijrdm-08-2020-0312,0
doi:10.1007/978-3-031-78943-4_22,128,0.000000,Application of Artificial Intelligence in the Realm of Digital Markrting,2025,10.1007/978-3-031-78943-4_22,Lecture notes in networks and systems,conference-paper,"Sowmya, S.; Varsini, M.; Samadurai, M.; Maheswari, R.; Vetrivel, S. C.; Saravanan, T. P.",backward|forward,crossref|openalex,doi:10.1007/978-3-030-12453-3_143|doi:10.1109/iccraids67816.2026.11519734,0
doi:10.1007/978-3-031-80656-8_1,129,0.000000,Challenges and Limitations in the Use of Big Data in Marketing: A Literature Review,2025,10.1007/978-3-031-80656-8_1,Studies in big data,book-chapter,"Kellerte, Katrina; Batraga, Anda; Šalkovska, Jeļena",forward,openalex,doi:10.52970/grmilf.v3i1.398,0
doi:10.1007/978-3-031-80904-0_4,130,0.000000,"Effects of Digital Technologies on the Role, Functions, and Interplay of Marketing and Sales Departments in Technical B2B Companies",2024,10.1007/978-3-031-80904-0_4,Developments in marketing science: proceedings of the Academy of Marketing Science,conference-paper,"Zehetner, Andreas; Korntner-Kanitz, Christopher",forward,openalex,doi:10.1016/j.indmarman.2020.07.022,0
doi:10.1007/978-3-031-82369-5_12,131,0.000000,Strategic Marketing Analytics: A Systematic Review,2025,10.1007/978-3-031-82369-5_12,Information systems engineering and management,review,"Mishra, Ananya; Kautish, Pradeep",forward,openalex,doi:10.1016/j.eswa.2018.11.002,0
doi:10.1007/978-3-031-82467-8_20,132,0.000000,Chatbots and Customer Experience in Luxury Fashion,2025,10.1007/978-3-031-82467-8_20,,book-chapter,"Ward-Lubbe, Isolde; Mbeya, Steven",forward,openalex,doi:10.1007/s11747-019-00696-0|doi:10.1016/j.bushor.2019.12.002,0
doi:10.1007/978-3-031-82571-2_11,133,0.000000,Hype or Reality: AI as a Disruptor of Fashion Retail,2025,10.1007/978-3-031-82571-2_11,,book-chapter,"Marciniak, Ruth",forward,openalex,doi:10.1108/ijrdm-08-2020-0312,0
doi:10.1007/978-3-031-82571-2_9,134,0.000000,Personalisation in Fashion Marketing,2025,10.1007/978-3-031-82571-2_9,,book-chapter,"Kent, Anthony",forward,openalex,doi:10.1007/s11747-019-00696-0,0
doi:10.1007/978-3-031-83911-5_11,135,0.000000,The Impact of AI-Driven Marketing for Competitive Advantage Businesses: A Bibliometric and Content Analysis,2025,10.1007/978-3-031-83911-5_11,Studies in big data,book-chapter,"James, Julie; Cherian, Leena K.; Abey, Joji",forward,openalex,doi:10.1007/s11747-019-00696-0|doi:10.1007/s11747-020-00749-9,0
doi:10.1007/978-3-031-84613-7_12,136,0.000000,Artificial Intelligence and Customer Engagement: Insights and Challenges,2025,10.1007/978-3-031-84613-7_12,,book-chapter,"Ozuem, Wilson; Willis, Michelle",forward,openalex,doi:10.1016/j.bushor.2019.12.002,0
doi:10.1007/978-3-031-84636-6_3,137,0.000000,Impact of Artificial Intelligence on Digital Marketing: Theoretical and Empirical Evidence,2025,10.1007/978-3-031-84636-6_3,"Studies in systems, decision and control",book-chapter,"Gbadegeshin, Saheed A.; French, Andrew; Olajumoke, Taiwo F.; AlZahrani, Ibrahim A. A.; Farah, Somayeh Y.; Jegede, Oluseye",forward,openalex,doi:10.1007/s11747-019-00696-0|doi:10.1177/18393349211037684,0
doi:10.1007/978-3-031-84889-6_1,138,0.000000,Examining the Artificial Intelligence Role in Enhancing Sustainable Marketing Strategies,2025,10.1007/978-3-031-84889-6_1,"Advances in Science, Technology & Innovation/Advances in science, technology & innovation",conference-paper,"Al-Zagheer, Hanady; Hashem, Tareq N.; Kilani, Qais; Badrakhan, Sawsan S.",forward,openalex,doi:10.1007/s11747-020-00749-9,0
doi:10.1007/978-3-031-84889-6_59,139,0.000000,From Transactional to Conversational: The Impact of Chatbots on Customers Engagement and Relationship Building in the Banking Sector,2025,10.1007/978-3-031-84889-6_59,"Advances in Science, Technology & Innovation/Advances in science, technology & innovation",conference-paper,"Bataineh, Abdallah Q.; Abu-AlSondos, Ibrahim A.; Bataineh, Jamil K. J.; Frangieh, Rana Husseini; Mokdad, Soha Salem El",forward,openalex,doi:10.1108/ijrdm-08-2020-0312,0
doi:10.1007/978-3-031-84889-6_63,140,0.000000,AI-Powered Personalization: Transforming Digital Marketing Campaigns for Success,2025,10.1007/978-3-031-84889-6_63,"Advances in Science, Technology & Innovation/Advances in science, technology & innovation",conference-paper,"Hmeidan, Tahreer M. Abu; Al-Weshah, Ghazi A.; Rawashdeh, Awni; Al-Okdeh, Saleh K.; Bakhit, Mashael",forward,openalex,doi:10.1177/18393349211037684,0
doi:10.1007/978-3-031-85272-5_10,141,0.000000,"AI-Driven Integrated Marketing Communications (IMC): Exploring the Role of AI in Planning, Executing, and Evaluating IMC",2025,10.1007/978-3-031-85272-5_10,,book-chapter,"Morton, Flor; Treviño-Benavides, Teresa",forward,openalex,doi:10.1007/s11747-020-00749-9|doi:10.1016/j.bushor.2019.12.002|doi:10.1177/0008125619859317,0
doi:10.1007/978-3-031-85272-5_7,142,0.000000,AI Revolutionizing Marketing: Applications and Other Considerations,2025,10.1007/978-3-031-85272-5_7,,book-chapter,"Treviño-Benavides, Teresa; Morton, Flor",forward,openalex,doi:10.1177/18393349211037684,0
doi:10.1007/978-3-031-85272-5_9,143,0.000000,Artificial Intelligence (AI) in Marketing and Firm Competitiveness,2025,10.1007/978-3-031-85272-5_9,,book-chapter,"Foltean, Florin Sabin",forward,openalex,doi:10.1007/s11747-019-00696-0|doi:10.1007/s11747-020-00749-9|doi:10.1016/j.bushor.2019.12.002|doi:10.1016/j.indmarman.2020.07.022|doi:10.1177/18393349211037684,0
doi:10.1007/978-3-031-85952-6_52,144,0.000000,Applications Analysis of Artificial Intelligence Technology in Digital Marketing,2025,10.1007/978-3-031-85952-6_52,Learning and analytics in intelligent systems,conference-paper,"Zhang, Li",forward,openalex,doi:10.1007/978-3-030-72080-3_20,0
doi:10.1007/978-3-031-87550-2_123,145,0.000000,The Use of Artificial Intelligence in Digital Advertising,2025,10.1007/978-3-031-87550-2_123,"Studies in systems, decision and control",book-chapter,"Namis, Tariq Mane Ali Al; Abdulla, Majed Khaled Majed; Hassan, Abdulsadek; Assali, Imad",forward,openalex,doi:10.1177/18393349211037684,0
doi:10.1007/978-3-031-87550-2_130,146,0.000000,The Use of Artificial Intelligence Applications in Digital Marketing and Its Impact on Achieving Competitive Advantage,2025,10.1007/978-3-031-87550-2_130,"Studies in systems, decision and control",book-chapter,"Muftah, Abeer Ali; Bukamal, Maryam Isa; Almansoori, Noora Abdulla; Hassan, Abdulsadek",forward,openalex,doi:10.1007/978-3-030-72080-3_20|doi:10.1007/s11747-020-00749-9,0
doi:10.1007/978-3-031-87584-7_23,147,0.000000,Improving Marketing Mix Elements with Artificial Intelligence: A Comprehensive Review,2025,10.1007/978-3-031-87584-7_23,"Studies in systems, decision and control",book-chapter,"Al-Zagheer, Hanady; Hammouri, Qais; Altememi, Ayad Fadhil; Nahleh, Ibrhim Abu",forward,openalex,doi:10.1007/978-3-030-12453-3_151,0
doi:10.1007/978-3-031-87584-7_45,148,0.000000,Utilizing Artificial Intelligence Techniques to Strengthen Marketing Campaign Resilience: A Proposed Model,2025,10.1007/978-3-031-87584-7_45,"Studies in systems, decision and control",book-chapter,"Al-Zagheer, Hanady; Hammouri, Qais; Alshawabkeh, Hamza Ali; Nahleh, Ibrhim Abu",forward,openalex,doi:10.1007/s11747-019-00696-0|doi:10.1007/s11747-020-00749-9,0
doi:10.1007/978-3-031-88067-4_21,149,0.000000,Task-Dependent Algorithm Aversion,2019,10.1007/978-3-031-88067-4_21,,book-chapter,"Castelo, Noah; Bos, Maarten W.; Bos, Maarten W.; Lehmann, Donald R.; Lehmann, Donald R.",backward,openalex,doi:10.1016/j.ausmj.2020.04.002,0
doi:10.1007/978-3-031-88781-9_9,150,0.000000,Artificial Intelligence in Social Media Marketing,2025,10.1007/978-3-031-88781-9_9,Contributions to management science,book-chapter,"Lyulyov, Oleksii; Pimonenko, Tetyana; Кwilinski, Aleksy",forward,openalex,doi:10.1007/s11747-019-00696-0,0
doi:10.1007/978-3-031-90054-9_15,151,0.000000,Artificial Intelligence-Powered Tools for Personalized Product Recommendations in E-Commerce: The Role of User Satisfaction on Online Purchase Decisions,2025,10.1007/978-3-031-90054-9_15,Springer proceedings in business and economics,conference-paper,"Mischin, Julia; Deirmentzoglou, Georgios A.; Daskou, Sofia; Vlassi, Eirini",backward,crossref|openalex,doi:10.1109/iccraids67816.2026.11519734,0
doi:10.1007/978-3-031-90558-2_33,152,0.000000,The Relationship Between Artificial Intelligence and Digital Marketing,2025,10.1007/978-3-031-90558-2_33,"Advances in Science, Technology & Innovation/Advances in science, technology & innovation",conference-paper,"Alghizzawi, Mahmoud; Al-Gasawneh, Jassim Ahmad; Alamro, Ahmed; Alhanatleh, Hasan; Ghani, Mohd Amir Hamzah Ab.",forward,openalex,doi:10.1007/s11747-020-00749-9,0
doi:10.1007/978-3-031-91334-1_78,153,0.000000,The Potential of AI in Predictive Marketing: How AI Could Be Used to Anticipate Green Consumer Behavior,2025,10.1007/978-3-031-91334-1_78,Lecture notes in networks and systems,conference-paper,"Sofia, Saadi; HASSAN, Allia Kacimi EL",forward,openalex,doi:10.1007/s11747-020-00749-9,0
doi:10.1007/978-3-031-92240-4_51,154,0.000000,"Smart Marketing with AI: Opportunities, Challenges, and Future Directions in Jordan",2025,10.1007/978-3-031-92240-4_51,"Studies in systems, decision and control",book-chapter,"Nassoura, Ayman Bassam; Abouraia, Mahmoud; Jassim, Hothefa Shaker",forward,openalex,doi:10.1007/s11747-019-00696-0,0
doi:10.1007/978-3-031-92240-4_55,155,0.000000,AI-Driven Marketing: Transforming Consumer Engagement and Personalization—a Survey,2025,10.1007/978-3-031-92240-4_55,"Studies in systems, decision and control",book-chapter,"Nassoura, Ayman Bassam; Abouraia, Mahmoud; Jassim, Hothefa Shaker",forward,openalex,doi:10.1007/s11747-019-00696-0,0
doi:10.1007/978-3-031-92240-4_81,156,0.000000,The Role of Artificial Intelligence in Enhancing Customer Experience in Marketing: A Case Study of the UAE,2025,10.1007/978-3-031-92240-4_81,"Studies in systems, decision and control",book-chapter,"Abouraia, Mahmoud; Nassoura, Ayman Bassam; Jassim, Hothefa Shaker; Abdelfattah, Fadi",forward,openalex,doi:10.1007/s11747-019-00696-0,0
doi:10.1007/978-3-031-94997-5_6,157,0.000000,Optimizing SEO with AI: Achieving Success Through Responsible Innovation,2025,10.1007/978-3-031-94997-5_6,Information systems engineering and management,conference-paper,"Sarkar, Utsav; Paul, Subrata; Gowrav, M. Raghuram; Mitra, Anirban",forward,openalex,doi:10.1007/978-3-030-12453-3_143,0
doi:10.1007/978-3-031-96631-6_2,158,0.000000,AI-Driven E-Marketing: The Future of Data-Driven Strategies and Consumer Engagement,2025,10.1007/978-3-031-96631-6_2,Lecture notes in networks and systems,conference-paper,"Khamayseh, Ahmad I. A; Yusoff, Wan Fauziah Wan; Khudari, Mohamed",forward,openalex,doi:10.1007/978-3-030-12453-3_151|doi:10.1007/s11747-019-00696-0,0
doi:10.1007/978-3-031-96930-0_1,159,0.000000,"The Digital Turn: Reimagining Business, Marketing, and the Consumer in a Techno-Driven Age",2025,10.1007/978-3-031-96930-0_1,Springer proceedings in business and economics,conference-paper,"Moiras, Panagiotis",forward,openalex,doi:10.1007/s11747-020-00749-9,0
doi:10.1007/978-3-031-96930-0_10,160,0.000000,Benefits and Perils of SMEs’ Digital Transformation in Marketing,2025,10.1007/978-3-031-96930-0_10,Springer proceedings in business and economics,conference-paper,"Niros, Meletios I.; Peitzika, Eirini; Niros, Angelica; Kelali, Panagiota",forward,openalex,doi:10.1007/s11747-019-00696-0|doi:10.1007/s11747-020-00749-9,0
doi:10.1007/978-3-031-96930-0_11,161,0.000000,SMEs Playing in the Big Advertising League: The Transformative Potential of Programmatic Advertising and the Barriers to Its Full-Scale Implementation,2025,10.1007/978-3-031-96930-0_11,Springer proceedings in business and economics,conference-paper,"Horstick, Marius Ian Yul; Zarkada‐Fraser, Anna",forward,openalex,doi:10.1007/978-3-319-25023-6_1|doi:10.1016/j.chb.2020.106657|doi:10.1080/00913367.2019.1654421|doi:10.1108/itp-09-2019-0480|doi:10.3145/epi.2017.mar.06|doi:10.47772/ijriss.2021.5830,0
doi:10.1007/978-3-031-97088-7_7,162,0.000000,Harnessing AI and Data Analytics: A Psychological Perspective on Consumer Behaviour and Personalised Digital Marketing in an African Country Context,2026,10.1007/978-3-031-97088-7_7,,book-chapter,"Cheure, Memory Matsikure; Zengeya, Rudo Nyandima; Mutongoreni, Noah A.; Kwembeya, Maurice; Watema, Poniso; MAUWA, GRETA; Mutumwa, Allen; Mapungwana, Moreblessing Caroline; Chikozho, Martin",forward,openalex,doi:10.1177/0008125619859317,0
doi:10.1007/978-3-031-97613-1_11,163,0.000000,Harnessing AI Tools: The Transformation of Digital Marketing Techniques Through Deep Learning and Machine Learning,2025,10.1007/978-3-031-97613-1_11,Studies in big data,book-chapter,"Mustafa, Saed Adnan; Shehada, Feras",forward,openalex,doi:10.1007/s11747-019-00696-0,0
doi:10.1007/978-3-031-97799-2_1,164,0.000000,Will Artificial Intelligence Replace Human Creativity in Advertising? The Creative Directors’ Perspective,2025,10.1007/978-3-031-97799-2_1,Lecture notes in networks and systems,conference-paper,"Duarte, Alexandre; Dias, Patrícia",forward,openalex,doi:10.1080/00913367.2019.1654421,0
doi:10.1007/978-3-031-97913-2_14,165,0.000000,AI Agent Design for Trade Show Lead Matching,2025,10.1007/978-3-031-97913-2_14,Communications in computer and information science,conference-paper,"Alcocer, Victoria Martin del Campo; Morales, David L.S.",forward,openalex,doi:10.33140/eoa.02.01.04,0
doi:10.1007/978-3-031-99151-6_21,166,0.000000,The Role of AI in Shaping Consumer Behaviour: Insights into Personalised Marketing and Sustainable Shopping Practices,2026,10.1007/978-3-031-99151-6_21,,conference-paper,"Arantes, Luzia; Costa, Sandra; Alves, Jéssica; Vaz, Luís",forward,openalex,doi:10.1016/j.bushor.2019.12.002,0
doi:10.1007/978-3-032-00329-4_21,167,0.000000,AI in Search—Redefining SEO in Digital Marketing Strategy and Practices,2025,10.1007/978-3-032-00329-4_21,Lecture notes in networks and systems,conference-paper,"Pereira, Miguel Cachulo; Neves, Joana; Bacalhau, Lara Mendes",forward,openalex,doi:10.1177/18393349211037684,0
doi:10.1007/978-3-032-00329-4_53,168,0.000000,Integrating Artificial Marketing into Direct Marketing: Balancing Personalization and Ethical Issues,2025,10.1007/978-3-032-00329-4_53,Lecture notes in networks and systems,conference-paper,"Putranto, Ardhi Setyo; Priyono, Anjar",forward,openalex,doi:10.1007/s11747-019-00696-0,0
doi:10.1007/978-3-032-01948-6_17,169,0.000000,Enhancing Omnichannel Customer Experience: A Cross-Case Study Analysis of AI Integration in Retail E-Commerce,2025,10.1007/978-3-032-01948-6_17,Communications in computer and information science,conference-paper,"Kasat, Kishori; Shaikh, Naim; Shradha, Vernekar; Iyengar, Venkatesh",forward,openalex,doi:10.1007/s11747-019-00696-0,0
doi:10.1007/978-3-032-02365-0_2,170,0.000000,Metaverse: Immersive Marketing and Consumer Engagement in Emerging Economies,2026,10.1007/978-3-032-02365-0_2,Palgrave studies of marketing in emerging economies,book-chapter,"Ndigwe, Chinedu Izuchukwu; Erondu, Ihunanya Ngozi; Nnamdi, Kelechi; Otubanjo, Tayo",forward,openalex,doi:10.1108/978-1-83549-568-120251012,0
doi:10.1007/978-3-032-02526-5_13,171,0.000000,AI in Marketing and Consumer Behavior,2025,10.1007/978-3-032-02526-5_13,Contributions to management science,book-chapter,"Armutcu, Barış",forward,openalex,doi:10.1007/s11747-020-00749-9,0
doi:10.1007/978-3-032-02526-5_15,172,0.000000,Responsible Use of Artificial Intelligence in International Marketing: A Comparative Analysis of Multinational Enterprises,2025,10.1007/978-3-032-02526-5_15,Contributions to management science,book-chapter,"Lager, Mia-Kristina; Hasan, Rakibul; Ojala, Arto; Li, Yanwen",forward,openalex,doi:10.1007/s11747-019-00696-0|doi:10.1177/0008125619859317,0
doi:10.1007/978-3-032-03480-9_9,173,0.000000,"AI-Driven E-Commerce: Consumer Reactions, Engagement, and the Path to Brand Loyalty",2026,10.1007/978-3-032-03480-9_9,,book-chapter,"Rodrigues, Paula",forward,openalex,doi:10.1007/s11747-019-00696-0|doi:10.1177/0008125619859317,0
doi:10.1007/978-3-032-03554-7_8,174,0.000000,The Impact of Artificial Intelligence on Digital Marketing,2026,10.1007/978-3-032-03554-7_8,Signals and communication technology,book-chapter,"Morais, Elisabete Paulo; Lopes, Luísa Alexandra",forward,openalex,doi:10.1007/s11747-019-00696-0,0
doi:10.1007/978-3-032-06662-6_36,175,0.000000,Enhancing Customer Experience (CX) with Generative AI-Based Net Promoter Score (NPS) Prediction,2025,10.1007/978-3-032-06662-6_36,Lecture notes in networks and systems,conference-paper,"Chanda, Ruby; Pabalkar, Vanishree; Tiwary, Priya",forward,openalex,doi:10.1108/ijrdm-08-2020-0312,0
doi:10.1007/978-3-032-07428-7_24,176,0.000000,AI-Enhanced Virtual Personalities: Boosting Brand Awareness Through Visual and Communicative Innovation,2026,10.1007/978-3-032-07428-7_24,"Advances in Science, Technology & Innovation/Advances in science, technology & innovation",conference-paper,"Anggrianto, Christian",forward,openalex,doi:10.1177/18393349211037684,0
doi:10.1007/978-3-032-08031-8_30,177,0.000000,"Emerging Trends in AI, IoT, and Cloud Computing for Marketers",2026,10.1007/978-3-032-08031-8_30,,book-chapter,"Hendricks, Leeya",forward,openalex,doi:10.1007/s11747-019-00696-0,0
doi:10.1007/978-3-032-08603-7_19,178,0.000000,Using Generative AI in Communication Agencies: Insights from a Multiple-Case Study,2025,10.1007/978-3-032-08603-7_19,Lecture notes in business information processing,conference-paper,"Bellaaj, Moez; Abed, Amina El",forward,openalex,doi:10.1007/s11747-019-00696-0|doi:10.1007/s11747-020-00749-9,0
doi:10.1007/978-3-032-08614-3_13,179,0.000000,Responsible Marketing in the Age of AI: Ethical Reflection for Companies Between Innovation and Responsibility,2025,10.1007/978-3-032-08614-3_13,Communications in computer and information science,conference-paper,"Podevin, Daniela; Paulus, Moritz; Wilhelm, Annika; Hellbrück, Nicolas",forward,openalex,doi:10.1007/s11747-019-00696-0,0
doi:10.1007/978-3-032-09066-9_10,180,0.000000,Digital Human: The New Frontier of Artificial Intelligence for Customer Experience,2026,10.1007/978-3-032-09066-9_10,Springer proceedings in complexity,book-chapter,"Spilotro, Claudia; Secundo, Giustina; Vitulano, Felice",forward,openalex,doi:10.1007/s11747-019-00696-0,0
doi:10.1007/978-3-032-09562-6_25,181,0.000000,AI Robots in Digital Advertising and Their Role in Enhancing Customer Engagement,2025,10.1007/978-3-032-09562-6_25,Lecture notes in networks and systems,conference-paper,"Mohammed, Nour Jassim",forward,openalex,doi:10.1007/978-3-030-72080-3_20|doi:10.1007/s11747-020-00749-9|doi:10.1177/18393349211037684,0
doi:10.1007/978-3-032-09562-6_27,182,0.000000,"Integrating Artificial Intelligence into the Public Relations and Marketing Functions of Jordanian Telecom Companies: Orange, Umniah, and Zain",2025,10.1007/978-3-032-09562-6_27,Lecture notes in networks and systems,conference-paper,"Makanai, Samar Y.",forward,openalex,doi:10.1007/s11747-020-00749-9,0
doi:10.1007/978-3-032-09562-6_28,183,0.000000,The Role of Artificial Intelligence in Targeting Youth with Job Advertisements on Professional Digital Platforms: LinkedIn as a Case Study,2025,10.1007/978-3-032-09562-6_28,Lecture notes in networks and systems,conference-paper,"Albahrany, Hanan Hayder; Majeed, Rand Qusay",forward,openalex,doi:10.1007/s11747-020-00749-9,0
doi:10.1007/978-3-032-12968-0_1,184,0.000000,Theoretical Exploration of the Application of Artificial Intelligence in Optimizing Inbound Marketing Practices,2026,10.1007/978-3-032-12968-0_1,Springer proceedings in business and economics,conference-paper,"Dakouan, Chouaib; Benabdelouahed, Redouane; Lebbar, Oumaima",forward,openalex,doi:10.1177/18393349211037684,0
doi:10.1007/978-3-032-12968-0_69,185,0.000000,Drivers and Disparities: Artificial Intelligence Adoption among Greek Marketing Executives,2026,10.1007/978-3-032-12968-0_69,Springer proceedings in business and economics,conference-paper,"Dragotis, Efthimios; Karayanni, Despina A.; Stamatiou, Yannis C.; Anagnostopoulou, Irene",forward,openalex,doi:10.1007/s11747-019-00696-0,0
doi:10.1007/978-3-032-12968-0_85,186,0.000000,"Digital Tools in Tourism Marketing: A Narrative Review of Social Media, Artificial Intelligence, and Mobile Strategies",2026,10.1007/978-3-032-12968-0_85,Springer proceedings in business and economics,conference-paper,"Gkikas, Dimitris C.; Theodoridis, Prokopis K.",forward,openalex,doi:10.1007/978-3-030-12453-3_143,0
doi:10.1007/978-3-032-12987-1_16,187,0.000000,From Algorithms to Assurance: Understanding the Link Between AI-Based Personalization and Consumer Trust in Beauty Products,2026,10.1007/978-3-032-12987-1_16,Lecture notes in networks and systems,conference-paper,"Santhosh, Sana S.; Mohan, Ashitha; Vishnu, N. Kavin",forward,openalex,doi:10.1007/s11747-020-00749-9,0
doi:10.1007/978-3-032-13565-0_26,188,0.000000,AI Application Trends in Marketing Communication of the Telecommunications Sector,2026,10.1007/978-3-032-13565-0_26,Studies in computational intelligence,book-chapter,"Avetisyan, Lilya A.; Yeritsyan, Hovhannes R.",forward,openalex,doi:10.1007/s11747-019-00696-0,0
doi:10.1007/978-3-032-14174-3_10,189,0.000000,The Role of Digital Advertising and AI-Based Public Relations in Brand Promotions: Conceptual Framework,2026,10.1007/978-3-032-14174-3_10,,book-chapter,"Gabrah, Antoinette Yaa Benewaa; Amoako, George Kofi; Asiedu, Emelia Amoako",forward,openalex,doi:10.1016/j.techsoc.2020.101425,0
doi:10.1007/978-3-032-14174-3_14,190,0.000000,Chatbots and AI-Based Marketing as a Digital Marketing Communication Strategy for SMEs in Africa: Conceptual Framework,2026,10.1007/978-3-032-14174-3_14,,book-chapter,"Gabrah, Antoinette Yaa Benewaa; Ampong, George Oppong; Asiedu, Emelia Amoako",forward,openalex,doi:10.1016/j.bushor.2019.12.002,0
doi:10.1007/978-3-032-15739-3_94,191,0.000000,The Influence of Digital Technologies on the Components of the Marketing Complex (4P) and Their Adaptation in Electronic Marketing,2026,10.1007/978-3-032-15739-3_94,"Studies in systems, decision and control",book-chapter,"Al-Ababneh, Hassan Ali; Haddad, Hossam; Alrhaimi, Salem A. S.; Al-Refai, Abdalla Nayef; Khanfar, Iyad; Vasudevan, Asokan; Mohammad, Suleiman Ibrahim",forward,openalex,doi:10.1007/s11747-019-00696-0,0
doi:10.1007/978-3-032-15806-2_14,192,0.000000,Perceived Relative Advantage as a Driver of AI-Enabled Omnichannel Marketing Adoption,2026,10.1007/978-3-032-15806-2_14,Lecture notes in networks and systems,conference-paper,"AL-Khaledi, Abbas G.; Alhatem, Abdulhadi; Alhasnawi, Mushtaq Yousif",forward,openalex,doi:10.1007/978-3-030-12453-3_151,0
doi:10.1007/978-3-032-15806-2_2,193,0.000000,The Power of Agentic Artificial Intelligence in Modern Product Recommendations and Advertising,2026,10.1007/978-3-032-15806-2_2,Lecture notes in networks and systems,conference-paper,"Mullah, Nanlir Sallau; Zainon, Wan Mohd Nazmee Wan; Sinawi, Saleh Al",forward,openalex,doi:10.1108/itp-09-2019-0480,0
doi:10.1007/978-3-032-15806-2_31,194,0.000000,The Impact of AI-Generated Content on Marketing Innovation: The Mediating Role of Knowledge Sharing and the Moderating Effect of Big Data,2026,10.1007/978-3-032-15806-2_31,Lecture notes in networks and systems,conference-paper,"Musheer, Dalal Jasim; Zaid, Marwah Ibrahim; Atshan, Nadia A.; Ali, Khairul Anuar Mohd; Jaboob, Ali Said",forward,openalex,doi:10.1007/s11747-019-00696-0,0
doi:10.1007/978-3-032-16284-7_2,195,0.000000,Impact of Generative Artificial Intelligence on the Work of Digital Marketing Professionals,2026,10.1007/978-3-032-16284-7_2,"Smart innovation, systems and technologies",book-chapter,"Martins, Margarida; Alturas, Bráulio; Lapa, Tiago",forward,openalex,doi:10.1007/s11747-019-00696-0|doi:10.1016/j.bushor.2019.12.002|doi:10.1177/0008125619859317|doi:10.1177/18393349211037684,0
doi:10.1007/978-3-032-16284-7_37,196,0.000000,First Insights into Neuromarketing Responses to Artificial Intelligence Versus Human-Crafted Ads,2026,10.1007/978-3-032-16284-7_37,"Smart innovation, systems and technologies",book-chapter,"Castro, Ana Valeria Calvo; Alvarado-Herrera, Alejandro; Romero, Karla Isabel Quintana; Guzmán, Adriana del Carmen Sánchez; Simonian, Hrag",forward,openalex,doi:10.1007/s11747-020-00749-9|doi:10.1080/00913367.2019.1654421|doi:10.1080/00913367.2022.2111728,0
doi:10.1007/978-3-032-16288-5_27,197,0.000000,The Emotional Infrastructure of Omnichannel Communication: Rethinking Bot-Human Interaction,2026,10.1007/978-3-032-16288-5_27,"Smart innovation, systems and technologies",book-chapter,"Palomino-Flores, Paola; Palomino-Flores, Olenka; Berckholtz-Benavides, Klaus; Carvache-Franco, Orly",forward,openalex,doi:10.1007/s11747-020-00749-9,0
doi:10.1007/978-3-032-16779-8_19,198,0.000000,"How Artificial Intelligence is Shaping Purchase Intentions and Behavior: A Literature Review, Research Themes, and Future Research Agenda",2026,10.1007/978-3-032-16779-8_19,IFIP advances in information and communication technology,conference-paper,"Hue, Truong Thi; Phat, Nguyen Thanh",forward,openalex,doi:10.1007/s11747-020-00749-9,0
doi:10.1007/978-3-032-16779-8_22,199,0.000000,Impact of Artificial Intelligence on Brand Equity: Primary Schools of Thought and Future Research Directions,2026,10.1007/978-3-032-16779-8_22,IFIP advances in information and communication technology,conference-paper,"Hue, Truong Thi; Nguyen, Khanh Linh; Le, Huong-Linh",forward,openalex,doi:10.1177/0008125619859317,0
doi:10.1007/978-3-032-17407-9_6,200,0.000000,Digital and Artificial Intelligence Marketing in the Food Industry,2026,10.1007/978-3-032-17407-9_6,"Smart innovation, systems and technologies",book-chapter,"Фигурек, Александра; Semenova, Elena I.; Semenov, Aleksandr V.",forward,openalex,doi:10.1007/s11747-019-00696-0|doi:10.1007/s11747-020-00749-9,0
doi:10.1007/978-3-032-18484-9_17,201,0.000000,Exploring AI-Driven Personalization for Business Growth in Virtual Economies - a Systematic Literature Review,2026,10.1007/978-3-032-18484-9_17,Lecture notes in business information processing,conference-paper,"Neirou, Michaella",forward,openalex,doi:10.1016/j.bushor.2019.12.002,0
doi:10.1007/978-3-032-18860-1_35,202,0.000000,Generative AI in Smart Marketing for Customer Retention: A Systematic Literature Review for Future Research Directions,2026,10.1007/978-3-032-18860-1_35,Lecture notes in networks and systems,conference-paper,"Ed-Daakouri, Ikram; Khizzo, Nouhaila Ben; Alla, Lhoussaine; Nfaoui, El Habib; ELHISSOUFI, Mustapha",forward,openalex,doi:10.1007/s11747-020-00749-9,0
doi:10.1007/978-3-032-19245-5_51,203,0.000000,The Role of AI Marketing and Behavioral Conditioning in Real-Time Consumer Engagement,2026,10.1007/978-3-032-19245-5_51,Lecture notes in networks and systems,conference-paper,"Gabelaia, Ioseb; Tracy, Vivian",forward,openalex,doi:10.1007/978-3-030-12453-3_151|doi:10.1007/s11747-019-00696-0,0
doi:10.1007/978-3-032-19387-2_6,204,0.000000,AI-Driven Market and Competitive Intelligence,2026,10.1007/978-3-032-19387-2_6,,book-chapter,"Hakimpour, Hossein",forward,openalex,doi:10.1007/s11747-020-00749-9,0
doi:10.1007/978-3-032-19675-0_47,205,0.000000,The Role of Big Data Analytics in Enhancing Digital Marketing Campaigns: A Study Based on Customer Perceptions and Experiences,2026,10.1007/978-3-032-19675-0_47,Lecture notes in networks and systems,book-chapter,"Kulkarni, Mugdha Shailendra; Patil, Kanchan",forward,openalex,doi:10.1504/ijbdm.2020.106876,0
doi:10.1007/978-3-032-19947-8_7,206,0.000000,Balancing Potential and Ethics: A Comprehensive Exploration of AI in Marketing,2026,10.1007/978-3-032-19947-8_7,Developments in marketing science: proceedings of the Academy of Marketing Science,conference-paper,"Volkmar, Gioia; Stallone, Valerio; Heierli, Reto",forward,openalex,doi:10.1007/s11747-019-00696-0|doi:10.1007/s11747-020-00749-9|doi:10.1080/00913367.2022.2111728,0
doi:10.1007/978-3-032-20132-4_27,207,0.000000,Human-to-Human (H2H) Approach in AI-Driven Marketing,2026,10.1007/978-3-032-20132-4_27,Developments in marketing science: proceedings of the Academy of Marketing Science,conference-paper,"Bojorges-Moctezuma, Natasha Patricia",forward,openalex,doi:10.1007/s11747-019-00696-0,0
doi:10.1007/978-3-032-20235-2_11,208,0.000000,The Cognitive and Commercial Influence of AI: A Tri-Perspective Study on Marketing and Human Behavior,2026,10.1007/978-3-032-20235-2_11,Lecture notes in electrical engineering,conference-paper,"Patil, Sameer; Gupta, Atulya; Gupta, Khushi; Nandy, Shruti",forward,openalex,doi:10.1007/s11747-020-00749-9,0
doi:10.1007/978-3-032-20714-2_12,209,0.000000,Mapping the Future: A Bibliometric Analysis of Artificial Intelligence Applications in Marketing,2026,10.1007/978-3-032-20714-2_12,"Studies in systems, decision and control",book-chapter,"Srivastava, Garima; Mishra, Smita; Juneja, Divya",forward,openalex,doi:10.1007/s11747-019-00696-0|doi:10.1007/s11747-020-00749-9,0
doi:10.1007/978-3-032-21207-8_5,210,0.000000,International and Strategic Marketing: the Use of Artificial Intelligence for Market Segmentation,2026,10.1007/978-3-032-21207-8_5,Lecture notes in networks and systems,conference-paper,"Papa, Armando; Stilo, Pietro; Sasso, Pasquale",forward,openalex,doi:10.1007/s11747-019-00696-0,0
doi:10.1007/978-3-032-22336-4_8,211,0.000000,Integrating AI into Marketing,2026,10.1007/978-3-032-22336-4_8,,book-chapter,"Stiefenhofer, Pascal",forward,openalex,doi:10.1007/s11747-019-00696-0|doi:10.1007/s11747-020-00749-9,0
doi:10.1007/978-3-032-23317-2_11,212,0.000000,Intelligent Automation in Marketing: A Study on ML and RPA-Driven Campaign Optimization,2026,10.1007/978-3-032-23317-2_11,Lecture notes in networks and systems,conference-paper,"Chaturvedi, Arpana; Malik, Praveen; Thakur, Rahul; Dhar, Arijit",forward,openalex,doi:10.1007/s12599-015-0370-8,0
doi:10.1007/978-3-032-23493-3_21,213,0.000000,Optimising Digital Advertising Using Generative AI: A Design Science Approach to Keyword Generation and Decision Support,2026,10.1007/978-3-032-23493-3_21,Lecture notes in operations research,conference-paper,"Farhan, Syed; Fu, Colin",forward,openalex,doi:10.1007/s11747-019-00696-0|doi:10.1177/0008125619859317,0
doi:10.1007/978-3-032-24239-6_16,214,0.000000,Chatbots and Natural Language Processing in Customer Experience: Analyzing and Predicting Business Interactions,2026,10.1007/978-3-032-24239-6_16,Communications in computer and information science,conference-paper,"Al-Shamery, Ameer AL-Haq; Jude, Yasser S.",forward,openalex,doi:10.1007/s11747-020-00749-9,0
doi:10.1007/978-3-032-25134-3_2,215,0.000000,The Marketing Paradox: Orchestrating the AI Renaissance Without Losing the Consumer’s Soul,2026,10.1007/978-3-032-25134-3_2,Future of business and finance,book-chapter,"Mu, Jifeng",forward,openalex,doi:10.1007/s11747-019-00696-0|doi:10.1007/s11747-020-00749-9,0
doi:10.1007/978-3-032-26319-3_2,216,0.000000,AI Content Marketing in Cross-Cultural Contexts: A Systematic Review and Conceptual Framework,2026,10.1007/978-3-032-26319-3_2,Lecture notes in networks and systems,conference-paper,"Gatchalee, Pagon",forward,openalex,doi:10.1007/978-3-030-12453-3_151,0
doi:10.1007/978-3-032-27154-9_42,217,0.000000,Artificial Intelligence: Enabling Sales Personalization and Stakeholder Engagement in EdTech Industry,2026,10.1007/978-3-032-27154-9_42,Lecture notes in networks and systems,conference-paper,"Arora, Tarun; Arora, Madhu",forward,openalex,doi:10.1007/s11747-019-00696-0,0
doi:10.1007/978-3-319-25023-6_1,218,0.000000,The Programmatic Advertising Principle,2015,10.1007/978-3-319-25023-6_1,Management for professionals,book-chapter,"Busch, Oliver",backward|seed,crossref|openalex|seed,doi:10.1007/978-3-030-48230-5_7|doi:10.1007/978-3-030-93131-5_5|doi:10.1007/978-3-031-96930-0_11|doi:10.1007/978-3-658-22681-7_3|doi:10.1007/978-3-658-29995-8_5|doi:10.1016/j.ausmj.2020.04.002|doi:10.1016/j.chb.2020.106657|doi:10.1016/j.techfore.2019.03.020|doi:10.1080/00913367.2019.1654421|doi:10.1080/00913367.2020.1795954|doi:10.1080/00913367.2022.2111728|doi:10.1080/0965254x.2022.2148269|doi:10.1080/1051712x.2021.1920702|doi:10.1080/17510694.2021.2025001|doi:10.1080/22041451.2019.1561398|doi:10.1108/itp-09-2019-0480|doi:10.1109/cifer.2019.8759106|doi:10.1504/ijbdm.2019.10023294|doi:10.1504/ijbdm.2020.106876|doi:10.25139/jsk.v5i3.3077|doi:10.3145/epi.2017.mar.06|doi:10.3389/fpsyg.2022.856663|doi:10.3390/jtaer21060179|doi:10.4018/979-8-3693-0116-6.ch006|doi:10.4018/979-8-3693-3455-3.ch001|doi:10.4018/979-8-3693-7041-4.ch003|doi:10.4018/979-8-3693-7041-4.ch006|doi:10.4337/9781035312870.00008|doi:10.47772/ijriss.2021.5830|doi:10.5210/spir.v2023i0.13498|doi:10.5220/0007395502560265,0
doi:10.1007/978-3-319-25023-6_16,219,0.000000,Integrated Campaign Planning in a Programmatic World,2015,10.1007/978-3-319-25023-6_16,Management for professionals,book-chapter,"Stevens, Andy; Rau, Andreas; McIntyre, Matthew H.",backward,crossref|openalex,doi:10.1016/j.chb.2020.106657|doi:10.1016/j.techfore.2019.03.020|doi:10.3145/epi.2017.mar.06|doi:10.4018/979-8-3693-7041-4.ch006,0
doi:10.1007/978-3-319-25023-6_3,220,0.000000,Programmatic Disruption for Premium Publishers,2015,10.1007/978-3-319-25023-6_3,Management for professionals,book-chapter,"Münstermann, Holm; Würtenberger, Peter",backward,crossref|openalex,doi:10.1007/978-3-030-93131-5_5|doi:10.1007/978-3-658-29995-8_5,0
doi:10.1007/978-3-319-25023-6_4,221,0.000000,Perspectives of Programmatic Advertising,2015,10.1007/978-3-319-25023-6_4,Management for professionals,book-chapter,"Seitz, Jürgen; Zorn, Steffen",backward,crossref|openalex,doi:10.1007/978-3-030-48230-5_7|doi:10.1007/978-3-031-96930-0_11|doi:10.1007/978-3-658-29995-8_5|doi:10.1016/j.chb.2020.106657|doi:10.1016/j.techfore.2019.03.020|doi:10.4018/979-8-3693-3455-3.ch001|doi:10.4018/979-8-3693-7041-4.ch006,0
doi:10.1007/978-3-319-25023-6_5,222,0.000000,Consumer-Centric Programmatic Advertising,2015,10.1007/978-3-319-25023-6_5,Management for professionals,book-chapter,"Gertz, Oliver; Mcglashan, Deirdre",backward,crossref|openalex,doi:10.1007/978-3-031-96930-0_11|doi:10.1007/978-3-658-22681-7_3|doi:10.1007/978-3-658-29995-8_5|doi:10.1016/j.chb.2020.106657|doi:10.1016/j.techfore.2019.03.020|doi:10.47772/ijriss.2021.5830,0
doi:10.1007/978-3-319-25023-6_8,223,0.000000,Enhanced Success with Programmatic Social Advertising,2015,10.1007/978-3-319-25023-6_8,Management for professionals,book-chapter,"Dawson, Patrick; Lamb, Michael",backward,crossref|openalex,doi:10.1007/978-3-030-48230-5_7|doi:10.4018/979-8-3693-7041-4.ch006,0
doi:10.1007/978-3-319-66023-3_53,224,0.000000,Big Data-Driven Marketing: An Abstract,2017,10.1007/978-3-319-66023-3_53,Developments in marketing science: proceedings of the Academy of Marketing Science,conference-paper,"Suoniemi, Samppa; Meyer‐Waarden, Lars; Munzel, Andréas",backward,crossref|openalex,doi:10.4018/979-8-3693-3455-3.ch001,0
doi:10.1007/978-3-319-68557-1_26,225,0.000000,Programmatic Advertisement and Real Time Bidding Utilization,2017,10.1007/978-3-319-68557-1_26,Lecture notes in computer science,conference-paper,"AlSabeeh, Dalal A.; Moghrabi, Issam A. R.",backward,crossref|openalex,doi:10.1007/978-3-030-48230-5_7|doi:10.1007/978-3-031-96930-0_11|doi:10.4018/979-8-3693-7041-4.ch006,0
doi:10.1007/978-3-319-68750-6_18,226,0.000000,The Phygital Shopping Experience: An Attempt at Conceptualization and Empirical Investigation,2017,10.1007/978-3-319-68750-6_18,Developments in marketing science: proceedings of the Academy of Marketing Science,conference-paper,"Belghiti, Sara; Ochs, Adeline; Lemoine, Jean-François; Badot, Olivier",backward,crossref|openalex,doi:10.3390/joitmc7020114,0
doi:10.1007/978-3-319-71722-7_3,227,0.000000,The Implications of Programmatic Advertising on the Business Model of TV Broadcasters,2018,10.1007/978-3-319-71722-7_3,Contributions to management science,book-chapter,"Jensen, Henrik Toft; Sund, Kristian J.",backward,crossref|openalex,doi:10.1007/978-3-031-96930-0_11,0
doi:10.1007/978-3-319-74322-6_8,228,0.000000,Marketing Automation,2018,10.1007/978-3-319-74322-6_8,"Studies in systems, decision and control",book-chapter,"Vecchia, Martina Dalla; Peter, Marc K.",backward,crossref|openalex,doi:10.1142/s0219622024500081|doi:10.1142/s0219622025500981,0
doi:10.1007/978-3-658-15260-4_10,229,0.000000,Evaluation von Marketing-Automation-Systemen,2017,10.1007/978-3-658-15260-4_10,,book-chapter,"Vormelcher, Tony; Hoffmann, Ulrich",forward,openalex,doi:10.1007/s12599-015-0370-8,0
doi:10.1007/978-3-658-15816-3_15,230,0.000000,Digitale Markenführung mit Display Advertising,2016,10.1007/978-3-658-15816-3_15,,book-chapter,"Buddenberg, Danny",backward,crossref|openalex,doi:10.1007/978-3-658-29995-8_5,0
doi:10.1007/978-3-658-22681-7_3,231,0.000000,The Role of Big Data in Programmatic TV Advertising,2018,10.1007/978-3-658-22681-7_3,,book-chapter,"Malthouse, Edward C.; Masłowska, Ewa; Franks, Judy U",forward,openalex,doi:10.1007/978-3-319-25023-6_1,0
doi:10.1007/978-3-658-24878-9_5,232,0.000000,Consumer View on Personalized Advertising: Overview of Self-Reported Benefits and Concerns,2019,10.1007/978-3-658-24878-9_5,European Advertising Academy,book-chapter,"Strycharz, Joanna; Noort, Guda van; Smit, Edith G.; Helberger, Natali",backward,crossref|openalex,doi:10.1080/00913367.2020.1795954,0
doi:10.1007/978-3-658-29995-8_5,233,0.000000,Programmatic Advertising – Möglichkeiten und Grenzen bei Display-Advertising am Beispiel hedonistischer und utilitaristischer Produkte,2020,10.1007/978-3-658-29995-8_5,,book-chapter,"Greve, Goetz; Scheibe, Mareike",forward,openalex,doi:10.1007/978-3-319-25023-6_1|doi:10.1016/j.techfore.2019.03.020,0
doi:10.1007/978-3-658-31519-1_6,234,0.000000,Integrierte Intelligenz: Neue Möglichkeiten im Marketing an der Schnittstelle menschlicher und künstlicher Intelligenz,2021,10.1007/978-3-658-31519-1_6,,book-chapter,"Lichtenthaler, Ulrich",forward,openalex,doi:10.1007/s11747-019-00696-0|doi:10.1177/0008125619859317,0
doi:10.1007/978-3-658-33809-1_7,235,0.000000,Künstliche Intelligenz im Marketing,2021,10.1007/978-3-658-33809-1_7,,book-chapter,"Kreutzer, Ralf T.",backward,crossref|openalex,doi:10.1007/978-3-658-46399-1_72-1,0
doi:10.1007/978-3-658-35823-5_15,236,0.000000,Marketing-Automation und -Augmentation,2022,10.1007/978-3-658-35823-5_15,,book-chapter,"Lichtenthaler, Ulrich",forward,openalex,doi:10.1007/s11747-019-00696-0|doi:10.1007/s12599-015-0370-8|doi:10.1016/j.indmarman.2019.12.008|doi:10.1177/0008125619859317,0
doi:10.1007/978-3-658-35823-5_8,237,0.000000,Marketingautomatisierung in der B2B-Branche,2022,10.1007/978-3-658-35823-5_8,,book-chapter,"Rougemont, Fabienne; Terstiege, Meike",forward,openalex,doi:10.1007/s12599-015-0370-8|doi:10.1016/j.indmarman.2020.07.022,0
doi:10.1007/978-3-658-36634-6_9,238,0.000000,Digital Marketing Leadership – Modell und empirische Ergebnisse aus dem B-to-B-Umfeld,2023,10.1007/978-3-658-36634-6_9,Schwerpunkt Business Model Innovation,book-chapter,"Baumgarth, Carsten; Binckebanck, Lars",forward,openalex,doi:10.1016/j.indmarman.2020.07.022,0
doi:10.1007/978-3-658-37545-4_8,239,0.000000,Künstliche Intelligenz im Tourismus-Marketing – Mehrwert-Potenziale für die Customer Journey,2023,10.1007/978-3-658-37545-4_8,,book-chapter,"Hammerschmidt, Wilke; Kimpflinger, Andrea",forward,openalex,doi:10.1007/s11747-019-00696-0|doi:10.1007/s11747-020-00749-9,0
doi:10.1007/978-3-658-37614-7_9,240,0.000000,Digital Transformation in Sales and Marketing Departments: An Integrated Overview and Directions for Organizations and Further Research,2022,10.1007/978-3-658-37614-7_9,FOM-Edition,book-chapter,"Graesch, Jan Philipp; Hensel-Börner, Susanne; Henseler, Jörg",backward,crossref|openalex,doi:10.1007/978-981-97-3698-0_18,0
doi:10.1007/978-3-658-37864-6_1,241,0.000000,Künstliche Intelligenz als der Katalysator für die Modernisierung des Marketings,2022,10.1007/978-3-658-37864-6_1,Science meets practice,book-chapter,"Sarstedt, Marko; Wecke, Bernhard",forward,openalex,doi:10.1007/s11747-019-00696-0,0
doi:10.1007/978-3-658-38004-5_1,242,0.000000,Digitales Marketing-Management,2022,10.1007/978-3-658-38004-5_1,,book-chapter,"Angerer, Thomas",forward,openalex,doi:10.1016/j.indmarman.2020.07.022,0
doi:10.1007/978-3-658-38210-0_13,243,0.000000,Künstliche Intelligenz im Marketing,2023,10.1007/978-3-658-38210-0_13,,book-chapter,"Pieper, Jan",forward,openalex,doi:10.1108/ijrdm-08-2020-0312,0
doi:10.1007/978-3-658-38210-0_22,244,0.000000,"Digitalisierung im B2B-Vertrieb – Zielsetzungen, Bestandsaufnahme und Gestaltungsempfehlungen",2023,10.1007/978-3-658-38210-0_22,,book-chapter,"Karlshaus, Jan Thido",backward,crossref|openalex,doi:10.1007/978-3-658-46399-1_72-1,0
doi:10.1007/978-3-658-38433-3_3,245,0.000000,Vertriebsstrategie im Wandel – Chancen und Herausforderungen der Digitalisierung,2023,10.1007/978-3-658-38433-3_3,Edition Sales Excellence,book-chapter,"Niehaus, Antje; Emrich, Katrin",backward,crossref|openalex,doi:10.1007/978-3-658-46399-1_72-1,0
doi:10.1007/978-3-658-45132-5_17,246,0.000000,Generative KI und Content-Marketing – a match made in heaven?,2024,10.1007/978-3-658-45132-5_17,,book-chapter,"Klose, Sonja; Kreutzer, Ralf T.",forward,openalex,doi:10.1007/s11747-019-00696-0|doi:10.1016/j.bushor.2019.12.002,0
doi:10.1007/978-3-658-46109-6_3,247,0.000000,Revolutionizing Brand Management: Artificial Intelligence as a Cognitive Strategy in the Digital Era,2024,10.1007/978-3-658-46109-6_3,,book-chapter,"Bustos, Erika Jazmin Santos",forward,openalex,doi:10.1007/s11747-019-00696-0|doi:10.1177/0008125619859317,0
doi:10.1007/978-3-658-46355-7_2,248,0.000000,Algorithmic Branding,2025,10.1007/978-3-658-46355-7_2,,book-chapter,"Totz, Carsten",forward,openalex,doi:10.1007/s11747-020-00749-9,0
doi:10.1007/978-3-658-46355-7_3,249,0.000000,Marke und Künstliche Intelligenz: Chancen und Herausforderungen,2025,10.1007/978-3-658-46355-7_3,,book-chapter,"Heun, Thomas",forward,openalex,doi:10.1007/s11747-019-00696-0,0
doi:10.1007/978-3-658-46399-1_72-1,250,0.000000,Einsatz von Künstlicher Intelligenz (KI) in der Vermarktung – Entwicklungsstufen und Anwendungsfelder von MarSales Tech,2025,10.1007/978-3-658-46399-1_72-1,,book-chapter,"Detscher, Stefan",forward,openalex,doi:10.1007/978-3-031-20040-3_27|doi:10.1007/s11747-020-00749-9,0
doi:10.1007/978-3-658-46399-1_73-1,251,0.000000,Wie kann überwachtes maschinelles Lernen das digitale Marketing unterstützen?,2025,10.1007/978-3-658-46399-1_73-1,,book-chapter,"Nufer, Gerd; Muth, Manuel",forward,openalex,doi:10.1007/s11747-020-00749-9|doi:10.1016/j.compeleceng.2020.106723,0
doi:10.1007/978-3-658-46399-1_73-2,252,0.000000,Wie kann überwachtes maschinelles Lernen das digitale Marketing unterstützen?,2025,10.1007/978-3-658-46399-1_73-2,,book-chapter,"Nufer, Gerd; Muth, Manuel",forward,openalex,doi:10.1007/s11747-020-00749-9|doi:10.1016/j.compeleceng.2020.106723,0
doi:10.1007/978-3-658-46709-8_113-1,253,0.000000,Künstliche Intelligenz in der Werbeanzeigenerstellung,2026,10.1007/978-3-658-46709-8_113-1,,book-chapter,"Hellrung, Anika; Kemmerling, Birte; Kleine-Kalmer, Barbara",forward,openalex,doi:10.1007/s11747-020-00749-9,0
doi:10.1007/978-3-658-46709-8_52-1,254,0.000000,Der Einsatz generativer KI in Markenkommunikation und Branding,2026,10.1007/978-3-658-46709-8_52-1,,book-chapter,"Özergin, Berrin",forward,openalex,doi:10.1007/s11747-019-00696-0|doi:10.1007/s11747-020-00749-9,0
doi:10.1007/978-3-658-46709-8_59-1,255,0.000000,KI-gestützte Forschung im Marketing-Mix,2025,10.1007/978-3-658-46709-8_59-1,,book-chapter,"Zweigle, Tanja Marlen",forward,openalex,doi:10.1007/s11747-020-00749-9,0
doi:10.1007/978-3-658-46709-8_65-1,256,0.000000,Einsatz von generativer künstlicher Intelligenz im B2B-Marketing,2026,10.1007/978-3-658-46709-8_65-1,,book-chapter,"Zilcher, Oliver; Hohlbach, Matthias",forward,openalex,doi:10.1007/s11747-019-00696-0,0
doi:10.1007/978-3-658-46709-8_89-1,257,0.000000,Personalisierung und Automatisierung im Marketing,2025,10.1007/978-3-658-46709-8_89-1,,book-chapter,"Goetz, Miriam; Faßmann, Manuel",forward,openalex,doi:10.1177/0008125619859317,0
doi:10.1007/978-3-658-47828-5_13,258,0.000000,"Synergien von Marketing und Vertrieb in der digitalen Transformation: Eine Analyse von Rollen, Aufgaben und Integration in technischen B2B-Unternehmen",2025,10.1007/978-3-658-47828-5_13,,book-chapter,"Zehetner, Andreas; Korntner-Kanitz, Christopher",forward,openalex,doi:10.1016/j.indmarman.2020.07.022,0
doi:10.1007/978-3-658-47828-5_5,259,0.000000,"KI-basierte Personalisierung der Customer Journey – Chancen, Herausforderungen und Anwendungen",2025,10.1007/978-3-658-47828-5_5,,book-chapter,"Kappel, Dietmar; Berger, Cornelia; Haas‐Kotzegger, Ursula; Kerschbaumer, René Hubert",forward,openalex,doi:10.1007/s11747-019-00696-0|doi:10.1177/0008125619859317,0
doi:10.1007/978-3-658-48068-4_8,260,0.000000,Von Menschen und Maschinen – Markenführung im Zeitalter künstlicher Intelligenz,2025,10.1007/978-3-658-48068-4_8,,book-chapter,"Neye, Daniel; Bongard, Joachim",forward,openalex,doi:10.1007/s11747-020-00749-9,0
doi:10.1007/978-3-658-48076-9_1,261,0.000000,Warum MarTech die Zukunft des Marketings ist,2025,10.1007/978-3-658-48076-9_1,,book-chapter,"Fuchs, Andreas",forward,openalex,doi:10.1007/s11747-019-00696-0,0
doi:10.1007/978-3-658-48076-9_6,262,0.000000,Künstliche Intelligenz und Automatisierung im Marketing,2025,10.1007/978-3-658-48076-9_6,,book-chapter,"Fuchs, Andreas",forward,openalex,doi:10.1080/00913367.2019.1654421,0
doi:10.1007/978-3-658-48463-7_20,263,0.000000,Personalisiertes Up- und Cross-Selling mit KI,2025,10.1007/978-3-658-48463-7_20,,book-chapter,"Altendorf, Michael; Gollmer, Isabell",forward,openalex,doi:10.1177/0008125619859317,0
doi:10.1007/978-3-658-49114-7_1,264,0.000000,Artificial Intelligence: A Systematic Review of Advertising and Marketing Communication Tools,2025,10.1007/978-3-658-49114-7_1,European Advertising Academy,review,"Ktisti, Evangelia; Syropoulos, Fotis; Vlachopoulou, Elli; Chatzilazaridou, Olga",forward,openalex,doi:10.1007/s11747-020-00749-9|doi:10.1080/00913367.2019.1654421|doi:10.1080/00913367.2022.2111728|doi:10.1080/0965254x.2022.2148269|doi:10.1177/18393349211037684,0
doi:10.1007/978-3-658-49114-7_2,265,0.000000,Advertising Research in the Era of Artificial Intelligence—How to Automatically Identify Objects in Commercials?,2025,10.1007/978-3-658-49114-7_2,European Advertising Academy,book-chapter,"Keller, Barbara; Möhring, M.",forward,openalex,doi:10.1007/s11747-019-00696-0,0
doi:10.1007/978-3-658-49114-7_3,266,0.000000,The New Advertising Era: How AI Shapes Personalisation,2025,10.1007/978-3-658-49114-7_3,European Advertising Academy,book-chapter,"Bialkova, Svetlana",forward,openalex,doi:10.1080/00913367.2019.1654421,0
doi:10.1007/978-3-658-49114-7_5,267,0.000000,Attributes of Intelligent Advertising: An Evolutionary Perspective,2025,10.1007/978-3-658-49114-7_5,European Advertising Academy,book-chapter,"Li, Hairong",forward,openalex,doi:10.1080/00913367.2019.1654421|doi:10.1080/00913367.2020.1795954,0
doi:10.1007/978-3-658-49371-4_15,268,0.000000,KI-Marketing-Strategie sowie Chancen und Risiken künstlicher Intelligenz für das Marketing,2026,10.1007/978-3-658-49371-4_15,,book-chapter,"Wirtz, Bernd W.; Müller, Tirza F.",forward,openalex,doi:10.1007/s11747-019-00696-0|doi:10.1007/s11747-020-00749-9,0
doi:10.1007/978-3-658-49537-4_12,269,0.000000,KI im Business-to-Business-Marketing – Einsatzmöglichkeiten und Herausforderungen,2025,10.1007/978-3-658-49537-4_12,FOM-Edition,book-chapter,"Schaller, Christian; König, Stephan; Wuttke, Laurenz",forward,openalex,doi:10.1007/s11747-019-00696-0|doi:10.1007/s11747-020-00749-9,0
doi:10.1007/978-3-658-49537-4_13,270,0.000000,Augmentation of Brand Management by AI: Brand Positioning Decisions as AI Tasks,2025,10.1007/978-3-658-49537-4_13,FOM-Edition,book-chapter,"Baumgarth, Carsten; Schmidt, Steffen",forward,openalex,doi:10.1007/s11747-020-00749-9,0
doi:10.1007/978-3-658-49537-4_7,271,0.000000,Digital Sales Transformation: A Study on How to Increase the Impact of B2B Sales Management by the Use of AI,2025,10.1007/978-3-658-49537-4_7,FOM-Edition,book-chapter,"Wißbrok, Anna-Lena; Ommen, Nils O.",forward,openalex,doi:10.1007/s11747-019-00696-0|doi:10.1016/j.bushor.2019.12.002,0
doi:10.1007/978-3-658-49899-3_8,272,0.000000,Humans and Machines: Rethinking Brand Management in the Age of Artificial Intelligence,2026,10.1007/978-3-658-49899-3_8,,book-chapter,"Neye, Daniel; Bongard, Joachim",forward,openalex,doi:10.1007/s11747-020-00749-9,0
doi:10.1007/978-3-658-51109-8_20,273,0.000000,Personalized Up- and Cross-Selling with AI,2026,10.1007/978-3-658-51109-8_20,,book-chapter,"Altendorf, Michael; Gollmer, Isabell",forward,openalex,doi:10.1177/0008125619859317,0
doi:10.1007/978-3-658-51166-1_1,274,0.000000,Why MarTech is the Future of Marketing,2026,10.1007/978-3-658-51166-1_1,,book-chapter,"Fuchs, Andreas",forward,openalex,doi:10.1007/s11747-019-00696-0,0
doi:10.1007/978-3-658-51166-1_6,275,0.000000,Artificial Intelligence and Automation in Marketing,2026,10.1007/978-3-658-51166-1_6,,book-chapter,"Fuchs, Andreas",forward,openalex,doi:10.1080/00913367.2019.1654421,0
doi:10.1007/978-3-658-51635-2_5,276,0.000000,"When Ads Appear Personal, Do Products Have to Follow?—How Highly Personalized Ads Influence Product Customization Expectations",2026,10.1007/978-3-658-51635-2_5,,book-chapter,"Möller, Jana; Herm, Steffen",forward,openalex,doi:10.1177/0008125619859317,0
doi:10.1007/978-81-322-2656-7_63,277,0.000000,Optimizing Technical Ecosystem of Digital Marketing,2016,10.1007/978-81-322-2656-7_63,Advances in intelligent systems and computing,book-chapter,"Rao, S.S. Prasada; Srivatsala, V.; Suneetha, V.",backward,openalex,doi:10.1007/978-3-030-12453-3_143,0
doi:10.1007/978-981-10-3932-4_36,278,0.000000,Google AdWords: A Window into the Google Display Network,2017,10.1007/978-981-10-3932-4_36,Lecture notes in networks and systems,book-chapter,"Subhadra, Vekariya; Kapadiya, Urvashi; Fruitwala, Pranav; Tarjni, Vyas",backward,crossref|openalex,doi:10.1007/978-3-030-48230-5_7,0
doi:10.1007/978-981-13-3338-5_1,279,0.000000,Integrating Information Technology and Marketing for Better Customer Value,2019,10.1007/978-981-13-3338-5_1,Advances in intelligent systems and computing,book-chapter,"Bheekharry, Normada Devi; Singh, Upasana",backward|seed,crossref|openalex|seed,doi:10.2174/9789815274707124010011|doi:10.52970/grmilf.v3i1.398|doi:10.52970/grmilf.v4i2.356,0
doi:10.1007/978-981-16-9268-0_2,280,0.000000,Managerial Decisions in Marketing: The Individual Perception of Explainable Artificial Intelligence,2022,10.1007/978-981-16-9268-0_2,"Smart innovation, systems and technologies",book-chapter,"Volkmar, Gioia V.",forward,openalex,doi:10.1007/s11747-019-00696-0,0
doi:10.1007/978-981-16-9272-7_53,281,0.000000,The Future of Digital Advertising in the Post-cookie Era: A Review of the Current State,2022,10.1007/978-981-16-9272-7_53,"Smart innovation, systems and technologies",book-chapter,"Rosero, Oscar David Muñoz; Ortiz, Iskra Viviana Saltos; Murillo, Paulina Salazar; Toasa, Renato M.",forward,openalex,doi:10.1016/j.techfore.2019.03.020,0
doi:10.1007/978-981-19-8136-4_33,282,0.000000,Review on Customer Segmentation Methods Using Machine Learning,2023,10.1007/978-981-19-8136-4_33,Lecture notes in electrical engineering,book-chapter,"Gupta, Rishi; Jain, Tarun; Sinha, Aditya; Tanwar, Vishwas",backward,crossref|openalex,doi:10.4018/979-8-3693-3455-3.ch012,0
doi:10.1007/978-981-33-4183-8_32,283,0.000000,Will Marketing Automation Encourage Repurchase Intention Through Enhancing Brand Experience? An Empirical Study of Omni-Channel Retailing in China,2021,10.1007/978-981-33-4183-8_32,"Smart innovation, systems and technologies",book-chapter,"Lyu, Jing",forward,openalex,doi:10.1007/s12599-015-0370-8,0
doi:10.1007/978-981-95-1357-4_11,284,0.000000,"The Rise of AI-Powered Marketing: Challenges, Opportunities, and the Future of Digital Advertising Careers",2026,10.1007/978-981-95-1357-4_11,"Smart innovation, systems and technologies",conference-paper,"Ortega, John Heland Jasper",forward,openalex,doi:10.1007/978-3-030-12453-3_143|doi:10.1177/18393349211037684,0
doi:10.1007/978-981-95-5441-6_1,285,0.000000,The Transformative Power of AI in Marketing Analytics: Unveiling Customer Insights and Driving Business Growth,2026,10.1007/978-981-95-5441-6_1,Learning and analytics in intelligent systems,conference-paper,"Mandaliya, Sunil; Kulkarni, Priti",forward,openalex,doi:10.1007/s11747-019-00696-0|doi:10.1007/s11747-020-00749-9|doi:10.1177/0008125619859317,0
doi:10.1007/978-981-95-6063-9_39,286,0.000000,From Personalization to Prediction: The Role of AI in Shaping Customer Experience in Indonesia,2026,10.1007/978-981-95-6063-9_39,Lecture notes in electrical engineering,conference-paper,"Ernestivita, Gesty; Subagyo; Kumar, Vikas; Suhendra, Euphrasia Suzy; Joshi, Mahesh C.; Anisa, Tiara Nur",forward,openalex,doi:10.1007/s11747-020-00749-9,0
doi:10.1007/978-981-95-6505-4_9,287,0.000000,AI-Enabled Creative Marketing for Eco-Friendly Campaigns,2026,10.1007/978-981-95-6505-4_9,,book-chapter,"Wadia, Arnaz Kaizad; Rawal, Nupur",forward,openalex,doi:10.1016/j.bushor.2019.12.002,0
doi:10.1007/978-981-95-7809-2_10,288,0.000000,"Marketing with Generative Artificial Intelligence: Applications, Opportunities, Challenges, and Research Agenda",2026,10.1007/978-981-95-7809-2_10,Management for professionals,book-chapter,"Sharma, Animesh Kumar; Sharma, Rahul",forward,openalex,doi:10.1007/s11747-019-00696-0,0
doi:10.1007/978-981-95-7809-2_9,289,0.000000,Machine Learning-Based Approach and Customer Segmentation: A Review,2026,10.1007/978-981-95-7809-2_9,Management for professionals,book-chapter,"Pham, Van Hau; Thomas, McIver",forward,openalex,doi:10.1007/s11747-020-00749-9,0
doi:10.1007/978-981-95-9113-8_26,290,0.000000,Generative AI Marketing and Customer Citizenship Behavior: The Dual Mediation of Perceived Co-Creation Value and Trust in AI,2026,10.1007/978-981-95-9113-8_26,Springer proceedings in business and economics,conference-paper,"Ngo, Quang Van; Phuong, Hoa Bui Thi; Thuy, Ninh Truong Thi; Huyen, Nguyen Thi Thu",forward,openalex,doi:10.1007/s11747-020-00749-9,0
doi:10.1007/978-981-96-3077-6_1,291,0.000000,From Concept to Practice: How Managers Are Integrating AI into Business Marketing,2025,10.1007/978-981-96-3077-6_1,"Smart innovation, systems and technologies",conference-paper,"Bai, Na",forward,openalex,doi:10.1007/s11747-019-00696-0|doi:10.1007/s11747-020-00749-9,0
doi:10.1007/978-981-96-3077-6_11,292,0.000000,A Systematic Review on AI in Marketing: Personalization of Advertising Campaigns and Impact on Customer Satisfaction,2025,10.1007/978-981-96-3077-6_11,"Smart innovation, systems and technologies",conference-paper,"Abreu, D. A. de; SIlva, Manuela Lôbo Lopes Da; Neves, Joana; Bacalhau, Lara Mendes; Santos, Vasco",forward,openalex,doi:10.1007/s11747-020-00749-9,0
doi:10.1007/978-981-96-3077-6_16,293,0.000000,Evaluating the Impact of MarkTech on Digital Transformation in the EU-27 Companies: An AI-Driven Predictive Model Approach,2025,10.1007/978-981-96-3077-6_16,"Smart innovation, systems and technologies",conference-paper,"Santos, Victor; Malta, Pedro",forward,openalex,doi:10.1504/ijbdm.2020.106876,0
doi:10.1007/978-981-96-3077-6_4,294,0.000000,Application of AI in E-Commerce Strategies: The Current State Among Swiss E-Commerce Providers,2025,10.1007/978-981-96-3077-6_4,"Smart innovation, systems and technologies",conference-paper,"Rozumowski, Anna; Beurer‐Züllig, Bettina; Peter, Marc K.; Neher, Alain; Siscaro, Danilo; Zumstein, Darius",forward,openalex,doi:10.1177/18393349211037684,0
doi:10.1007/978-981-96-3081-3_28,295,0.000000,The Impact of Data-Driven Marketing on Decision-Making: Tools and Challenges,2025,10.1007/978-981-96-3081-3_28,"Smart innovation, systems and technologies",conference-paper,"Mansiel, Inês; Remondes, Jorge; Reis, José Luís; Lima, Ana Pinto de; Teixeira, Sandrina",forward,openalex,doi:10.1007/s12599-015-0370-8,0
doi:10.1007/978-981-96-3105-6_14,296,0.000000,Analyzing the Impact of Social Media Advertising Using Machine Learning Technique,2025,10.1007/978-981-96-3105-6_14,Lecture notes in electrical engineering,book-chapter,"Tantri, B. Roopashri; Bhaskar, P. C.; Sandhya, N.",forward,openalex,doi:10.1016/j.compeleceng.2020.106723,0
doi:10.1007/978-981-96-3236-7_46,297,0.000000,The Impact of AI-Generated Ads on Consumer Purchase Intention Across Different Product Types: The Mediating Role of Perceived Deception,2025,10.1007/978-981-96-3236-7_46,Applied economics and policy studies,conference-paper,"Lin, Shiqi; Chen, Ruli",forward,openalex,doi:10.1016/j.ausmj.2020.04.002|doi:10.1016/j.bushor.2019.12.002,0
doi:10.1007/978-981-96-3372-2_39,298,0.000000,Sustainable Development Adopting Artificial Intelligence (AI) in Marketing and Consumer Behaviour Analysis,2025,10.1007/978-981-96-3372-2_39,Lecture notes in networks and systems,conference-paper,"Phuangsuwan, Penpim; Siripipatthanakul, Supaprawat; Chaiprakarn, Somboon; Rakpathum, Watthanasakon; Muthmainnha; Pariwongkhuntorn, Nuttharin; Wattanakul, Phantiga",forward,openalex,doi:10.1007/s11747-019-00696-0|doi:10.1108/ijrdm-08-2020-0312,0
doi:10.1007/978-981-96-5784-1_23,299,0.000000,AI-Driven Personalization: Shaping the Future of Gen Z’s E-commerce Decisions,2025,10.1007/978-981-96-5784-1_23,Lecture notes in networks and systems,conference-paper,"Chitra, R; Sathish, M.; Abraham, R.",forward,openalex,doi:10.1016/j.bushor.2019.12.002,0
doi:10.1007/978-981-96-6053-7_30,300,0.000000,Role of Artificial Intelligence in Customer Experience Enhancement: Present Scenario and Future Prospects,2025,10.1007/978-981-96-6053-7_30,Lecture notes in networks and systems,conference-paper,"Mainkar, Sujay D.",forward,openalex,doi:10.1007/s11747-019-00696-0|doi:10.1007/s11747-020-00749-9,0
doi:10.1007/978-981-96-7137-3_31,301,0.000000,AI- and NLP-Driven Insights for Effective Brand-Influencer Partnership Strategies,2025,10.1007/978-981-96-7137-3_31,Lecture notes in networks and systems,conference-paper,"Rukhsaar, Aashna; Shinde, Sayali",forward,openalex,doi:10.1007/s11747-020-00749-9,0
doi:10.1007/978-981-96-8003-0_15,302,0.000000,Marketing Strategy Matching Algorithm Based on Artificial Intelligence,2025,10.1007/978-981-96-8003-0_15,Lecture notes in electrical engineering,conference-paper,"Zhang, Cuiping; Li, Ye",forward,openalex,doi:10.1016/j.jik.2020.08.001,0
doi:10.1007/978-981-97-0607-5_3,303,0.000000,Digital Marketing Implementation and Practice,2024,10.1007/978-981-97-0607-5_3,,book-chapter,"Aghazadeh, Hashem; Khoshnevis, Mozhde",forward,openalex,doi:10.1108/wjemsd-08-2020-0099,0
doi:10.1007/978-981-97-1552-7_1,304,0.000000,Social Media Presence Impacts AI Influencer’s Endorsement: An Empirical Evidence,2024,10.1007/978-981-97-1552-7_1,"Smart innovation, systems and technologies",conference-paper,"Wang, Sharon Xiao; Xue, Jin; Liu, Matthew Tingchi; Loi, Hoi Ngan",forward,openalex,doi:10.1007/s11747-019-00696-0,0
doi:10.1007/978-981-97-1552-7_23,305,0.000000,Phygital Brand Experience: Merging Physical and Digital Formats to Enhance Customer Engagement,2024,10.1007/978-981-97-1552-7_23,"Smart innovation, systems and technologies",conference-paper,"Lukic, Aleksandra Krtolica; López, Marcos Polo; Pagès, Alba Ramírez",forward,openalex,doi:10.1007/978-3-319-68750-6_18,0
doi:10.1007/978-981-97-1552-7_7,306,0.000000,Retail Chatbots’ Main Themes and Research over Time: A Bibliometric and Content Analysis,2024,10.1007/978-981-97-1552-7_7,"Smart innovation, systems and technologies",conference-paper,"Pratas, Joaquim; Amorim, Carla; Oliveira, Zaíla; Carlos, Vera Silva; Reis, José Luís",forward,openalex,doi:10.1108/ijrdm-08-2020-0312,0
doi:10.1007/978-981-97-1552-7_9,307,0.000000,Negative Impacts of Human-AI Interaction in Brands: A Data Mining Exploratory Approach,2024,10.1007/978-981-97-1552-7_9,"Smart innovation, systems and technologies",conference-paper,"Snatos, Ricardo; Brandão, Amélia; Veloso, Bruno; Vasconcelos, José Braga de",forward,openalex,doi:10.1007/s11747-020-00749-9,0
doi:10.1007/978-981-97-3698-0_18,308,0.000000,Optimizing Collaboration: A Team-Based Approach to Use Marketing Technology Effectively in SMEs,2025,10.1007/978-981-97-3698-0_18,"Smart innovation, systems and technologies",conference-paper,"Huettermann, Marcel; Heierli, Reto; Klaas, Michael",forward,openalex,doi:10.1057/dddmp.2015.29,0
doi:10.1007/978-981-97-5400-7_22,309,0.000000,AI-Driven Chatbots in Halal Marketing Communication—Challenges and Opportunities,2024,10.1007/978-981-97-5400-7_22,Springer proceedings in business and economics,conference-paper,"Nasution, Muhammad Dharma Tuah Putra; Astuti, Desi; Rahayu, Sri; Rossanty, Yossie; Harahap, Ramadhan; Rafiki, Ahmad",forward,openalex,doi:10.1108/ijrdm-08-2020-0312,0
doi:10.1007/978-981-97-5452-6_5,310,0.000000,Analyzing the Influence of Artificial Intelligence on Consumers’ Online Purchase Intentions,2024,10.1007/978-981-97-5452-6_5,,book-chapter,"Nguyen, Chi Thi Kim; Nguyen, Y Thi Nhu; Bui, Anh Ngoc Tuan",forward,openalex,doi:10.1007/s11747-019-00696-0,0
doi:10.1007/978-981-97-5810-4_13,311,0.000000,Marketing and AI-Based Image Generation: A Responsible AI Perspective,2024,10.1007/978-981-97-5810-4_13,"Smart innovation, systems and technologies",conference-paper,"Rivas, Pablo; Liang, Zhao",forward,openalex,doi:10.1177/18393349211037684,0
doi:10.1007/978-981-99-0333-7_1,312,0.000000,Computer-Generated Imagery Influencer Marketing—Which Ends of the Continuum Will Prevail? Humans or Avatars?,2023,10.1007/978-981-99-0333-7_1,"Smart innovation, systems and technologies",conference-paper,"El‐Deeb, Sara",backward,crossref|openalex,doi:10.1080/23311975.2024.2427428,0
doi:10.1007/978-981-99-0333-7_2,313,0.000000,The AI Evolution in Marketing and Sales: How Social Design Thinking Techniques Can Boost Long-Term AI Strategies in Companies and Regions,2023,10.1007/978-981-99-0333-7_2,"Smart innovation, systems and technologies",conference-paper,"Überwimmer, Margarethe; Frankus, Elisabeth; Casati, Laura; Stack, Shauna; Kincl, Tomáš; Závodná, Lucie Sára",forward,openalex,doi:10.1016/j.bushor.2019.12.002,0
doi:10.1007/978-981-99-3091-3_64,314,0.000000,Use of Artificial Intelligence in the Digital Marketing Strategy of Latvian Companies,2023,10.1007/978-981-99-3091-3_64,Lecture notes in networks and systems,conference-paper,"Šalkovska, Jeļena; Batraga, Anda; Kaibe, Liene; Kellerte, Katrina",forward,openalex,doi:10.1016/j.bushor.2019.12.002|doi:10.1108/wjemsd-08-2020-0099,0
doi:10.1007/978-981-99-5354-7_9,315,0.000000,The Future of Digital Marketing: How Would Artificial Intelligence Change the Directions?,2023,10.1007/978-981-99-5354-7_9,Disruptive technologies and digital transformations for society 5.0,book-chapter,"Taufique, Khan Md. Raziuddin; Sabbir, Md. Mahiuddin",forward,openalex,doi:10.1007/s11747-019-00696-0|doi:10.1007/s11747-020-00749-9|doi:10.1016/j.bushor.2019.12.002|doi:10.1177/0008125619859317,0
doi:10.1007/978-981-99-5358-5_15,316,0.000000,Strategic Plans for Market Campaign Using Machine Learning Algorithms,2023,10.1007/978-981-99-5358-5_15,Lecture notes in electrical engineering,conference-paper,"Chhabra, Aashita; Chaudhary, Kiran; Alam, Mansaf",forward,openalex,doi:10.1016/j.compeleceng.2020.106723,0
doi:10.1007/978-981-99-6101-6_22,317,0.000000,The Role of Artificial Intelligence in Brand Building: A Review,2023,10.1007/978-981-99-6101-6_22,Contributions to management science,book-chapter,"Musaiqer, Hend Hamed; Hamdan, Allam",forward,openalex,doi:10.1108/wjemsd-08-2020-0099,0
doi:10.1007/978-981-99-6909-8_43,318,0.000000,Enrooting Artificial Intelligence Advantageously in Marketing,2024,10.1007/978-981-99-6909-8_43,Technical and vocational education and training,book-chapter,"Zamil, Ahmad M. A.; Areiqat, Ahmad Yousef; Dabaghıa, Mohammed Nadem; Joudeh, Jamal M. M.",forward,openalex,doi:10.1007/978-3-030-12453-3_143|doi:10.1007/s11747-019-00696-0|doi:10.1007/s11747-020-00749-9|doi:10.1177/0008125619859317|doi:10.1177/18393349211037684,0
doi:10.1007/978-981-99-7210-4_12,319,0.000000,"Automation of Brand Management: Possibilities, Challenges, and Limitations",2024,10.1007/978-981-99-7210-4_12,"Smart innovation, systems and technologies",conference-paper,"Wiestner, David; Spiller, Ralf; Bouchedoub, Ayoub; Hasan, M.K",seed,seed,,0
doi:10.1007/978-981-99-8937-9_6,320,0.000000,An Explainable AI Enable Approach to Reveal Feature Influences on Social Media Customer Purchase Decisions,2024,10.1007/978-981-99-8937-9_6,Lecture notes in networks and systems,conference-paper,"Faruk, Md. Omar; Reza, Radiya Binte; Sourav, Sabbir Hossain; Hasan, Mahmudul; Rabbi, Md. Fazle; Marjan, Md. Abu",forward,openalex,doi:10.1016/j.compeleceng.2020.106723,0
doi:10.1007/978-981-99-9531-8_17,321,0.000000,Predictive Analytics in Marketing Using Artificial Intelligence,2024,10.1007/978-981-99-9531-8_17,Lecture notes in networks and systems,conference-paper,"Shukla, Rishi Prakash; Juneja, Divya; Monga, Shriya",forward,openalex,doi:10.1007/s11747-019-00696-0|doi:10.1177/0008125619859317,0
doi:10.1007/s00146-023-01818-7,322,0.000000,Understanding users’ responses to disclosed vs. undisclosed customer service chatbots: a mixed methods study,2024,10.1007/s00146-023-01818-7,AI & Society,article,"Goot, Margot J. van der; Koubayová, Nathalie; Reijmersdal, Eva A. van",backward,crossref|openalex,doi:10.1109/iccraids67816.2026.11519734,0
doi:10.1007/s10111-025-00838-1,323,0.000000,Fostering employees’ AI adoption in strategic marketing planning and decision making: a mixed-method study in Vietnam,2025,10.1007/s10111-025-00838-1,Cognition Technology & Work,article,"Nguyen, Khoi Minh; Bui, Tan-Trung; Pham, Huong Thao; Nguyen, Lap Xuan; Pham, Huong Thi; Gia, Lam Le; Nguyen, Ngan Thanh",forward,openalex,doi:10.1108/wjemsd-08-2020-0099,0
doi:10.1007/s10551-022-05048-7,324,0.000000,Advertising Benefits from Ethical Artificial Intelligence Algorithmic Purchase Decision Pathways,2022,10.1007/s10551-022-05048-7,Journal of Business Ethics,article,"Rodgers, Waymond; Nguyen, Tam",backward|forward,openalex,doi:10.1016/j.ausmj.2020.04.002|doi:10.1080/00913367.2019.1654421|doi:10.1080/0965254x.2022.2148269,0
doi:10.1007/s10551-025-06155-x,325,0.000000,When Consumer Autonomy is Compromised: Adopting a Dual-Type View to Understand AI-Driven Marketing and Its Impact on Young Consumers’ Ethical Behavior,2025,10.1007/s10551-025-06155-x,Journal of Business Ethics,article,"Waqas, Muhammad; Qadri, Usman Ahmad",forward,openalex,doi:10.1007/s11747-019-00696-0,0
doi:10.1007/s10660-021-09513-9,326,0.000000,Real-time bidding campaigns optimization using user profile settings,2021,10.1007/s10660-021-09513-9,Electronic Commerce Research,article,"Miralles‐Pechuán, Luis; Qureshi, M. Atif; Namee, Brian Mac",backward,crossref|openalex,doi:10.4018/979-8-3693-7041-4.ch006,0
doi:10.1007/s10660-022-09562-8,327,0.000000,The impact of anthropomorphism on customer satisfaction in chatbot commerce: an experimental study in the food sector,2022,10.1007/s10660-022-09562-8,Electronic Commerce Research,article,"Klein, Katharina; Martinez, Luis F.",forward,openalex,doi:10.1108/ijrdm-08-2020-0312,0
doi:10.1007/s10660-022-09662-5,328,0.000000,How to increase consumer intention to use Chatbots? An empirical analysis of hedonic and utilitarian motivations on social presence and the moderating effects of fear across generations,2023,10.1007/s10660-022-09662-5,Electronic Commerce Research,article,"Dinh, Cong-Minh; Park, Sung-Jun",forward,openalex,doi:10.1007/s11747-020-00749-9,0
doi:10.1007/s10660-023-09721-5,329,0.000000,Influence of personalised advertising copy on consumer engagement: a field experiment approach,2023,10.1007/s10660-023-09721-5,Electronic Commerce Research,article,"Guo, Bo; Jiang, Zhibin",forward,openalex,doi:10.1080/00913367.2019.1654421|doi:10.1080/00913367.2020.1795954,0
doi:10.1007/s10660-024-09850-5,330,0.000000,AI-powered voice assistants: developing a framework for building consumer trust and fostering brand loyalty,2024,10.1007/s10660-024-09850-5,Electronic Commerce Research,article,"Rawool, Vai; Foroudi, Pantea; Palazzo, Maria",forward,openalex,doi:10.1177/0008125619859317,0
doi:10.1007/s10660-025-09990-2,331,0.000000,Human vs. AI in creative contests: a study on the effectiveness of advertisement copy generated by Chinese large language models,2025,10.1007/s10660-025-09990-2,Electronic Commerce Research,article,"Sun, Linhui; An, Young-hoon; Song, Xinyi; Liu, Jiaqi",forward,openalex,doi:10.1007/s11747-019-00696-0,0
doi:10.1007/s10660-025-10063-7,332,0.000000,The impact of artificial intelligence on consumer behavior towards brands: a systematic review,2025,10.1007/s10660-025-10063-7,Electronic Commerce Research,review,"Ribeiro, Ana; Rivero, Alfonso José López; Abrantes, José Luís",forward,openalex,doi:10.1007/s11747-019-00696-0|doi:10.1016/j.indmarman.2020.07.022|doi:10.1177/0008125619859317,0
doi:10.1007/s10660-026-10103-w,333,0.000000,Ai vs. human creativity: the impact of text-to-image and text-to-video ads on customer engagement,2026,10.1007/s10660-026-10103-w,Electronic Commerce Research,article,"Assadi, Anas El",forward,openalex,doi:10.1007/s11747-019-00696-0|doi:10.1016/j.ausmj.2020.04.002|doi:10.1080/00913367.2019.1654421,0
doi:10.1007/s10660-026-10122-7,334,0.000000,From pixels to purchase: a study of value co-creation in AR/VR environments,2026,10.1007/s10660-026-10122-7,Electronic Commerce Research,article,"Qin, Hong; Xu, Lu; Faress, Fardad; Prybutok, Victor R.",forward,openalex,doi:10.1007/s11747-020-00749-9,0
doi:10.1007/s10660-026-10154-z,335,0.000000,Analyzing the consumer interaction with generative AI-provided content in digital marketing,2026,10.1007/s10660-026-10154-z,Electronic Commerce Research,article,"Deng, Jun; Song, Changsong",forward,openalex,doi:10.1108/wjemsd-08-2020-0099|doi:10.1177/18393349211037684,0
doi:10.1007/s10796-021-10184-y,336,0.000000,MarkBot – A Language Model-Driven Chatbot for Interactive Marketing in Post-Modern World,2021,10.1007/s10796-021-10184-y,Information Systems Frontiers,article,"Kushwaha, Amit; Kar, Arpan Kumar",backward|forward,openalex,doi:10.1080/00913367.2020.1795954|doi:10.58830/ozgur.pub610.c2595,0
doi:10.1007/s10796-022-10294-1,337,0.000000,Implementing Artificial Intelligence in Traditional B2B Marketing Practices: An Activity Theory Perspective,2022,10.1007/s10796-022-10294-1,Information Systems Frontiers,article,"Keegan, Brendan James; Dennehy, Denis; Naudé, Peter",forward,openalex,doi:10.1007/s11747-019-00696-0|doi:10.1007/s11747-020-00749-9,0
doi:10.1007/s10796-022-10314-0,338,0.000000,How to Maximize Clicks for Display Advertisement in Digital Marketing? A Reinforcement Learning Approach,2022,10.1007/s10796-022-10314-0,Information Systems Frontiers,article,"Singh, Vinay; Nanavati, Brijesh; Kar, Arpan Kumar; Gupta, Agam",forward,openalex,doi:10.1007/s11747-019-00696-0|doi:10.1007/s11747-020-00749-9|doi:10.1016/j.jik.2020.08.001,0
doi:10.1007/s10796-022-10339-5,339,0.000000,"Impact of Digital Assistant Attributes on Millennials’ Purchasing Intentions: A Multi-Group Analysis using PLS-SEM, Artificial Neural Network and fsQCA",2022,10.1007/s10796-022-10339-5,Information Systems Frontiers,article,"Sharma, Manu; Joshi, Sudhanshu; Luthra, Sunil; Kumar, Anil",forward,openalex,doi:10.1007/s11747-020-00749-9,0
doi:10.1007/s10796-023-10369-7,340,0.000000,Snakes and Ladders: Unpacking the Personalisation-Privacy Paradox in the Context of AI-Enabled Personalisation in the Physical Retail Environment,2023,10.1007/s10796-023-10369-7,Information Systems Frontiers,article,"Canhoto, Ana Isabel; Keegan, Brendan James; Ryzhikh, Maria",forward,openalex,doi:10.1007/s11747-019-00696-0,0
doi:10.1007/s10796-023-10425-2,341,0.000000,How Do Virtual AI Streamers Influence Viewers’ Livestream Shopping Behavior? The Effects of Persuasive Factors and the Mediating Role of Arousal,2023,10.1007/s10796-023-10425-2,Information Systems Frontiers,article,"Zhang, Xianfeng; Shi, Yuxue; Li, Ting; Guan, Yuxian; Cui, Xinlei",forward,openalex,doi:10.1007/s11747-019-00696-0|doi:10.1177/0008125619859317,0
doi:10.1007/s11002-021-09587-3,342,0.000000,"Anthropomorphized artificial intelligence, attachment, and consumer behavior",2021,10.1007/s11002-021-09587-3,Marketing Letters,article,"Hermann, Erik",forward,openalex,doi:10.1007/s11747-020-00749-9,0
doi:10.1007/s11002-025-09783-5,343,0.000000,Human–AI collaboration for marketing capabilities: a meta-analysis,2025,10.1007/s11002-025-09783-5,Marketing Letters,review,"Ngo, Vu Minh",forward,openalex,doi:10.1007/s11747-019-00696-0,0
doi:10.1007/s11135-026-02696-z,344,0.000000,"Artificial intelligence (AI) and machine learning (ML) in marketing: a 25-year bibliometric-TCCM synthesized mapping of trends, gaps and future research agenda",2026,10.1007/s11135-026-02696-z,Quality & Quantity,article,"Bashar, Abu; Nyagadza, Brighton; Khan, Irfanullah; Chuchu, Tinashe",forward,openalex,doi:10.1007/s11747-019-00696-0,0
doi:10.1007/s11135-026-02933-5,345,0.000000,Transformative marketing in the age of smart data: current trends and future research pathways,2026,10.1007/s11135-026-02933-5,Quality & Quantity,article,"Saji, T. G.; Amal, A.",forward,openalex,doi:10.1007/s11747-019-00696-0,0
doi:10.1007/s11299-022-00291-x,346,0.000000,Scope of heuristics and digitalization: the case of marketing automation,2022,10.1007/s11299-022-00291-x,Mind & Society,article,"Guercini, Simone",backward|forward,openalex,doi:10.1007/s12599-015-0370-8|doi:10.4337/9781035312870.00008,0
doi:10.1007/s11301-024-00447-8,347,0.000000,The application of machine learning for demand prediction under macroeconomic volatility: a systematic literature review,2024,10.1007/s11301-024-00447-8,Management Review Quarterly,review,"Muth, Manuel; Lingenfelder, Michael; Nufer, Gerd",forward,openalex,doi:10.1007/s11747-020-00749-9,0
doi:10.1007/s11301-025-00531-7,348,0.000000,"The new era of Artificial Intelligence in consumption: theoretical framing, review and research agenda",2025,10.1007/s11301-025-00531-7,Management Review Quarterly,article,"Nogueira, Elisabete; Lopes, Jo�ão M.; Gomes, Sofia",forward,openalex,doi:10.1007/s11747-019-00696-0|doi:10.1108/wjemsd-08-2020-0099|doi:10.1177/0008125619859317,0
doi:10.1007/s11628-022-00513-9,349,0.000000,Live support by chatbots with artificial intelligence: A future research agenda,2022,10.1007/s11628-022-00513-9,Service Business,article,"Camilleri, Mark Anthony; Troise, Ciro",forward,openalex,doi:10.1108/ijrdm-08-2020-0312|doi:10.1504/ijbdm.2020.106876,0
doi:10.1007/s11628-024-00575-x,350,0.000000,Investigating the effect of AI service quality on consumer well-being in retail context,2024,10.1007/s11628-024-00575-x,Service Business,article,"Shen, Pengyi; Wan, Demin; Zhu, Aonan",forward,openalex,doi:10.1007/s11747-020-00749-9,0
doi:10.1007/s11628-026-00609-6,351,0.000000,Will I try or will I resist artificial intelligence-based frontline service technologies? A review and research agenda,2026,10.1007/s11628-026-00609-6,Service Business,article,"Din, Ihtesham Ud; Riel, Allard C.R. van",forward,openalex,doi:10.1007/s11747-020-00749-9,0
doi:10.1007/s11747-015-0426-9,352,0.000000,"Research framework, strategies, and applications of intelligent agent technologies (IATs) in marketing",2015,10.1007/s11747-015-0426-9,Journal of the Academy of Marketing Science,article,"Kumar, V.; Dixit, Ashutosh; Javalgi, R; Dass, Mayukh",backward,crossref|openalex,doi:10.1007/978-3-030-72080-3_20,0
doi:10.1007/s11747-019-00692-4,353,0.000000,Emerging technologies and analytics for a new era of value-centered marketing in healthcare,2019,10.1007/s11747-019-00692-4,Journal of the Academy of Marketing Science,article,"Agarwal, Ritu; Dugas, Michelle; Gao, Guodong; Kannan, P.K.",backward,crossref|openalex,doi:10.1007/s11747-020-00749-9,0
doi:10.1007/s11747-019-00696-0,354,0.000000,How artificial intelligence will change the future of marketing,2019,10.1007/s11747-019-00696-0,Journal of the Academy of Marketing Science,article,"Davenport, Thomas H.; Guha, Abhijit; Grewal, Dhruv; Breßgott, Timna",backward,crossref|openalex,doi:10.1007/978-3-030-72080-3_20|doi:10.1007/s11747-020-00749-9|doi:10.1016/j.ausmj.2020.04.002|doi:10.1108/ijrdm-08-2020-0312|doi:10.1108/wjemsd-08-2020-0099|doi:10.1109/gcitc60406.2023.10425868|doi:10.4337/9781035312870.00008,0
doi:10.1007/s11747-019-00704-3,355,0.000000,Learning from the Dark Web: leveraging conversational agents in the era of hyper-privacy to enhance marketing,2019,10.1007/s11747-019-00704-3,Journal of the Academy of Marketing Science,article,"Thomaz, Felipe; Salge, Carolina; Karahanna, Elena; Hulland, John",backward,crossref|openalex,doi:10.1007/s11747-020-00749-9,0
doi:10.1007/s11747-020-00749-9,356,0.000000,A strategic framework for artificial intelligence in marketing,2020,10.1007/s11747-020-00749-9,Journal of the Academy of Marketing Science,article,"Huang, Ming‐Hui; Rust, Roland T.",backward|forward,crossref|openalex,doi:10.1007/978-3-658-46399-1_72-1|doi:10.1007/s11747-019-00696-0|doi:10.1080/0965254x.2022.2148269|doi:10.1109/gcitc60406.2023.10425868|doi:10.1177/0008125619859317|doi:10.1177/18393349211037684,0
doi:10.1007/s11747-022-00845-y,357,0.000000,Digital technologies: tensions in privacy and data,2022,10.1007/s11747-022-00845-y,Journal of the Academy of Marketing Science,article,"Quach, Sara; Thaichon, Park; Martin, Kelly D.; Weaven, Scott; Palmatier, Robert W.",forward,openalex,doi:10.1007/s11747-019-00696-0,0
doi:10.1007/s11747-022-00874-7,358,0.000000,How artificiality and intelligence affect voice assistant evaluations,2022,10.1007/s11747-022-00874-7,Journal of the Academy of Marketing Science,article,"Guha, Abhijit; Breßgott, Timna; Grewal, Dhruv; Mahr, Dominik; Wetzels, Martin; Schweiger, Elisa B.",forward,openalex,doi:10.1007/s11747-019-00696-0,0
doi:10.1007/s11747-022-00876-5,359,0.000000,Artificial intelligence focus and firm performance,2022,10.1007/s11747-022-00876-5,Journal of the Academy of Marketing Science,article,"Mishra, Sagarika; Ewing, Michael T.; Cooper, Holly B.",forward,openalex,doi:10.1007/s11747-019-00696-0|doi:10.1007/s11747-020-00749-9,0
doi:10.1007/s11747-022-00892-5,360,0.000000,Artificial empathy in marketing interactions: Bridging the human-AI gap in affective and social customer experience,2022,10.1007/s11747-022-00892-5,Journal of the Academy of Marketing Science,article,"Liu–Thompkins, Yuping; Okazaki, Shintaro; Li, Hairong",forward,openalex,doi:10.1007/s11747-019-00696-0,0
doi:10.1007/s11747-022-00906-2,361,0.000000,The future of digital technologies in marketing: A conceptual framework and an overview,2022,10.1007/s11747-022-00906-2,Journal of the Academy of Marketing Science,article,"Plangger, Kirk; Grewal, Dhruv; Ruyter, Ko de; Tucker, Catherine E.",forward,openalex,doi:10.1007/s11747-019-00696-0,0
doi:10.1007/s11747-023-00986-8,362,0.000000,Deploying artificial intelligence in services to AID vulnerable consumers,2023,10.1007/s11747-023-00986-8,Journal of the Academy of Marketing Science,article,"Hermann, Erik; Williams, Gizem Yalcin; Puntoni, Stefano",forward,openalex,doi:10.1007/s11747-019-00696-0|doi:10.1007/s11747-020-00749-9|doi:10.1177/0008125619859317,0
doi:10.1007/s11747-024-01017-w,363,0.000000,Pairing up with anthropomorphized artificial agents: Leveraging employee creativity in service encounters,2024,10.1007/s11747-024-01017-w,Journal of the Academy of Marketing Science,article,"Huang, Lexie Lan; Chen, Rocky Peng; Chan, Kimmy Wa",forward,openalex,doi:10.1007/s11747-019-00696-0,0
doi:10.1007/s11747-024-01044-7,364,0.000000,Generative AI in innovation and marketing processes: A roadmap of research opportunities,2024,10.1007/s11747-024-01044-7,Journal of the Academy of Marketing Science,article,"Cillo, Paola; Rubera, Gaia",forward,openalex,doi:10.1007/s11747-019-00696-0|doi:10.1007/s11747-020-00749-9,0
doi:10.1007/s11747-024-01064-3,365,0.000000,How generative AI Is shaping the future of marketing,2024,10.1007/s11747-024-01064-3,Journal of the Academy of Marketing Science,article,"Grewal, Dhruv; Satornino, Cinthia B.; Davenport, Thomas H.; Guha, Abhijit",forward,openalex,doi:10.1007/s11747-019-00696-0|doi:10.1007/s11747-020-00749-9,0
doi:10.1007/s11747-024-01076-z,366,0.000000,Artificial intelligence marketing usage and firm performance,2025,10.1007/s11747-024-01076-z,Journal of the Academy of Marketing Science,article,"Mu, Jifeng; Zhang, Jonathan Z.",forward,openalex,doi:10.1007/s11747-019-00696-0|doi:10.1007/s11747-020-00749-9,0
doi:10.1007/s11747-025-01120-6,367,0.000000,"Transformative marketing strategies in the era of new-age technologies: Principles, plan, purpose, and practice",2025,10.1007/s11747-025-01120-6,Journal of the Academy of Marketing Science,article,"Kumar, V.; Kotler, Philip; Kumar, Ajay",forward,openalex,doi:10.1007/s11747-019-00696-0|doi:10.1080/0965254x.2018.1493523,0
doi:10.1007/s11761-026-00498-7,368,0.000000,How can an e-commerce AI chatbot intensify a live agent service?,2026,10.1007/s11761-026-00498-7,Service Oriented Computing and Applications,article,"Wu, Yuh-Jen; Lin, Chen‐Ju",forward,openalex,doi:10.1108/ijrdm-08-2020-0312,0
doi:10.1007/s11846-018-0316-x,369,0.000000,Predicting customer quality in e-commerce social networks: a machine learning approach,2018,10.1007/s11846-018-0316-x,Review of Managerial Science,article,"Ballestar, María Teresa; Carles, Pilar Grau; Sáinz, Jorge",backward,crossref|openalex,doi:10.1108/wjemsd-08-2020-0099,0
doi:10.1007/s11846-024-00748-y,370,0.000000,Consumer responses to human-AI collaboration at organizational frontlines: strategies to escape algorithm aversion in content creation,2024,10.1007/s11846-024-00748-y,Review of Managerial Science,article,"Haupt, Martin; Freidank, Jan; Haas, Alexander",forward,openalex,doi:10.1007/s11747-019-00696-0,0
doi:10.1007/s12351-023-00813-6,371,0.000000,Customer purchase prediction in electronic markets from clickstream data using the Oracle meta-classifier,2024,10.1007/s12351-023-00813-6,Operational Research,article,"Ehsani, Fatemeh; Hosseini, Monireh",forward,openalex,doi:10.1016/j.compeleceng.2020.106723,0
doi:10.1007/s12525-020-00454-z,372,0.000000,What makes you continuously use chatbot services? Evidence from chinese online travel agencies,2021,10.1007/s12525-020-00454-z,Electronic Markets,article,"Li, Lin; Lee, Kyung Young; Emokpae, Emmanuel; Yang, Sung‐Byung",backward,crossref|openalex,doi:10.1108/ijrdm-08-2020-0312,0
doi:10.1007/s12525-022-00596-2,373,0.000000,Calming the customers by AI: Investigating the role of chatbot acting-cute strategies in soothing negative customer emotions,2022,10.1007/s12525-022-00596-2,Electronic Markets,article,"Zhang, Tao; Feng, Chao; Chen, Hui; Xian, Junjie",forward,openalex,doi:10.1108/ijrdm-08-2020-0312,0
doi:10.1007/s12525-023-00633-8,374,0.000000,AI-based chatbots in conversational commerce and their effects on product and price perceptions,2023,10.1007/s12525-023-00633-8,Electronic Markets,article,"Sidlauskiene, Justina; Joye, Yannick; Auruškevičienė, Viltė",forward,openalex,doi:10.1016/j.bushor.2019.12.002|doi:10.1108/ijrdm-08-2020-0312,0
doi:10.1007/s12525-025-00776-w,375,0.000000,Beyond technology: Multidimensional consumption values in phygital retailing; a mixed method approach,2025,10.1007/s12525-025-00776-w,Electronic Markets,article,"Zolfaghari, Alireza; Somogyi, Simon; Thomas-Francois, Kimberly; Fesharaki, Maryamsadat Hashemi",forward,openalex,doi:10.1016/j.techfore.2023.122342,0
doi:10.1007/s12525-025-00814-7,376,0.000000,When bots’ empathic expressions backfire: Exploring the negative moderation between chatbot empathic expressions and monetary compensation for angry customers,2025,10.1007/s12525-025-00814-7,Electronic Markets,article,"Lee, Jung",forward,openalex,doi:10.1108/ijrdm-08-2020-0312,0
doi:10.1007/s12525-025-00821-8,377,0.000000,Optimizing AI strategies in e-commerce customer service: An agent-based simulation,2025,10.1007/s12525-025-00821-8,Electronic Markets,article,"Zhang, Yali; Ding, Zhenbin; Sun, Jun; Zhao, Xingfang; Hu, Xu; Yang, Zhaojun",forward,openalex,doi:10.1007/s11747-019-00696-0|doi:10.1108/ijrdm-08-2020-0312,0
doi:10.1007/s12599-015-0370-8,378,0.000000,Marketing Automation,2015,10.1007/s12599-015-0370-8,Business & Information Systems Engineering,article,"Heimbach, Irina; Kostyra, Daniel S.; Hinz, Oliver",backward,crossref|openalex,doi:10.1007/978-3-031-20040-3_27|doi:10.1016/j.indmarman.2019.12.008|doi:10.1142/s0219622024500081|doi:10.1142/s0219622025500981,0
doi:10.1007/s13162-024-00293-7,379,0.000000,AI for marketing: Enabler? Engager? Ersatz?,2024,10.1007/s13162-024-00293-7,AMS Review,article,"Madhavaram, Sreedhar; Appan, Radha",forward,openalex,doi:10.1007/s11747-019-00696-0|doi:10.1007/s11747-020-00749-9,0
doi:10.1007/s13198-024-02576-5,380,0.000000,The evolution of digital marketing technologies: a fuzzy TOPSIS approach to selected technology in E-commerce platform,2024,10.1007/s13198-024-02576-5,International Journal of Systems Assurance Engineering and Management,article,"Kumar, Vivek; Kumar, Rakesh; Goel, Richa; Singh, Tilottama; Kaur, Manmeen",forward,openalex,doi:10.1080/0965254x.2018.1493523,0
doi:10.1007/s40171-026-00502-1,381,0.000000,Organising Flexibility in Generative AI-Mediated Work: Evidence from B2B Sales–Procurement,2026,10.1007/s40171-026-00502-1,Global Journal of Flexible Systems Management,article,"Malhan, Mohit",forward,openalex,doi:10.1007/s11747-020-00749-9,0
doi:10.1007/s40547-017-0085-8,382,0.000000,Consumer Choice and Autonomy in the Age of Artificial Intelligence and Big Data,2017,10.1007/s40547-017-0085-8,Customer Needs and Solutions,article,"André, Quentin; Carmon, Ziv; Wertenbroch, Klaus; Crum, Alia J.; Frank, Douglas H.; Goldstein, William M.; Huber, Joel; Boven, Leaf Van; Weber, Bernd; Yang, Haiyang",backward,crossref|openalex,doi:10.1007/s11747-019-00696-0|doi:10.1016/j.ausmj.2020.04.002,0
doi:10.1007/s40547-026-00163-2,383,0.000000,"The Rise of AI Heterogeneity: A Framework, Propositions, and Research Agenda for Understanding Consumer Segment Differences in AI Adoption",2026,10.1007/s40547-026-00163-2,Customer Needs and Solutions,article,"Gao, Huachao; Sridhar, Shrihari",forward,openalex,doi:10.1007/s11747-020-00749-9,0
doi:10.1007/s40622-020-00261-7,384,0.000000,An inclusive survey on machine learning for CRM: a paradigm shift,2020,10.1007/s40622-020-00261-7,DECISION,article,"Singh, Narendra; Singh, Pushpa; Gupta, Mukul",backward,openalex,doi:10.33140/eoa.02.01.04|doi:10.58830/ozgur.pub610.c2592|doi:10.58830/ozgur.pub610.c2595,0
doi:10.1007/s40622-025-00429-z,385,0.000000,Factors driving the adoption of AI-powered marketing in financial services: a practitioner field study,2025,10.1007/s40622-025-00429-z,DECISION,article,"Chintalapati, Srikrishna; Pandey, Shivendra Kumar",forward,openalex,doi:10.1007/s11747-019-00696-0|doi:10.1007/s11747-020-00749-9|doi:10.1016/j.bushor.2019.12.002|doi:10.1016/j.compeleceng.2020.106723,0
doi:10.1007/s41060-026-01140-7,386,0.000000,A framework for hybrid CRM personalization: combining rule-based logic with machine learning predictions,2026,10.1007/s41060-026-01140-7,International Journal of Data Science and Analytics,article,"Vuppala, Krishna Chaithanya; Prasad, Nithin Maruthi",forward,openalex,doi:10.1007/s11747-020-00749-9,0
doi:10.1007/s41133-020-00038-8,387,0.000000,Research Trends on the Usage of Machine Learning and Artificial Intelligence in Advertising,2020,10.1007/s41133-020-00038-8,Augmented Human Research,article,"Shah, Neil; Engineer, Sarth; Bhagat, Nandish; Chauhan, Hirwa; Shah, Manan",forward,openalex,doi:10.1007/s11747-019-00696-0,0
doi:10.1007/s41233-025-00071-8,388,0.000000,Conversation logs as a source of insight: predicting user satisfaction for customer service chatbots,2025,10.1007/s41233-025-00071-8,Quality and User Experience,article,"Ay, Fehime Ceren; Freddi, Eleonora; Følstad, Asbjørn; Hodnebrog, Stig; Kvale, Knut; Sell, Olav Alexander; Ulsaker, Simen A.",forward,openalex,doi:10.1108/ijrdm-08-2020-0312,0
doi:10.1007/s43039-021-00020-1,389,0.000000,The role of attitude toward chatbots and privacy concern on the relationship between attitude toward mobile advertising and behavioral intent to use chatbots,2021,10.1007/s43039-021-00020-1,Italian Journal of Marketing,article,"Cosmo, Lucrezia Maria de; Piper, Luigi; Vittorio, Arianna Di",forward,openalex,doi:10.1177/0008125619859317,0
doi:10.1007/s43039-021-00024-x,390,0.000000,Sales and marketing automation in the post-Covid-19 scenario: value drivers in B2B relationships,2021,10.1007/s43039-021-00024-x,Italian Journal of Marketing,article,"Corsaro, Daniela; Maggioni, Isabella; Olivieri, Mirko",backward|forward,crossref|openalex,doi:10.1007/s12599-015-0370-8|doi:10.1016/j.indmarman.2019.12.008|doi:10.1142/s0219622025500981,0
doi:10.1007/s43039-021-00025-w,391,0.000000,Managing the sales transformation process in B2B: between human and digital,2021,10.1007/s43039-021-00025-w,Italian Journal of Marketing,article,"Corsaro, Daniela; Maggioni, Isabella",forward,openalex,doi:10.1007/s11747-019-00696-0,0
doi:10.1007/s43039-022-00057-w,392,0.000000,Machine learning and artificial intelligence use in marketing: a general taxonomy,2022,10.1007/s43039-022-00057-w,Italian Journal of Marketing,article,"Mauro, Andrea De; Sestino, Andrea; Bacconi, Andrea",forward,openalex,doi:10.1007/s11747-019-00696-0|doi:10.1007/s11747-020-00749-9|doi:10.1016/j.bushor.2019.12.002|doi:10.1177/0008125619859317,0
doi:10.1007/s43039-023-00063-6,393,0.000000,How digital technologies reshape marketing: evidence from a qualitative investigation,2023,10.1007/s43039-023-00063-6,Italian Journal of Marketing,article,"Pascucci, Federica; Savelli, Elisabetta; Gistri, Giacomo",forward,openalex,doi:10.1016/j.indmarman.2020.07.022,0
doi:10.1007/s43039-023-00067-2,394,0.000000,Digital transformation and marketing: a systematic and thematic literature review,2023,10.1007/s43039-023-00067-2,Italian Journal of Marketing,article,"Cioppi, Marco; Curina, Ilaria; Francioni, Barbara; Savelli, Elisabetta",backward|forward,openalex,doi:10.1016/j.techsoc.2020.101425|doi:10.58830/ozgur.pub610.c2592|doi:10.58830/ozgur.pub610.c2595,0
doi:10.1007/s43039-023-00070-7,395,0.000000,The phygital transformation: a systematic review and a research agenda,2023,10.1007/s43039-023-00070-7,Italian Journal of Marketing,review,"Mele, Cristina; Spena, Tiziana Russo; Marzullo, Marialuiza; Bernardo, Irene Di",backward|forward,crossref|openalex,doi:10.1007/978-3-319-68750-6_18|doi:10.1155/hbe2/6675139|doi:10.4324/9781315232201-11,0
doi:10.1007/s43039-023-00076-1,396,0.000000,"How intelligent automation, service robots, and AI will reshape service products and their delivery",2023,10.1007/s43039-023-00076-1,Italian Journal of Marketing,article,"Wirtz, Jochen; Pitardi, Valentina",forward,openalex,doi:10.1007/s11747-019-00696-0,0
doi:10.1007/s43039-023-00081-4,397,0.000000,Consumer–brand relationship in the phygital age: a study of luxury fashion,2023,10.1007/s43039-023-00081-4,Italian Journal of Marketing,article,"Bartoli, Chiara; Nosi, Costanza; Mattiacci, Alberto; Bertuccioli, Francesca",forward,openalex,doi:10.1007/978-3-319-68750-6_18,0
doi:10.1007/s43039-025-00117-x,398,0.000000,Conditions of use and impacts of artificial intelligence in marketing practices: a mixed-method literature review,2025,10.1007/s43039-025-00117-x,Italian Journal of Marketing,article,"Zatini, Giacomo",forward,openalex,doi:10.1007/s11747-019-00696-0|doi:10.1007/s11747-020-00749-9|doi:10.1177/18393349211037684,0
doi:10.1007/s43546-026-01166-w,399,0.000000,"Artificial intelligence, online shopping and consumer convenience: a hybrid review and future research agenda using TCCM framework",2026,10.1007/s43546-026-01166-w,SN Business & Economics,article,"Mubashshir; Khan, Dr.Mohd. Asif; Anas, Mohd.; Adil, Mohd",forward,openalex,doi:10.1007/s11747-019-00696-0|doi:10.1108/ijrdm-08-2020-0312,0
doi:10.1007/s43546-026-01175-9,400,0.000000,Smart marketing in the data age: personalization meets advanced analytics,2026,10.1007/s43546-026-01175-9,SN Business & Economics,article,"Sachdeva, Priya; Mitra, Archan; Malhotra, Prachi; Prakash, Rakesh; Prasad, P. V. Satya; Mishra, Kaushik",forward,openalex,doi:10.4018/979-8-3693-3455-3.ch012,0
doi:10.1007/s43995-025-00142-z,401,0.000000,Artificial intelligence’s effect on customer loyalty in the context of electronic commerce,2025,10.1007/s43995-025-00142-z,Journal of Umm Al-Qura University for Engineering and Architecture,article,"Beyari, Hasan",forward,openalex,doi:10.1007/s11747-019-00696-0,0
doi:10.1007/s44163-025-00346-1,402,0.000000,Application and practice of artificial intelligence in marketing strategy,2025,10.1007/s44163-025-00346-1,Discover Artificial Intelligence,article,"Wang, Jing; Yu, Li",forward,openalex,doi:10.1007/s11747-020-00749-9,0
doi:10.1007/s44163-025-00740-9,403,0.000000,Unveiling the intellectual landscape of artificial intelligence and consumer behavior,2026,10.1007/s44163-025-00740-9,Discover Artificial Intelligence,article,"Zulaikha, Siti; Dewi, Ivana Rosediana; Kurniawati, Masmira",forward,openalex,doi:10.1007/s11747-019-00696-0,0
doi:10.1007/s44244-023-00012-4,404,0.000000,The role of generative artificial intelligence (GAI) in customer personalisation (CP) development in SMEs: a theoretical framework and research propositions,2023,10.1007/s44244-023-00012-4,Industrial Artificial Intelligence,article,"Abrokwah-Larbi, Kwabena",forward,openalex,doi:10.1177/0008125619859317,0
doi:10.1007/s44362-024-00001-2,405,0.000000,Encode and interpret senses: how sensory nature of recommendation tasks influences consumer preference for algorithms,2025,10.1007/s44362-024-00001-2,Journal of Digital Management,article,"Zhang, Aojie; Zhou, Xinyue",forward,openalex,doi:10.1007/s11747-019-00696-0|doi:10.1007/s11747-020-00749-9|doi:10.1016/j.indmarman.2020.07.022,0
doi:10.1007/s44362-025-00015-4,406,0.000000,Low-code AI enabling marketing innovation: The mediating role of marketing ambidexterity,2025,10.1007/s44362-025-00015-4,Journal of Digital Management,article,"Wang, Xiaoyi; Wang, Yuzhou; Li, Nannan; Zhao, Yuhan",forward,openalex,doi:10.1007/s11747-019-00696-0|doi:10.1007/s11747-020-00749-9,0
doi:10.1007/s44362-025-00020-7,407,0.000000,Artificial intelligence embeddedness in marketing,2025,10.1007/s44362-025-00020-7,Journal of Digital Management,article,"Yao, Shanji; Wei, Zi-yi; Wan, Zhuang",forward,openalex,doi:10.1007/s11747-019-00696-0|doi:10.1007/s11747-020-00749-9,0
doi:10.1007/s44491-026-00011-y,408,0.000000,The impact of machine learning-based fraud detection on Ad performance in programmatic advertising: an empirical evidence from marketing professionals,2026,10.1007/s44491-026-00011-y,Management & Marketing,article,"Arif, Arsal; Safeer, Nouman; Nadeem, Muhammad Affan",forward,openalex,doi:10.4018/979-8-3693-7041-4.ch003,0
doi:10.1016/b978-0-443-29863-9.00030-1,409,0.000000,Artificial intelligence in marketing,2025,10.1016/b978-0-443-29863-9.00030-1,Elsevier eBooks,book-chapter,"Kareem, Saima",forward,openalex,doi:10.1007/s11747-019-00696-0|doi:10.1007/s11747-020-00749-9|doi:10.1177/0008125619859317,0
doi:10.1016/b978-0-443-29863-9.00031-3,410,0.000000,AI marketing: Ethics and privacy,2025,10.1016/b978-0-443-29863-9.00031-3,Elsevier eBooks,book-chapter,"Kaurav, Rahul Pratap Singh; Tiwari, Pinaz",forward,openalex,doi:10.1007/s11747-019-00696-0,0
doi:10.1016/b978-0-443-29863-9.00034-9,411,0.000000,Digital marketing in an internet of things environment,2025,10.1016/b978-0-443-29863-9.00034-9,Elsevier eBooks,book-chapter,"Sachdev, Raj",forward,openalex,doi:10.1016/j.indmarman.2020.07.022,0
doi:10.1016/j.aci.2018.05.004,412,0.000000,Customer relationship management and big data enabled: Personalization &amp; customization of services,2018,10.1016/j.aci.2018.05.004,Applied Computing and Informatics,article,"Anshari, Muhammad; Almunawar, Mohammad Nabil; Lim, Syamimi Ariff; Al‐Mudimigh, Abdullah S.",backward,openalex,doi:10.52970/grmilf.v3i1.398|doi:10.58830/ozgur.pub610.c2592|doi:10.58830/ozgur.pub610.c2595,0
doi:10.1016/j.actpsy.2025.105468,413,0.000000,Understanding continuance intention toward the use of AI chatbots in customer service among generation Z in Vietnam,2025,10.1016/j.actpsy.2025.105468,Acta Psychologica,article,"Ngo, Thi Thuy An; Phan, Thi Yen Nhi; Nguyen, Trung Khoi; Le, Thi-Tuyet-Nhung; Nguyen, Ngoc Thien An; Le, Thi Thuy Duong",forward,openalex,doi:10.1108/ijrdm-08-2020-0312,0
doi:10.1016/j.actpsy.2025.106095,414,0.000000,The impact of AI-powered service on customer continuance usage intention in E-retailing: An extended expectation confirmation model,2025,10.1016/j.actpsy.2025.106095,Acta Psychologica,article,"NGO, Thi Thuy An; Chau, Huynh Khanh Long; Tran, Nguyen Phuc Nguyen; Bui, Chi Thanh",forward,openalex,doi:10.1108/ijrdm-08-2020-0312,0
doi:10.1016/j.actpsy.2026.107218,415,0.000000,AI Chatbot characteristics and Gen Z consumers' purchase behavior: A cognitive-affective-behavioral perspective,2026,10.1016/j.actpsy.2026.107218,Acta Psychologica,article,"Phạm, Minh; Ha, Yen Kim; Nguyen, Phuc Huy; Nguyen, Vy Thuy Huynh; Dinh, Tuyen Kim Thi",forward,openalex,doi:10.1007/s11747-019-00696-0|doi:10.1108/ijrdm-08-2020-0312,0
doi:10.1016/j.actpsy.2026.107351,416,0.000000,AI-Augmented marketing decision-making and competitive performance: A resource-based view of capability orchestration,2026,10.1016/j.actpsy.2026.107351,Acta Psychologica,article,"Sharma, Renu",forward,openalex,doi:10.1007/s11747-019-00696-0|doi:10.1007/s11747-020-00749-9,0
doi:10.1016/j.aej.2026.01.045,417,0.000000,AI as the new fourth “P” of marketing: A statistical and machine learning modelling approach to marketing performance,2026,10.1016/j.aej.2026.01.045,Alexandria Engineering Journal,article,"Oraini, Badrea Al",forward,openalex,doi:10.1007/s11747-019-00696-0|doi:10.1007/s11747-020-00749-9|doi:10.1016/j.bushor.2019.12.002,0
doi:10.1016/j.annale.2024.100124,418,0.000000,Co-creating with ChatGPT for tourism marketing materials,2024,10.1016/j.annale.2024.100124,Annals of Tourism Research Empirical Insights,article,"Zhang, Yaozhi; Prebensen, Nina K.",forward,openalex,doi:10.1007/s11747-019-00696-0|doi:10.1016/j.bushor.2019.12.002,0
doi:10.1016/j.annals.2023.103644,419,0.000000,Double-sided messages improve the acceptance of chatbots,2023,10.1016/j.annals.2023.103644,Annals of Tourism Research,article,"Meng, Lu; Li, Tongmao; Shi, Xiaolin; Xin, Huang",forward,openalex,doi:10.1108/ijrdm-08-2020-0312,0
doi:10.1016/j.annals.2024.103857,420,0.000000,ChatGPT personalized and humorous recommendations,2024,10.1016/j.annals.2024.103857,Annals of Tourism Research,article,"Kim, Jeong Hyun; Kim, Jungkeun; Baek, Tae Hyun; Kim, Changju",forward,openalex,doi:10.1016/j.ausmj.2020.04.002,0
doi:10.1016/j.ausmj.2020.03.005,421,0.000000,"AI Customer Service: Task Complexity, Problem-Solving Ability, and Usage Intention",2020,10.1016/j.ausmj.2020.03.005,Australasian Marketing Journal (AMJ),article,"Xu, Yingzi; Shieh, Chih-Hui; Esch, Patrick van; Ling, I-Ling",backward,crossref|openalex,doi:10.1177/18393349211037684,0
doi:10.1016/j.ausmj.2020.04.002,422,0.000000,Programmatic creative: AI can think but it cannot feel,2020,10.1016/j.ausmj.2020.04.002,Australasian Marketing Journal (AMJ),article,"Bakpayev, Marat; Baek, Tae Hyun; Esch, Patrick van; Yoon, Sukki",backward|forward,crossref|openalex,doi:10.1007/978-3-319-25023-6_1|doi:10.1007/s11747-019-00696-0|doi:10.1080/00913367.2019.1654421|doi:10.1080/0965254x.2022.2148269|doi:10.1177/0008125619859317,0
doi:10.1016/j.ausmj.2020.05.003,423,0.000000,The implications of artificial intelligence on the digital marketing of financial services to vulnerable customers,2020,10.1016/j.ausmj.2020.05.003,Australasian Marketing Journal (AMJ),article,"Mogaji, Emmanuel; Soetan, Taiwo O.; Kieu, Tai Anh",backward|forward,crossref|openalex,doi:10.1007/978-3-030-12453-3_151|doi:10.1108/978-1-83549-568-120251012|doi:10.1177/0008125619859317|doi:10.1177/18393349211037684,0
doi:10.1016/j.ausmj.2020.06.004,424,0.000000,"Artificial intelligence (AI) and value co-creation in B2B sales: Activities, actors and resources",2020,10.1016/j.ausmj.2020.06.004,Australasian Marketing Journal (AMJ),article,"Paschen, Jeannette; Paschen, Ulrich; Pala, Erol; Kietzmann, Jan",backward|forward,crossref|openalex,doi:10.1007/s11747-019-00696-0|doi:10.1016/j.ausmj.2020.04.002|doi:10.1177/18393349211037684,0
doi:10.1016/j.ausmj.2020.07.006,425,0.000000,Artificial intelligence in marketing: A bibliographic perspective,2020,10.1016/j.ausmj.2020.07.006,Australasian Marketing Journal (AMJ),article,"Feng, Cai; Park, Andrew; Pitt, Leyland; Kietzmann, Jan; Northey, Gavin",backward|forward,crossref|openalex,doi:10.1007/s11747-019-00696-0|doi:10.1016/j.ausmj.2020.04.002|doi:10.1177/18393349211037684,0
doi:10.1016/j.bushor.2019.12.002,426,0.000000,From data to action: How marketers can leverage AI,2019,10.1016/j.bushor.2019.12.002,Business Horizons,article,"Campbell, Colin; Sands, Sean; Ferraro, Carla; Tsao, Hsiu‐Yuan; Mavrommatis, Alexis",backward,crossref|openalex,doi:10.1080/10696679.2023.2166535|doi:10.1108/978-1-83549-568-120251012|doi:10.1109/gcitc60406.2023.10425868|doi:10.1142/s0219622025500981|doi:10.1177/18393349211037684,0
doi:10.1016/j.bushor.2020.01.003,427,0.000000,Collaborative intelligence: How human and artificial intelligence create value along the B2B sales funnel,2020,10.1016/j.bushor.2020.01.003,Business Horizons,article,"Paschen, Jeannette; Wilson, Matthew; Ferreira, João J.",backward|forward,crossref|openalex,doi:10.1016/j.bushor.2019.12.002|doi:10.1177/18393349211037684,0
doi:10.1016/j.bushor.2024.04.013,428,0.000000,The paradoxes of generative AI-enabled customer service: A guide for managers,2024,10.1016/j.bushor.2024.04.013,Business Horizons,article,"Ferraro, Carla; Demsar, Vlad; Sands, Sean; Restrepo, Mariluz; Campbell, Colin",forward,openalex,doi:10.1016/j.bushor.2019.12.002,0
doi:10.1016/j.bushor.2024.05.002,429,0.000000,"To ChatGPT, or not to ChatGPT: Navigating the paradoxes of generative AI in the advertising industry",2024,10.1016/j.bushor.2024.05.002,Business Horizons,article,"Osadchaya, Elena; Marder, Ben; Yule, Jennifer A.; Yau, Amy; Lavertu, Laura; Stylos, Nikolaos; Oliver, Sebastian; Angell, Robert J.; Regt, Anouk de; Gao, Liyu; Qi, Kang; Zhang, W.; Zhang, Yiwei; Li, Jiayuan; AlRabiah, Sara",forward,openalex,doi:10.1016/j.bushor.2019.12.002,0
doi:10.1016/j.bushor.2024.05.004,430,0.000000,Managerial framework for evaluating AI chatbot integration: Bridging organizational readiness and technological challenges,2024,10.1016/j.bushor.2024.05.004,Business Horizons,article,"Urbani, Roberto; Ferreira, Caitlin; Lam, Joey",forward,openalex,doi:10.1007/s11747-019-00696-0,0
doi:10.1016/j.bushor.2026.07.004,431,0.000000,Behind the promise: Hidden paradoxes of AI in sales and actionable solutions for organizations,2026,10.1016/j.bushor.2026.07.004,Business Horizons,article,"Bizzi, Lorenzo",forward,openalex,doi:10.1007/s11747-019-00696-0|doi:10.1007/s11747-020-00749-9,0
doi:10.1016/j.chb.2015.10.025,432,0.000000,Tracking users' visual attention and responses to personalized advertising based on task cognitive demand,2015,10.1016/j.chb.2015.10.025,Computers in Human Behavior,article,"Bang, Hyejin; Wojdynski, Bartosz W.",backward,crossref|openalex,doi:10.3389/fpsyg.2022.856663,0
doi:10.1016/j.chb.2016.05.056,433,0.000000,Personalization–privacy paradox and consumer conflict with the use of location-based mobile commerce,2016,10.1016/j.chb.2016.05.056,Computers in Human Behavior,article,"Lee, Jin-Myong; Rha, Jong‐Youn",backward,crossref|openalex,doi:10.3390/jtaer21060179,0
doi:10.1016/j.chb.2019.01.020,434,0.000000,"Humanizing chatbots: The effects of visual, identity and conversational cues on humanness perceptions",2019,10.1016/j.chb.2019.01.020,Computers in Human Behavior,article,"Go, Eun; Sundar, S. Shyam",backward,crossref|openalex,doi:10.1108/ijrdm-08-2020-0312,0
doi:10.1016/j.chb.2019.04.009,435,0.000000,Chatbot advertising effectiveness: When does the message get through?,2019,10.1016/j.chb.2019.04.009,Computers in Human Behavior,article,"Broeck, Evert Van den; Zarouali, Brahim; Poels, Karolien",backward,crossref|openalex,doi:10.1108/ijrdm-08-2020-0312,0
doi:10.1016/j.chb.2020.106548,436,0.000000,Customer experiences in the age of artificial intelligence,2020,10.1016/j.chb.2020.106548,Computers in Human Behavior,article,"Ameen, Nisreen; Tarhini, Ali; Reppel, Alexander; Anand, Amitabh",forward,openalex,doi:10.1007/s11747-019-00696-0,0
doi:10.1016/j.chb.2020.106657,437,0.000000,Programmatic advertising: An exegesis of consumer concerns,2020,10.1016/j.chb.2020.106657,Computers in Human Behavior,article,"Samuel, Anthony; White, Gareth; Thomas, Robert J.; Jones, Paul",backward|forward,crossref|openalex,doi:10.1007/978-3-031-96930-0_11|doi:10.1007/978-3-319-25023-6_1|doi:10.1016/j.techfore.2019.03.020|doi:10.1080/00913367.2022.2111728|doi:10.1080/0965254x.2022.2148269|doi:10.1108/itp-09-2019-0480|doi:10.3390/jtaer21060179|doi:10.4018/979-8-3693-0116-6.ch006|doi:10.4018/979-8-3693-7041-4.ch003|doi:10.4018/979-8-3693-7041-4.ch006|doi:10.58830/ozgur.pub610.c2592|doi:10.58830/ozgur.pub610.c2595,0
doi:10.1016/j.chb.2021.107105,438,0.000000,I want it my way! The effect of perceptions of personalization through augmented reality and online shopping on customer intentions to co-create value,2021,10.1016/j.chb.2021.107105,Computers in Human Behavior,article,"Alimamy, Saifeddin; Gnoth, Juergen",forward,openalex,doi:10.1177/0008125619859317,0
doi:10.1016/j.chb.2022.107485,439,0.000000,Make chatbots more adaptive: Dual pathways linking human-like cues and tailored response to trust in interactions with chatbots,2022,10.1016/j.chb.2022.107485,Computers in Human Behavior,article,"Jiang, Yi; Yang, Xiangcheng; Zheng, Tianqi",forward,openalex,doi:10.1108/ijrdm-08-2020-0312|doi:10.1177/0008125619859317,0
doi:10.1016/j.chb.2024.108549,440,0.000000,AI-driven personalization: Unraveling consumer perceptions in social media engagement,2024,10.1016/j.chb.2024.108549,Computers in Human Behavior,article,"Teepapal, Tanawat",forward,openalex,doi:10.1007/s11747-020-00749-9|doi:10.1016/j.bushor.2019.12.002,0
doi:10.1016/j.chb.2025.108570,441,0.000000,Chatbots in customer service within banking and finance: Do chatbots herald the start of an AI revolution in the corporate world?,2025,10.1016/j.chb.2025.108570,Computers in Human Behavior,article,"Graham, Gary; Nisar, Tahir M.; Prabhakar, Guru; Meriton, Royston; Malik, Sarita",forward,openalex,doi:10.1007/s11747-019-00696-0,0
doi:10.1016/j.chb.2025.108647,442,0.000000,Autonomous technology in the marketplace: The impact of enjoyment on consumer responses,2025,10.1016/j.chb.2025.108647,Computers in Human Behavior,article,"Rohden, Simoni F.; Netto, Carla Freitas Silveira; Espartel, Lélis Balestrin",forward,openalex,doi:10.1007/s11747-020-00749-9,0
doi:10.1016/j.chb.2025.108735,443,0.000000,Does algorithmic recommendation complement or substitute advertising and influencers? Consumer attitudes toward recommendation information and the formation of purchase intentions,2025,10.1016/j.chb.2025.108735,Computers in Human Behavior,article,"Aoki, Tetsuya; Matsui, Ayako",forward,openalex,doi:10.1007/s11747-019-00696-0,0
doi:10.1016/j.chb.2026.108930,444,0.000000,Rethinking targeting strategies for SMEs: How artificial intelligence and audience breadth drive advertising performance,2026,10.1016/j.chb.2026.108930,Computers in Human Behavior,article,"Ham, Minjeong; Park, Jaeyoung",forward,openalex,doi:10.1007/s11747-019-00696-0|doi:10.1007/s11747-020-00749-9|doi:10.1177/0008125619859317,0
doi:10.1016/j.chb.2026.108999,445,0.000000,How artificial intelligence functionalities boost consumer benefit and impulse shopping? The significant role of responsive communication and conversational communication,2026,10.1016/j.chb.2026.108999,Computers in Human Behavior,article,"Pang, Hua; Wang, Yi; Sun, Mohan; Wang, Rui",forward,openalex,doi:10.1108/ijrdm-08-2020-0312,0
doi:10.1016/j.chbah.2026.100335,446,0.000000,"Avatars that engage: How visual role expectations, contextual congruence, user characteristics, and perceived sympathy shape responses to shopping chatbots",2026,10.1016/j.chbah.2026.100335,Computers in Human Behavior Artificial Humans,article,"Ackermann, Kurt A.; Rettenmund, Michèle; Helbling, Corina; Gut, Remo Bebie; Heim, Nina; Furchheim, Pia",forward,openalex,doi:10.1108/ijrdm-08-2020-0312,0
doi:10.1016/j.chbr.2024.100464,447,0.000000,Investigating the impact of AI on improving customer experience through social media marketing: An analysis of Jordanian Millennials,2024,10.1016/j.chbr.2024.100464,Computers in Human Behavior Reports,article,"Omeish, Fandi; Khasawneh, Mohammad Hamdi Al; Khair, Nadine",backward,openalex,doi:10.58830/ozgur.pub610.c2592|doi:10.58830/ozgur.pub610.c2595,0
doi:10.1016/j.chbr.2025.100707,448,0.000000,Humanizing generative AI Brands: How brand anthropomorphism converts customers into brand heroes,2025,10.1016/j.chbr.2025.100707,Computers in Human Behavior Reports,article,"Hussain, Khalid",forward,openalex,doi:10.1007/s11747-020-00749-9,0
doi:10.1016/j.chbr.2026.101112,449,0.000000,Consumer trust and purchase intentions in AI-generated advertising: The role of verification signals,2026,10.1016/j.chbr.2026.101112,Computers in Human Behavior Reports,article,"Sarran, Dave; Datt, Vejendra",forward,openalex,doi:10.1177/0008125619859317,0
doi:10.1016/j.chbr.2026.101239,450,0.000000,“The Future of Consumer Intelligence: A Systematic Literature Review of AI in Neuromarketing”,2026,10.1016/j.chbr.2026.101239,Computers in Human Behavior Reports,review,"Aprilianty, Fitri; Matsuura, Yoshiyuki; Takahashi, Masakazu",forward,openalex,doi:10.1007/s11747-019-00696-0,0
doi:10.1016/j.clrc.2025.100269,451,0.000000,Exploring AI-enabled green marketing and green intention: An integrated PLS-SEM and NCA approach,2025,10.1016/j.clrc.2025.100269,Cleaner and Responsible Consumption,article,"Sohaib, Osama; Alshemeili, Aamna; Bhatti, Tariq",forward,openalex,doi:10.1007/s11747-019-00696-0,0
doi:10.1016/j.compcom.2024.102829,452,0.000000,Composing with generative AI on digital advertising platforms,2024,10.1016/j.compcom.2024.102829,Computers & composition/Computers and composition,article,"Hocutt, Daniel L.",forward,openalex,doi:10.1177/18393349211037684,0
doi:10.1016/j.compeleceng.2020.106723,453,0.000000,A machine learning-based approach to enhancing social media marketing,2020,10.1016/j.compeleceng.2020.106723,Computers & Electrical Engineering,article,"Arasu, B. Senthil; Seelan, B. Jonath Backia; Thamaraiselvan, N.",backward,crossref|openalex,doi:10.1108/978-1-83549-568-120251012|doi:10.4018/ijdst.307953,0
doi:10.1016/j.daach.2024.e00368,454,0.000000,Heritage elements and Artificial Intelligence as storytelling tools for virtual retail environments,2024,10.1016/j.daach.2024.e00368,Digital Applications in Archaeology and Cultural Heritage,article,"Hajahmadi, Shirin; Calvi, Irene; Stacchiotti, Eleonora; Cascarano, Pasquale; Marfia, Gustavo",forward,openalex,doi:10.6092/issn.2611-0563/13120,0
doi:10.1016/j.digbus.2023.100058,455,0.000000,Personalisation (In)effectiveness in email marketing,2023,10.1016/j.digbus.2023.100058,Digital Business,article,"Nobile, Tekila Harley; Cantoni, Lorenzo",backward,openalex,doi:10.58830/ozgur.pub610.c2595,0
doi:10.1016/j.digbus.2025.100134,456,0.000000,Innovating the experience economy: How novel technologies transform customer experiences,2025,10.1016/j.digbus.2025.100134,Digital Business,article,"Garaus, Marion; Treiblmaier, Horst; Wagner, Udo; Garaus, Christian",forward,openalex,doi:10.1007/s11747-019-00696-0,0
doi:10.1016/j.dss.2024.114328,457,0.000000,Bridging information systems and marketing: Charting collaborative pathways,2024,10.1016/j.dss.2024.114328,Decision Support Systems,article,"France, Stephen L.; Vaghefi, Mahyar Sharif; Kazandjian, Brett; Warkentin, Merrill",forward,openalex,doi:10.1016/j.eswa.2018.11.002,0
doi:10.1016/j.elerap.2017.11.004,458,0.000000,A novel methodology for optimizing display advertising campaigns using genetic algorithms,2017,10.1016/j.elerap.2017.11.004,Electronic Commerce Research and Applications,article,"Miralles‐Pechuán, Luis; Pönce, Hiram; Martínez-Villaseñor, Lourdes",backward,crossref|openalex,doi:10.1007/978-3-030-93131-5_5,0
doi:10.1016/j.elerap.2018.09.001,459,0.000000,A hierarchical framework for ad inventory allocation in programmatic advertising markets,2018,10.1016/j.elerap.2018.09.001,Electronic Commerce Research and Applications,article,"Li, Juanjuan; Ni, Xiaochun; Yuan, Yong; Wang, Fei–Yue",backward,crossref|openalex,doi:10.1007/978-3-030-93131-5_5,0
doi:10.1016/j.elerap.2018.11.006,460,0.000000,Effectiveness of online behavioral targeting: A psychological perspective,2018,10.1016/j.elerap.2018.11.006,Electronic Commerce Research and Applications,article,"Özçelik, Ayşe Bengi; Varnalı, Kaan",backward,crossref|openalex,doi:10.25139/jsk.v5i3.3077,0
doi:10.1016/j.elerap.2021.101098,461,0.000000,An intelligent knowledge-based chatbot for customer service,2021,10.1016/j.elerap.2021.101098,Electronic Commerce Research and Applications,article,"Ngai, Eric W.T.; Lee, Maggie C. M.; Mei, Luo; Chan, Patrick; Liang, Tenglu",forward,openalex,doi:10.1016/j.bushor.2019.12.002,0
doi:10.1016/j.elerap.2024.101380,462,0.000000,Understanding virtual agents’ service quality in the context of customer service: A fit-viability perspective,2024,10.1016/j.elerap.2024.101380,Electronic Commerce Research and Applications,article,"Zhang, Yanping; Liang, Changyong; Li, Xiaodong",forward,openalex,doi:10.1108/ijrdm-08-2020-0312,0
doi:10.1016/j.elerap.2025.101552,463,0.000000,"What resources are needed for effective AI implementation in CRM, and does it actually enhance performance?",2025,10.1016/j.elerap.2025.101552,Electronic Commerce Research and Applications,article,"Ozay, Dervis; Jahanbakht, Mohammad; Wang, Shouyi",forward,openalex,doi:10.1007/s11747-019-00696-0|doi:10.1177/0008125619859317,0
doi:10.1016/j.engappai.2025.111875,464,0.000000,Empirical method for developing a hyper-personalization artifact,2025,10.1016/j.engappai.2025.111875,Engineering Applications of Artificial Intelligence,article,"Murugasu, Umapathy Sivan G.; Subbarao, Anusuyah",forward,openalex,doi:10.1177/0008125619859317,0
doi:10.1016/j.eswa.2018.11.002,465,0.000000,"Marketing analytics: Methods, practice, implementation, and links to other fields",2018,10.1016/j.eswa.2018.11.002,Expert Systems with Applications,article,"France, Stephen L.; Ghose, Sanjoy",backward,crossref|openalex,doi:10.3390/joitmc7020114,0
doi:10.1016/j.eswa.2026.132821,466,0.000000,Human or AI-powered? The optimal customer service for an e-commerce platform supply chain with competing brands,2026,10.1016/j.eswa.2026.132821,Expert Systems with Applications,article,"Liu, Hao; Bin, Liu; Lei, Liu; Rong, Zhang",forward,openalex,doi:10.1007/s11747-019-00696-0,0
doi:10.1016/j.fmre.2021.11.004,467,0.000000,Subjective or objective: How the style of text in computational advertising influences consumer behaviors?,2021,10.1016/j.fmre.2021.11.004,Fundamental Research,article,"Huang, Minxue; Liu, Tong",forward,openalex,doi:10.1080/00913367.2020.1795954,0
doi:10.1016/j.fufo.2025.100704,468,0.000000,How will artificial intelligence drive marketing in the beverage industry? - A bibliometric literature review,2025,10.1016/j.fufo.2025.100704,Future Foods,article,"Chinnici, Pietro; Bacarella, Simona; Chironi, Stefania; Naselli, Vincenzo; Ingrassia, Marzia",forward,openalex,doi:10.1007/s11747-019-00696-0|doi:10.1007/s11747-020-00749-9,0
doi:10.1016/j.heliyon.2023.e16074,469,0.000000,Exploring chatbot trust: Antecedents and behavioural outcomes,2023,10.1016/j.heliyon.2023.e16074,Heliyon,article,"Alagarsamy, Subburaj; Mehrolia, Sangeeta",forward,openalex,doi:10.1108/ijrdm-08-2020-0312,0
doi:10.1016/j.heliyon.2024.e25031,470,0.000000,Investigating the acceptance intentions of online shopping assistants in E-commerce interactions: Mediating role of trust and effects of consumer demographics,2024,10.1016/j.heliyon.2024.e25031,Heliyon,article,"Singh, Chetanya; Dash, Manoj Kumar; Sahu, Rajendra; Kumar, Anil",forward,openalex,doi:10.1108/ijrdm-08-2020-0312,0
doi:10.1016/j.icte.2020.04.012,471,0.000000,Identifying machine learning techniques for classification of target advertising,2020,10.1016/j.icte.2020.04.012,ICT Express,article,"Choi, Jin-A; Lim, Kiho",backward,crossref|openalex,doi:10.4018/979-8-3693-7041-4.ch006,0
doi:10.1016/j.iedeen.2017.06.002,472,0.000000,Research trends on Big Data in Marketing: A text mining and topic modeling based literature analysis,2017,10.1016/j.iedeen.2017.06.002,European Research on Management and Business Economics,article,"Amado, Alexandra; Cortez, Paulo; Rita, Paulo; Moro, Sérgio",backward,crossref|openalex,doi:10.1007/978-3-030-48230-5_7,0
doi:10.1016/j.iedeen.2025.100278,473,0.000000,"The role of AI as an unconventional salesperson in consumer buying decisions, satisfaction and happiness",2025,10.1016/j.iedeen.2025.100278,European Research on Management and Business Economics,article,"Valiño, Pedro Cuesta; Kazakov, Sergey; Durán-Álamo, Patricia; Rodríguez, Pablo Gutiérrez",forward,openalex,doi:10.1007/s11747-019-00696-0|doi:10.1007/s11747-020-00749-9,0
doi:10.1016/j.iedeen.2026.100307,474,0.000000,Chatbots that win hearts and wallets: Maximizing customer satisfaction and repeat purchases,2026,10.1016/j.iedeen.2026.100307,European Research on Management and Business Economics,article,"Zhao, Xiaochao; Khan, Ali Nawaz; Shahzad, Khuram; Soomro, Mohsin Ali",forward,openalex,doi:10.1108/ijrdm-08-2020-0312,0
doi:10.1016/j.ifacol.2017.08.2377,475,0.000000,Research on Information Structure of Programmatic Advertising Markets,2017,10.1016/j.ifacol.2017.08.2377,IFAC-PapersOnLine,article,"Li, Juanjuan; Yuan, Yong; Zhao, Xueliang; Wang, Fei–Yue",backward,crossref|openalex,doi:10.1007/978-3-031-96930-0_11|doi:10.1016/j.chb.2020.106657|doi:10.1016/j.techfore.2019.03.020,0
doi:10.1016/j.ijhcs.2026.103764,476,0.000000,Emotional artificial intelligence: The impact of chatbot empathy and emotional tone on consumer satisfaction and word of mouth,2026,10.1016/j.ijhcs.2026.103764,International Journal of Human-Computer Studies,article,"Rohden, Simoni F.; Espartel, Lélis Balestrin",forward,openalex,doi:10.1007/s11747-019-00696-0|doi:10.1007/s11747-020-00749-9,0
doi:10.1016/j.ijhm.2023.103437,477,0.000000,The dark side of artificial intelligence in service: The “watching-eye” effect and privacy concerns,2023,10.1016/j.ijhm.2023.103437,International Journal of Hospitality Management,article,"Hu, Yaou; Min, Hyounae",forward,openalex,doi:10.1007/s11747-019-00696-0,0
doi:10.1016/j.ijhm.2023.103628,478,0.000000,Customers’ intention to compliment and complain via AI-enabled platforms: A self-disclosure perspective,2023,10.1016/j.ijhm.2023.103628,International Journal of Hospitality Management,article,"Cai, Ruiying; Wang, Yao‐Chin; Sun, Jie",forward,openalex,doi:10.1007/s11747-020-00749-9,0
doi:10.1016/j.ijhm.2024.103914,479,0.000000,Enhancing customers’ life satisfaction through AI-powered personalized luxury recommendations in luxury tourism marketing,2024,10.1016/j.ijhm.2024.103914,International Journal of Hospitality Management,article,"Lv, Linxiang; Chen, Siyun; Liu, Guanrong; Benckendorff, Pierre",forward,openalex,doi:10.1007/s11747-020-00749-9,0
doi:10.1016/j.ijhm.2024.103929,480,0.000000,The GAI marketing model: A conceptual framework and future research directions,2024,10.1016/j.ijhm.2024.103929,International Journal of Hospitality Management,article,"Bilgihan, Anil; Doğru, Tarik; Hanks, Lydia; Line, Nathan; Mody, Makarand",forward,openalex,doi:10.1007/s11747-020-00749-9,0
doi:10.1016/j.ijhm.2026.104847,481,0.000000,Artificial intelligence (AI)-powered personalisation in service industries: An integrative review and future research directions,2026,10.1016/j.ijhm.2026.104847,International Journal of Hospitality Management,article,"Le, Truc H.; Nguyen, Nguyen An Ngoc; Le, Dung; Thaichon, Sara",forward,openalex,doi:10.1007/s11747-020-00749-9|doi:10.1016/j.ausmj.2020.04.002,0
doi:10.1016/j.ijin.2022.08.005,482,0.000000,Artificial intelligence (AI) applications for marketing: A literature-based study,2022,10.1016/j.ijin.2022.08.005,International Journal of Intelligent Networks,article,"Haleem, Abid; Javaid, Mohd; Qadri, Mohammad Asim; Singh, Ravi Pratap; Suman, Rajiv",backward|forward,crossref|openalex,doi:10.1007/978-3-658-46399-1_72-1|doi:10.1007/s11747-019-00696-0|doi:10.1007/s11747-020-00749-9|doi:10.1177/0008125619859317|doi:10.1177/18393349211037684,0
doi:10.1016/j.ijinfomgt.2020.102168,483,0.000000,Setting the future of digital and social media marketing research: Perspectives and research propositions,2020,10.1016/j.ijinfomgt.2020.102168,International Journal of Information Management,article,"Dwivedi, Yogesh K.; Ismagilova, Elvira; Hughes, David L.; Carlson, Jamie; Filieri, Raffaele; Jacobson, Jenna; Jain, Varsha; Karjaluoto, Heikki; Kéfi, Hajer; Krishen, Anjala S.; Kumar, Vikram; Rahman, Mohammad M.; Raman, Ramakrishnan; Rauschnabel, Philipp A.; Rowley, Jennifer; Salo, Jari; Tran, Gina A.; Wang, Yichuan",backward,openalex,doi:10.58830/ozgur.pub610.c2592|doi:10.58830/ozgur.pub610.c2595,0
doi:10.1016/j.ijinfomgt.2021.102382,484,0.000000,Consumer engagement via interactive artificial intelligence and mixed reality,2021,10.1016/j.ijinfomgt.2021.102382,International Journal of Information Management,article,"Sung, Eunyoung; Bae, Sujin; Han, Dai‐In Danny; Kwon, Ohbyung",forward,openalex,doi:10.1007/s11747-019-00696-0,0
doi:10.1016/j.ijinfomgt.2022.102598,485,0.000000,Artificial intelligence (AI)-enabled CRM capability in healthcare: The impact on service innovation,2022,10.1016/j.ijinfomgt.2022.102598,International Journal of Information Management,article,"Kumar, Pradeep; Sharma, Sujeet Kumar; Dutot, Vincent",backward,openalex,doi:10.58830/ozgur.pub610.c2592|doi:10.58830/ozgur.pub610.c2595,0
doi:10.1016/j.ijinfomgt.2024.102768,486,0.000000,The impact of artificial intelligence adoption for business-to-business marketing on shareholder reaction: A social actor perspective,2024,10.1016/j.ijinfomgt.2024.102768,International Journal of Information Management,article,"Zhan, Yuanzhu; Xiong, Yangchun; Han, Runyue; Lam, Hugo K.S.; Blome, Constantin",forward,openalex,doi:10.1007/s11747-020-00749-9|doi:10.1016/j.bushor.2019.12.002|doi:10.1177/0008125619859317,0
doi:10.1016/j.ijinfomgt.2024.102773,487,0.000000,Shift of ambidexterity modes: An empirical investigation of the impact of artificial intelligence in customer service,2024,10.1016/j.ijinfomgt.2024.102773,International Journal of Information Management,article,"Cao, Lan; Sarkar, Sumantra; Ramesh, Balasubramaniam; Mohan, Kannan; Park, Eun Hee",forward,openalex,doi:10.1108/ijrdm-08-2020-0312,0
doi:10.1016/j.ijinfomgt.2024.102783,488,0.000000,"AI-powered marketing: What, where, and how?",2024,10.1016/j.ijinfomgt.2024.102783,International Journal of Information Management,article,"Kumar, V.; Ashraf, Abdul R.; Nadeem, Waqar",forward,openalex,doi:10.1007/s11747-019-00696-0|doi:10.1007/s11747-020-00749-9|doi:10.1016/j.ausmj.2020.04.002|doi:10.1016/j.bushor.2019.12.002|doi:10.1016/j.chb.2020.106657|doi:10.1080/00913367.2019.1654421|doi:10.1108/ijrdm-08-2020-0312|doi:10.1177/0008125619859317,0
doi:10.1016/j.ijinfomgt.2025.102916,489,0.000000,"Designing AI to elicit positive word-of-mouth in service recovery: The role of stress, anthropomorphism, and personal resources",2025,10.1016/j.ijinfomgt.2025.102916,International Journal of Information Management,article,"Keating, Byron; Mulcahy, Rory; Riedel, Aimee; Beatson, Amanda; Letheren, Kate",forward,openalex,doi:10.1007/s11747-020-00749-9,0
doi:10.1016/j.ijinfomgt.2025.102954,490,0.000000,Customer reactions to generative AI vs. real images in high-involvement and hedonic services,2025,10.1016/j.ijinfomgt.2025.102954,International Journal of Information Management,article,"Belanche, Daniel; Ibáñez‐Sánchez, Sergio; Jordán, Pau; Matas, Sergio",forward,openalex,doi:10.1007/s11747-020-00749-9,0
doi:10.1016/j.ijinfomgt.2025.102955,491,0.000000,The power of GenAI nudges: How generative AI shapes consumer empowerment and goal desirability,2025,10.1016/j.ijinfomgt.2025.102955,International Journal of Information Management,article,"Richarde, Ana Paula Merenda; Pinto, Diego Costa; Dalmoro, Marlon; Prado, Paulo Henrique Müller",forward,openalex,doi:10.1007/s11747-020-00749-9,0
doi:10.1016/j.ijinfomgt.2025.102985,492,0.000000,AI meets marketing research: Virtual interviewers and the challenges of regional and demographic adoption,2025,10.1016/j.ijinfomgt.2025.102985,International Journal of Information Management,article,"Danó, Györgyi; Kovács, Stefan; Surman, Vivien",forward,openalex,doi:10.1007/s11747-019-00696-0|doi:10.1007/s11747-020-00749-9,0
doi:10.1016/j.ijresmar.2020.04.005,493,0.000000,Machine learning and AI in marketing – Connecting computing power to human insights,2020,10.1016/j.ijresmar.2020.04.005,International Journal of Research in Marketing,article,"Ma, Liye; Sun, Baohong",backward,crossref|openalex,doi:10.1007/s11747-020-00749-9|doi:10.1177/18393349211037684|doi:10.58830/ozgur.pub610.c2592|doi:10.58830/ozgur.pub610.c2595,0
doi:10.1016/j.ijresmar.2020.10.004,494,0.000000,The risk of programmatic advertising: Effects of website quality on advertising effectiveness,2020,10.1016/j.ijresmar.2020.10.004,International Journal of Research in Marketing,article,"Shehu, Edlira; Nabout, Nadia Abou; Clément, Michel",backward,crossref|openalex,doi:10.1007/978-3-030-93131-5_5|doi:10.1007/978-3-031-96930-0_11,0
doi:10.1016/j.ijresmar.2021.11.002,495,0.000000,Examining artificial intelligence (AI) technologies in marketing via a global lens: Current trends and future research opportunities,2021,10.1016/j.ijresmar.2021.11.002,International Journal of Research in Marketing,article,"Kopalle, Praveen K.; Gangwar, Manish; Kaplan, Andreas; Ramachandran, Divya; Reinartz, Werner; Rindfleisch, Aric",forward,openalex,doi:10.1007/s11747-019-00696-0|doi:10.1177/0008125619859317,0
doi:10.1016/j.ijresmar.2022.04.006,496,0.000000,Speaking vs. listening? Balance conversation attributes of voice assistants for better voice marketing,2022,10.1016/j.ijresmar.2022.04.006,International Journal of Research in Marketing,article,"Hu, Peng; Gong, Yeming; Lu, Yaobin; Ding, Amy Wenxuan",forward,openalex,doi:10.1007/s11747-020-00749-9,0
doi:10.1016/j.ijresmar.2024.05.004,497,0.000000,The contingent effects of innovative digital sales technologies on B2B firms’ financial performance,2024,10.1016/j.ijresmar.2024.05.004,International Journal of Research in Marketing,article,"Friess, Maximilian; Haumann, Till; Alavi, Sascha; Oproiescu, Alexandru Ionut; Schmitz, Christian; Wieseke, Jan",forward,openalex,doi:10.1007/s11747-019-00696-0|doi:10.1007/s11747-020-00749-9,0
doi:10.1016/j.im.2020.103314,498,0.000000,No trespassing: exploring privacy boundaries in personalized advertisement and its effects on ad attitude and purchase intentions on social media,2020,10.1016/j.im.2020.103314,Information & Management,article,"Zhu, Yu‐Qian; Kanjanamekanant, Kritsapas",backward,crossref|openalex,doi:10.3390/jtaer21060179,0
doi:10.1016/j.im.2024.104033,499,0.000000,Lower than expected but still willing to use: User acceptance toward current intelligent conversational agents,2024,10.1016/j.im.2024.104033,Information & Management,article,"Sohail, Maarif; Wang, Fang; Archer, Norm; Wang, Wenting; Yuan, Yufei",forward,openalex,doi:10.1108/ijrdm-08-2020-0312,0
doi:10.1016/j.im.2026.104347,500,0.000000,AI-powered personalization in online fashion stores: Exploring the impact on shoppers’ perceived risk and intention to buy and recommend,2026,10.1016/j.im.2026.104347,Information & Management,article,"Jasim, K. Mohamed; Puthineedi, Venu Bhaskar; Jha, Ashish Kumar",forward,openalex,doi:10.1177/0008125619859317,0
doi:10.1016/j.indmarman.2015.07.002,501,0.000000,Harnessing marketing automation for B2B content marketing,2015,10.1016/j.indmarman.2015.07.002,Industrial Marketing Management,article,"Järvinen, Joel; Taiminen, Heini",backward,crossref|openalex,doi:10.1016/j.indmarman.2019.12.008|doi:10.1016/j.indmarman.2020.07.022|doi:10.1080/1051712x.2021.1920702|doi:10.1142/s0219622024500081|doi:10.1142/s0219622025500981,0
doi:10.1016/j.indmarman.2016.08.003,502,0.000000,Customers churn prediction and marketing retention strategies. An application of support vector machines based on the AUC parameter-selection technique in B2B e-commerce industry,2016,10.1016/j.indmarman.2016.08.003,Industrial Marketing Management,article,"Gordini, N; Veglio, Valerio",backward,crossref|openalex,doi:10.1016/j.indmarman.2020.07.022,0
doi:10.1016/j.indmarman.2017.12.019,503,0.000000,Waiting for a sales renaissance in the fourth industrial revolution: Machine learning and artificial intelligence in sales research and practice,2018,10.1016/j.indmarman.2017.12.019,Industrial Marketing Management,article,"Syam, Niladri; Sharma, Arun",backward,crossref|openalex,doi:10.1007/978-3-030-72080-3_20|doi:10.1007/s11747-019-00696-0|doi:10.1016/j.indmarman.2020.07.022|doi:10.1080/10696679.2023.2166535,0
doi:10.1016/j.indmarman.2018.03.007,504,0.000000,"Social media technology use and salesperson performance: A two study examination of the role of salesperson behaviors, characteristics, and training",2018,10.1016/j.indmarman.2018.03.007,Industrial Marketing Management,article,"Ogilvie, Jessica L.; Agnihotri, Raj; Rapp, Adam; Trainor, Kevin J.",backward,crossref|openalex,doi:10.1016/j.indmarman.2020.07.022,0
doi:10.1016/j.indmarman.2019.09.001,505,0.000000,Real-time big data processing for instantaneous marketing decisions: A problematization approach,2019,10.1016/j.indmarman.2019.09.001,Industrial Marketing Management,article,"Jabbar, Abdul; Akhtar, Pervaiz; Dani, Samir",backward,crossref|openalex,doi:10.4018/979-8-3693-3455-3.ch001,0
doi:10.1016/j.indmarman.2019.12.006,506,0.000000,Reconceptualizing Integration Quality Dynamics for Omnichannel Marketing,2020,10.1016/j.indmarman.2019.12.006,Industrial Marketing Management,article,"Hossain, Tasnim M. Taufique; Akter, Shahriar; Kattiyapornpong, Uraiporn; Dwivedi, Yogesh K.",backward,crossref|openalex,doi:10.1016/j.indmarman.2020.07.022,0
doi:10.1016/j.indmarman.2019.12.008,507,0.000000,Effectual and causal reasoning in the adoption of marketing automation,2019,10.1016/j.indmarman.2019.12.008,Industrial Marketing Management,article,"Mero, Joel; Tarkiainen, Anssi; Tobon, Juliana",backward|forward,crossref|openalex,doi:10.1007/978-3-031-20040-3_27|doi:10.1007/s12599-015-0370-8|doi:10.1080/1051712x.2021.1920702|doi:10.1080/10696679.2023.2166535|doi:10.1142/s0219622024500081|doi:10.1142/s0219622025500981,0
doi:10.1016/j.indmarman.2020.07.022,508,0.000000,The digital marketing capabilities gap,2020,10.1016/j.indmarman.2020.07.022,Industrial Marketing Management,article,"Herhausen, Dennis; Miočević, Dario; Morgan, Robert E.; Kleijnen, Mirella",backward,crossref|openalex,doi:10.1016/j.techsoc.2020.101425|doi:10.4018/ijdst.307953,0
doi:10.1016/j.indmarman.2020.08.024,509,0.000000,Adoption of digital sales force automation tools in supply chain: Customers' acceptance of sales configurators,2020,10.1016/j.indmarman.2020.08.024,Industrial Marketing Management,article,"Mahlamäki, Tommi; Storbacka, Kaj; Pylkkönen, Samuli; Ojala, Mika",forward,openalex,doi:10.1016/j.indmarman.2019.12.008,0
doi:10.1016/j.indmarman.2020.12.001,510,0.000000,An integrated artificial intelligence framework for knowledge creation and B2B marketing rational decision making for improving firm performance,2020,10.1016/j.indmarman.2020.12.001,Industrial Marketing Management,article,"Bag, Surajit; Gupta, Shivam; Kumar, Ajay; Sivarajah, Uthayasankar",forward,openalex,doi:10.1007/s11747-019-00696-0,0
doi:10.1016/j.indmarman.2021.07.013,511,0.000000,The effect of AI-based CRM on organization performance and competitive advantage: An empirical analysis in the B2B context,2021,10.1016/j.indmarman.2021.07.013,Industrial Marketing Management,article,"Chatterjee, Sheshadri; Rana, Nripendra P.; Tamilmani, Kuttimani; Sharma, Anuj",forward,openalex,doi:10.1007/s11747-019-00696-0,0
doi:10.1016/j.indmarman.2021.08.006,512,0.000000,Setting B2B digital marketing in artificial intelligence-based CRMs: A review and directions for future research,2021,10.1016/j.indmarman.2021.08.006,Industrial Marketing Management,article,"Saura, José Ramón; Soriano, Domingo Ribeiro; Palacios‐Marqués, Daniel",forward,openalex,doi:10.1007/s11747-019-00696-0|doi:10.1016/j.indmarman.2020.07.022|doi:10.1016/j.jik.2020.08.001,0
doi:10.1016/j.indmarman.2021.08.011,513,0.000000,What impacts customer experience for B2B enterprises on using AI-enabled chatbots? Insights from Big data analytics,2021,10.1016/j.indmarman.2021.08.011,Industrial Marketing Management,article,"Kushwaha, Amit; Kumar, Prashant; Kar, Arpan Kumar",forward,openalex,doi:10.1007/s11747-019-00696-0,0
doi:10.1016/j.indmarman.2021.11.001,514,0.000000,Power negotiation on the tango dancefloor: The adoption of AI in B2B marketing,2021,10.1016/j.indmarman.2021.11.001,Industrial Marketing Management,article,"Keegan, Brendan James; Canhoto, Ana Isabel; Yen, Dorothy",forward,openalex,doi:10.1007/s11747-019-00696-0,0
doi:10.1016/j.indmarman.2022.03.001,515,0.000000,AI-based innovation in B2B marketing: An interdisciplinary framework incorporating academic and practitioner perspectives,2022,10.1016/j.indmarman.2022.03.001,Industrial Marketing Management,article,"Petrescu, Maria; Krishen, Anjala S.; Kachen, Sheen; Gironda, John T.",forward,openalex,doi:10.1007/s11747-019-00696-0|doi:10.1016/j.indmarman.2020.07.022,0
doi:10.1016/j.indmarman.2022.04.014,516,0.000000,Managing B2B customer journeys in digital era: Four management activities with artificial intelligence-empowered tools,2022,10.1016/j.indmarman.2022.04.014,Industrial Marketing Management,article,"Rusthollkarhu, Sami; Toukola, Sebastian; Aarikka‐Stenroos, Leena; Mahlamäki, Tommi",forward,openalex,doi:10.1007/s11747-019-00696-0,0
doi:10.1016/j.indmarman.2022.08.007,517,0.000000,From mining to meaning: How B2B marketers can leverage text to inform strategy,2022,10.1016/j.indmarman.2022.08.007,Industrial Marketing Management,article,"Tsao, Hsiu‐Yuan; Campbell, Colin; Sands, Sean; Mavrommatis, Alexis",forward,openalex,doi:10.1016/j.bushor.2019.12.002,0
doi:10.1016/j.indmarman.2022.08.017,518,0.000000,"Marketing analytics capability, artificial intelligence adoption, and firms' competitive advantage: Evidence from the manufacturing industry",2022,10.1016/j.indmarman.2022.08.017,Industrial Marketing Management,article,"Hossain, Md Afnan; Agnihotri, Raj; Rushan, Md Rifayat Islam; Rahman, Muhammad Sabbir; Sumi, Sumaiya Farhana",forward,openalex,doi:10.1007/s11747-019-00696-0,0
doi:10.1016/j.indmarman.2022.10.013,519,0.000000,AI-activated value co-creation. An exploratory study of conversational agents,2022,10.1016/j.indmarman.2022.10.013,Industrial Marketing Management,article,"Kot, Mateusz; Leszczyński, Grzegorz",forward,openalex,doi:10.1007/s11747-019-00696-0|doi:10.1016/j.indmarman.2019.12.008|doi:10.1177/0008125619859317,0
doi:10.1016/j.indmarman.2022.10.016,520,0.000000,Applications of artificial intelligence in B2B marketing: Challenges and future directions,2022,10.1016/j.indmarman.2022.10.016,Industrial Marketing Management,article,"Moradi, Masoud; Dass, Mayukh",forward,openalex,doi:10.1007/s11747-019-00696-0|doi:10.1007/s11747-020-00749-9|doi:10.1016/j.chb.2020.106657,0
doi:10.1016/j.indmarman.2023.08.013,521,0.000000,Advancing algorithmic bias management capabilities in AI-driven marketing analytics research,2023,10.1016/j.indmarman.2023.08.013,Industrial Marketing Management,article,"Akter, Shahriar; Sultana, Saida; Mariani, Marcello M.; Wamba, Samuel Fosso; Spanaki, Konstantina; Dwivedi, Yogesh K.",forward,openalex,doi:10.1007/s11747-019-00696-0,0
doi:10.1016/j.indmarman.2023.09.007,522,0.000000,Collaboration with machines in B2B marketing: Overcoming managers' aversion to AI-CRM with explainability,2023,10.1016/j.indmarman.2023.09.007,Industrial Marketing Management,article,"Gaczek, Piotr; Leszczyński, Grzegorz; Mouakher, Amira",forward,openalex,doi:10.1007/s11747-020-00749-9,0
doi:10.1016/j.indmarman.2023.10.001,523,0.000000,Examining the dark force consequences of AI as a new actor in B2B relationships,2023,10.1016/j.indmarman.2023.10.001,Industrial Marketing Management,article,"Keegan, Brendan James; Iredale, Sophie; Naudé, Peter",forward,openalex,doi:10.1007/s11747-019-00696-0,0
doi:10.1016/j.indmarman.2023.10.015,524,0.000000,The impact of digital tools on sales-marketing interactions and perceptions,2023,10.1016/j.indmarman.2023.10.015,Industrial Marketing Management,article,"Biemans, Wim G.",backward,openalex,doi:10.58830/ozgur.pub610.c2592|doi:10.58830/ozgur.pub610.c2595,0
doi:10.1016/j.indmarman.2023.12.015,525,0.000000,Exploring how to develop data-driven innovation capability of marketing within B2B firms: Toward a capability model and process-oriented approach,2024,10.1016/j.indmarman.2023.12.015,Industrial Marketing Management,article,"Ravat, Ludivine; Hemonnet‐Goujot, Aurélie; Hollet-Haudebert, Sandrine",backward|forward,crossref|openalex,doi:10.1016/j.indmarman.2020.07.022|doi:10.4018/979-8-3693-3455-3.ch012,0
doi:10.1016/j.indmarman.2024.10.005,526,0.000000,Digital authenticity: Towards a research agenda for the AI-driven fifth phase of digitalization in business-to-business marketing,2024,10.1016/j.indmarman.2024.10.005,Industrial Marketing Management,article,"Pedersen, Carsten Lund; Ritter, Thomas",backward|forward,openalex,doi:10.1007/s11747-020-00749-9|doi:10.58830/ozgur.pub610.c2592|doi:10.58830/ozgur.pub610.c2595,0
doi:10.1016/j.indmarman.2024.10.012,527,0.000000,How marketing and sales use digital tools for innovation ideation,2024,10.1016/j.indmarman.2024.10.012,Industrial Marketing Management,article,"Biemans, Wim G.; Malshe, Avinash",backward,openalex,doi:10.58830/ozgur.pub610.c2592|doi:10.58830/ozgur.pub610.c2595,0
doi:10.1016/j.indmarman.2024.12.009,528,0.000000,Enhancing B2B sales through digital transformation: Insights into effective sales enablement,2024,10.1016/j.indmarman.2024.12.009,Industrial Marketing Management,article,"Mukhopadhyay, Sandip; Terho, Harri; Singh, Rakesh Kumar; Rangarajan, Deva",forward,openalex,doi:10.1016/j.indmarman.2019.12.008,0
doi:10.1016/j.indmarman.2025.03.009,529,0.000000,Navigating the AI wave for sales management: The mediating role of marketing agility,2025,10.1016/j.indmarman.2025.03.009,Industrial Marketing Management,article,"Iyer, Pramod; Nikolov, Atanas Nik; Sleep, Stefan; Eskridge, Brad; Moke, Dierto Matanda; Hutchins, Jennifer",forward,openalex,doi:10.1007/s11747-019-00696-0,0
doi:10.1016/j.indmarman.2025.11.007,530,0.000000,Inbound sales management: Exploring the substitutability of autonomous AI sales agents in advancing B2B relationships,2025,10.1016/j.indmarman.2025.11.007,Industrial Marketing Management,article,"Nelson, Christopher A.; Waschka, Lana; Hunter, Gary K.",forward,openalex,doi:10.1007/s11747-020-00749-9,0
doi:10.1016/j.indmarman.2026.02.002,531,0.000000,Do emergent technologies turbocharge adaptive selling behavior? A review and futuristic outlook,2026,10.1016/j.indmarman.2026.02.002,Industrial Marketing Management,article,"Moorthy, Janakiraman; Kamath, Renuka; ShabbirHusain, R.V.; Agnihotri, Raj",forward,openalex,doi:10.1007/s11747-020-00749-9,0
doi:10.1016/j.indmarman.2026.02.016,532,0.000000,On the difficulty of using algorithms to replace managers in decision making: A study of customer prioritization,2026,10.1016/j.indmarman.2026.02.016,Industrial Marketing Management,article,"Ahola, Samu; Luoma, Jukka",forward,openalex,doi:10.1016/j.indmarman.2020.07.022,0
doi:10.1016/j.intmar.2019.09.003,533,0.000000,The Use of Computer Vision to Analyze Brand-Related User Generated Image Content,2020,10.1016/j.intmar.2019.09.003,Journal of Interactive Marketing,article,"Nanne, Annemarie; Antheunis, Marjolijn L.; Lee, Chris G. van der; Postma, Eric; Wubben, Sander; Noort, Guda van",backward,crossref|openalex,doi:10.1080/1051712x.2021.1920702,0
doi:10.1016/j.intmar.2020.04.001,534,0.000000,Transforming the Customer Experience through New Technologies,2020,10.1016/j.intmar.2020.04.001,Journal of Interactive Marketing,article,"Hoyer, Wayne D.; Kroschke, Mirja; Schmitt, Bernd H.; Kraume, Karsten; Shankar, Venkatesh",backward,openalex,doi:10.58830/ozgur.pub610.c2595,0
doi:10.1016/j.intmar.2020.04.002,535,0.000000,Brave New World? On AI and the Management of Customer Relationships,2020,10.1016/j.intmar.2020.04.002,Journal of Interactive Marketing,article,"Libai, Barak; Bart, Yakov; Gensler, Sonja; Hofacker, Charles F.; Kaplan, Andreas; Kötterheinrich, Kim; Kroll, Eike B.",backward|forward,crossref|openalex,doi:10.1177/0008125619859317|doi:10.1177/18393349211037684,0
doi:10.1016/j.intmar.2020.04.003,536,0.000000,Digital Analytics: Modeling for Insights and New Methods <sup/>,2020,10.1016/j.intmar.2020.04.003,Journal of Interactive Marketing,article,"Gupta, Shaphali; Leszkiewicz, Agata; Kumar, Vikas; Bijmolt, Tammo H.A.; Potapov, Dmitriy",backward|forward,openalex,doi:10.1177/0008125619859317|doi:10.58830/ozgur.pub610.c2595,0
doi:10.1016/j.intmar.2020.04.007,537,0.000000,Artificial Intelligence and Marketing: Pitfalls and Opportunities,2020,10.1016/j.intmar.2020.04.007,Journal of Interactive Marketing,article,"Bruyn, Arnaud De; Viswanathan, Vijay; Beh, Yean Shan; Brock, Jürgen Kai‐Uwe; Wangenheim, Florian von",backward,crossref|openalex,doi:10.1080/10696679.2023.2166535|doi:10.1177/18393349211037684,0
doi:10.1016/j.ipm.2017.10.005,538,0.000000,Big Data-enabled Customer Relationship Management: A holistic approach,2018,10.1016/j.ipm.2017.10.005,Information Processing & Management,article,"Zerbino, Pierluigi; Aloini, Davide; Dulmin, Riccardo; Mininno, Valeria",backward,openalex,doi:10.58830/ozgur.pub610.c2595,0
doi:10.1016/j.ipm.2022.103085,539,0.000000,Efficient customer segmentation in digital marketing using deep learning with swarm intelligence approach,2022,10.1016/j.ipm.2022.103085,Information Processing & Management,article,"Wang, Chenguang",forward,openalex,doi:10.1007/s11747-020-00749-9,0
doi:10.1016/j.ipm.2022.103257,540,0.000000,Understanding AI-based customer service resistance: A perspective of defective AI features and tri-dimensional distrusting beliefs,2022,10.1016/j.ipm.2022.103257,Information Processing & Management,article,"Yang, Bo; Sun, Yongqiang; Shen, Xiao‐Liang",forward,openalex,doi:10.1007/s11747-020-00749-9,0
doi:10.1016/j.ipm.2025.104572,541,0.000000,How GenAI tools influence the purchase intention of green products through the mediating role of emotional connection: Evidence from China,2025,10.1016/j.ipm.2025.104572,Information Processing & Management,article,"Zheng, Xingpeng; Li, Jing; Yue, Xia; Li, Yingji",forward,openalex,doi:10.1007/s11747-019-00696-0,0
doi:10.1016/j.iswa.2023.200235,542,0.000000,AI-driven ensemble three machine learning to enhance digital marketing strategies in the food delivery business,2023,10.1016/j.iswa.2023.200235,Intelligent Systems with Applications,article,"Yaiprasert, Chairote; Hidayanto, Achmad Nizar",forward,openalex,doi:10.1177/18393349211037684,0
doi:10.1016/j.jbusres.2015.07.001,543,0.000000,Big Data consumer analytics and the transformation of marketing,2015,10.1016/j.jbusres.2015.07.001,Journal of Business Research,article,"Erevelles, Sunil; Fukawa, Nobuyuki; E.Swayne, Linda",backward,crossref|openalex,doi:10.1007/978-3-030-48230-5_7|doi:10.1080/10696679.2023.2166535|doi:10.1504/ijbdm.2019.10023294|doi:10.1504/ijbdm.2020.106876|doi:10.52970/grmilf.v3i1.398|doi:10.58830/ozgur.pub610.c2592|doi:10.58830/ozgur.pub610.c2595,0
doi:10.1016/j.jbusres.2018.10.004,544,0.000000,Chatbot e-service and customer satisfaction regarding luxury brands,2018,10.1016/j.jbusres.2018.10.004,Journal of Business Research,article,"Chung, Minjee; Ko, Eunju; Joung, Heerim; Kim, Sang Jin",backward,openalex,doi:10.1108/ijrdm-08-2020-0312,0
doi:10.1016/j.jbusres.2019.04.018,545,0.000000,Machine learning approach to auto-tagging online content for content marketing efficiency: A comparative analysis between methods and content type,2019,10.1016/j.jbusres.2019.04.018,Journal of Business Research,article,"Salminen, Joni; Yoganathan, Vignesh; Corporan, Juan; Jansen, Bernard J.; Jung, Soon-Gyo",backward,crossref|openalex,doi:10.1016/j.jik.2020.08.001,0
doi:10.1016/j.jbusres.2020.01.007,546,0.000000,Influence of new-age technologies on marketing: A research agenda,2020,10.1016/j.jbusres.2020.01.007,Journal of Business Research,article,"Kumar, V.; Ramachandran, Divya; Kumar, Binay",backward,crossref|openalex,doi:10.1080/10696679.2023.2166535|doi:10.58830/ozgur.pub610.c2592|doi:10.58830/ozgur.pub610.c2595,0
doi:10.1016/j.jbusres.2020.04.050,547,0.000000,Next frontiers of research in data driven marketing: Will techniques keep up with data tsunami?,2020,10.1016/j.jbusres.2020.04.050,Journal of Business Research,article,"Sheth, Jagdish N.; Kellstadt, Charles H.",backward,crossref|openalex,doi:10.1080/1051712x.2021.1920702|doi:10.4018/979-8-3693-3455-3.ch001,0
doi:10.1016/j.jbusres.2020.06.062,548,0.000000,Marketing in a data-driven digital world: Implications for the role and scope of marketing,2020,10.1016/j.jbusres.2020.06.062,Journal of Business Research,article,"Shah, Denish; Murthi, B. P. S.",backward,crossref|openalex,doi:10.1080/10696679.2023.2166535|doi:10.1142/s0219622025500981|doi:10.4018/979-8-3693-3455-3.ch001,0
doi:10.1016/j.jbusres.2020.10.044,549,0.000000,"Artificial intelligence in marketing: Topic modeling, scientometric analysis, and research agenda",2020,10.1016/j.jbusres.2020.10.044,Journal of Business Research,article,"Mustak, Mekhail; Salminen, Joni; Plé, Loïc; Wirtz, Jochen",forward,openalex,doi:10.1007/s11747-019-00696-0|doi:10.1177/0008125619859317,0
doi:10.1016/j.jbusres.2020.11.006,550,0.000000,Artificial intelligence and the new forms of interaction: Who has the control when interacting with a chatbot?,2020,10.1016/j.jbusres.2020.11.006,Journal of Business Research,article,"Pizzi, Gabriele; Scarpi, Daniele; Pantano, Eleonora",backward,crossref|openalex,doi:10.1080/0965254x.2022.2148269,0
doi:10.1016/j.jbusres.2021.01.055,551,0.000000,The evolving role of artificial intelligence in marketing: A review and research agenda,2021,10.1016/j.jbusres.2021.01.055,Journal of Business Research,article,"Vlačić, Božidar; Corbo, Leonardo; Silva, Susana Costa e; Dabić, Marina",forward,openalex,doi:10.1007/s11747-019-00696-0|doi:10.1016/j.indmarman.2019.12.008|doi:10.1177/0008125619859317,0
doi:10.1016/j.jbusres.2021.03.005,552,0.000000,How may I help you? Driving brand engagement through the warmth of an initial chatbot message,2021,10.1016/j.jbusres.2021.03.005,Journal of Business Research,article,"Kull, Alexander J.; Romero, Marisabel; Monahan, Lisa",forward,openalex,doi:10.1016/j.bushor.2019.12.002|doi:10.1177/0008125619859317,0
doi:10.1016/j.jbusres.2021.11.070,553,0.000000,Cognitive computing based ethical principles for improving organisational reputation: A B2B digital marketing perspective,2021,10.1016/j.jbusres.2021.11.070,Journal of Business Research,article,"Behera, Rajat Kumar; Bala, Pradip Kumar; Rana, Nripendra P.; Kizgin, Hatice",forward,openalex,doi:10.1016/j.bushor.2019.12.002,0
doi:10.1016/j.jbusres.2022.01.012,554,0.000000,Engaging the Avatar: The effects of authenticity signals during chat-based service recoveries,2022,10.1016/j.jbusres.2022.01.012,Journal of Business Research,article,"Jones, Carol L.; Hancock, Tyler; Kazandjian, Brett; Voorhees, Clay M.",backward,crossref|openalex,doi:10.1080/23311975.2024.2427428,0
doi:10.1016/j.jbusres.2022.01.052,555,0.000000,Achieving the promise of AI and ML in delivering economic and relational customer value in B2B,2022,10.1016/j.jbusres.2022.01.052,Journal of Business Research,article,"Latinovic, Zoran; Chatterjee, Sharmila",forward,openalex,doi:10.1007/s11747-019-00696-0|doi:10.1177/0008125619859317,0
doi:10.1016/j.jbusres.2022.01.083,556,0.000000,Algorithmic bias in machine learning-based marketing models,2022,10.1016/j.jbusres.2022.01.083,Journal of Business Research,article,"Akter, Shahriar; Dwivedi, Yogesh K.; Sajib, Shahriar; Biswas, Kumar; Bandara, Ruwan; Michael, Katina",forward,openalex,doi:10.1007/s11747-019-00696-0,0
doi:10.1016/j.jbusres.2022.02.049,557,0.000000,"Machine learning in marketing: A literature review, conceptual framework, and research agenda",2022,10.1016/j.jbusres.2022.02.049,Journal of Business Research,article,"Ngai, Eric W.T.; Wu, Yuanyuan",forward,openalex,doi:10.1007/s11747-019-00696-0|doi:10.1007/s11747-020-00749-9|doi:10.1016/j.compeleceng.2020.106723,0
doi:10.1016/j.jbusres.2022.03.026,558,0.000000,Agile logic for SaaS implementation: Capitalizing on marketing automation software in a start-up,2022,10.1016/j.jbusres.2022.03.026,Journal of Business Research,article,"Mero, Joel; Leinonen, Miira; Makkonen, Hannu; Karjaluoto, Heikki",backward|forward,crossref|openalex,doi:10.1007/978-981-97-3698-0_18|doi:10.1016/j.indmarman.2019.12.008|doi:10.1142/s0219622024500081|doi:10.1142/s0219622025500981,0
doi:10.1016/j.jbusres.2022.03.028,559,0.000000,Let me transfer you to our AI-based manager: Impact of manager-level job titles assigned to AI-based agents on marketing outcomes,2022,10.1016/j.jbusres.2022.03.028,Journal of Business Research,article,"Jeon, Yongwoog Andrew",forward,openalex,doi:10.1007/s11747-019-00696-0|doi:10.1007/s11747-020-00749-9,0
doi:10.1016/j.jbusres.2022.03.047,560,0.000000,"The brand, the persona and the algorithm: How datafication is reconfiguring marketing work☆",2022,10.1016/j.jbusres.2022.03.047,Journal of Business Research,article,"Aimé, Isabelle; Berger‐Remy, Fabienne; Laporte, Marie-Ève",forward,openalex,doi:10.1007/s11747-019-00696-0,0
doi:10.1016/j.jbusres.2022.04.007,561,0.000000,"Artificial Intelligence and Machine Learning: Exploring drivers, barriers, and future developments in marketing management",2022,10.1016/j.jbusres.2022.04.007,Journal of Business Research,article,"Volkmar, Gioia V.; Fischer, Peter Mathias; Reinecke, Sven",forward,openalex,doi:10.1007/s11747-019-00696-0|doi:10.1007/s11747-020-00749-9,0
doi:10.1016/j.jbusres.2022.04.065,562,0.000000,The effectiveness of AI salesperson vs. human salesperson across the buyer-seller relationship stages,2022,10.1016/j.jbusres.2022.04.065,Journal of Business Research,article,"Chang, Woojung",forward,openalex,doi:10.1007/s11747-019-00696-0,0
doi:10.1016/j.jbusres.2022.06.033,563,0.000000,AI and digitalization in relationship management: Impact of adopting AI-embedded CRM system,2022,10.1016/j.jbusres.2022.06.033,Journal of Business Research,article,"Chatterjee, Sheshadri; Chaudhuri, Ranjan; Vrontis, Demetris",backward|forward,openalex,doi:10.1007/s11747-019-00696-0|doi:10.1016/j.indmarman.2020.07.022|doi:10.58830/ozgur.pub610.c2592|doi:10.58830/ozgur.pub610.c2595,0
doi:10.1016/j.jbusres.2022.06.044,564,0.000000,AI is better when I'm sure: The influence of certainty of needs on consumers' acceptance of AI chatbots,2022,10.1016/j.jbusres.2022.06.044,Journal of Business Research,article,"Zhu, Yimin; Zhang, Jiemin; Wu, Jifei; Liu, Yingyue",forward,openalex,doi:10.1108/ijrdm-08-2020-0312,0
doi:10.1016/j.jbusres.2022.07.045,565,0.000000,Privacy controls as an information source to reduce data poisoning in artificial intelligence-powered personalization,2022,10.1016/j.jbusres.2022.07.045,Journal of Business Research,article,"Cloarec, Julien",backward,crossref|openalex,doi:10.4018/979-8-3693-3455-3.ch001,0
doi:10.1016/j.jbusres.2022.08.035,566,0.000000,“How mAy I help you today?” The use of AI chatbots in small family businesses and the moderating role of customer affective commitment,2022,10.1016/j.jbusres.2022.08.035,Journal of Business Research,article,"Rizomyliotis, Ioannis; Kastanakis, Minas N.; Giovanis, Apostolos; Κonstantoulaki, Kleopatra; Kostopoulos, Ioannis",forward,openalex,doi:10.1007/s11747-019-00696-0,0
doi:10.1016/j.jbusres.2022.113471,567,0.000000,"Removing silos to enable data-driven decisions: The importance of marketing and IT knowledge, cooperation, and information quality",2022,10.1016/j.jbusres.2022.113471,Journal of Business Research,article,"Sleep, Stefan; Gala, Prachi; Harrison, Dana E.",forward,openalex,doi:10.1016/j.jik.2020.08.001,0
doi:10.1016/j.jbusres.2022.113485,568,0.000000,"AI-Enabled marketing capabilities and the hierarchy of capabilities: Conceptualization, proposition development, and research avenues",2023,10.1016/j.jbusres.2022.113485,Journal of Business Research,article,"Manis, Kerry T.; Madhavaram, Sreedhar",forward,openalex,doi:10.1007/s11747-019-00696-0|doi:10.1007/s11747-020-00749-9|doi:10.1080/00913367.2019.1654421,0
doi:10.1016/j.jbusres.2023.113872,569,0.000000,The making of marketing decisions in modern marketing environments,2023,10.1016/j.jbusres.2023.113872,Journal of Business Research,article,"Nordin, Fredrik; Ravald, Annika",forward,openalex,doi:10.1007/s11747-020-00749-9,0
doi:10.1016/j.jbusres.2023.113952,570,0.000000,"Business-to-business digitalization, artificial intelligence, and social action",2023,10.1016/j.jbusres.2023.113952,Journal of Business Research,article,"Johnston, Wesley J.; Cortez, Roberto Mora",forward,openalex,doi:10.1007/s11747-019-00696-0,0
doi:10.1016/j.jbusres.2023.113998,571,0.000000,Artificial intelligence (AI) competencies for organizational performance: A B2B marketing capabilities perspective,2023,10.1016/j.jbusres.2023.113998,Journal of Business Research,article,"Mikalef, Patrick; Islam, A.K.M. Najmul; Parida, Vinit; Singh, Harkamaljit; Altwaijry, Νajwa",forward,openalex,doi:10.1016/j.indmarman.2020.07.022,0
doi:10.1016/j.jbusres.2023.114070,572,0.000000,Does personalized advertising have their best interests at heart? A quantitative study of narcissists’ SNS use among Generation Z consumers,2023,10.1016/j.jbusres.2023.114070,Journal of Business Research,article,"Wang, Zi; Yuan, Ruizhi; Luo, Jun; Liu, Martin J.; Yannopoulou, Natalia",forward,openalex,doi:10.1007/s11747-020-00749-9|doi:10.1080/00913367.2019.1654421,0
doi:10.1016/j.jbusres.2023.114124,573,0.000000,AI advertising: An overview and guidelines,2023,10.1016/j.jbusres.2023.114124,Journal of Business Research,article,"Ford, John B.; Jain, Varsha; Wadhwani, Ketan; Gupta, Damini Goyal",backward|forward,crossref|openalex,doi:10.1016/j.ausmj.2020.04.002|doi:10.1016/j.chb.2020.106657|doi:10.1080/00913367.2019.1654421|doi:10.1080/00913367.2020.1795954|doi:10.1080/00913367.2022.2111728|doi:10.1080/0965254x.2022.2148269|doi:10.3390/jtaer21060179,0
doi:10.1016/j.jbusres.2023.114234,574,0.000000,Reconfiguring human-machine relations in the automation age: An actor-network analysis on automation’s takeover of the advertising media planning industry,2023,10.1016/j.jbusres.2023.114234,Journal of Business Research,article,"Wu, Shangyuan; Wong, Pei Wen; Tandoc, Edson C.; Salmon, Charles T.",forward,openalex,doi:10.1080/00913367.2019.1654421,0
doi:10.1016/j.jbusres.2023.114237,575,0.000000,Transferring in-store experience to online: An omnichannel strategy for DIY customers’ enhanced brand resonance and co-creative actions,2023,10.1016/j.jbusres.2023.114237,Journal of Business Research,article,"Suh, Taewon; Moradi, Masoud",backward,crossref|openalex,doi:10.4018/979-8-3693-3455-3.ch012,0
doi:10.1016/j.jbusres.2023.114254,576,0.000000,Machine learning in marketing: Recent progress and future research directions,2023,10.1016/j.jbusres.2023.114254,Journal of Business Research,article,"Herhausen, Dennis; Bernritter, Stefan F.; Ngai, Eric W.T.; Kumar, Ajay; Delen, Dursun",forward,openalex,doi:10.1007/s11747-019-00696-0|doi:10.1007/s11747-020-00749-9|doi:10.1016/j.indmarman.2020.07.022,0
doi:10.1016/j.jbusres.2024.114566,577,0.000000,Empathic voice assistants: Enhancing consumer responses in voice commerce,2024,10.1016/j.jbusres.2024.114566,Journal of Business Research,article,"Mari, Alex; Mandelli, Andreina; Algesheimer, René",forward,openalex,doi:10.1007/s11747-019-00696-0,0
doi:10.1016/j.jbusres.2024.114641,578,0.000000,Personalized touchpoints and customer experience: A conceptual synthesis,2024,10.1016/j.jbusres.2024.114641,Journal of Business Research,article,"Weidig, Jakob; Weippert, Marco; Kuehnl, Christina",forward,openalex,doi:10.1177/0008125619859317,0
doi:10.1016/j.jbusres.2024.114720,579,0.000000,Artificial intelligence and consumer behavior: From predictive to generative AI,2024,10.1016/j.jbusres.2024.114720,Journal of Business Research,article,"Hermann, Erik; Puntoni, Stefano",backward|forward,crossref|openalex,doi:10.1007/s11747-019-00696-0|doi:10.1007/s11747-020-00749-9|doi:10.1155/hbe2/6675139,0
doi:10.1016/j.jbusres.2024.114737,580,0.000000,Enhancing trust in online grocery shopping through generative AI chatbots,2024,10.1016/j.jbusres.2024.114737,Journal of Business Research,article,"Chakraborty, Debarun; Kar, Arpan Kumar; Patre, Smruti; Gupta, Shivam",forward,openalex,doi:10.1108/ijrdm-08-2020-0312,0
doi:10.1016/j.jbusres.2024.114801,581,0.000000,‘Smart’ Choice? Evaluating AI-Based mobile decision bots for in-store decision-making,2024,10.1016/j.jbusres.2024.114801,Journal of Business Research,article,"Chattaraman, Veena; Kwon, Wi‐Suk; Ross, Kassandra; Sung, Jihyun; Alikhademi, Kiana; Richardson, Brianna; Gilbert, Juan E.",forward,openalex,doi:10.1108/ijrdm-08-2020-0312,0
doi:10.1016/j.jbusres.2024.115074,582,0.000000,Empathic chatbots: A double-edged sword in customer experiences,2024,10.1016/j.jbusres.2024.115074,Journal of Business Research,article,"Juquelier, Antoine; Poncin, Ingrid; Hazée, Simon",forward,openalex,doi:10.1007/s11747-019-00696-0,0
doi:10.1016/j.jbusres.2024.115077,583,0.000000,Machines vs. humans: The evolving role of artificial intelligence in livestreaming e-commerce,2024,10.1016/j.jbusres.2024.115077,Journal of Business Research,article,"Yuan, Haixia; Lü, Kevin; Fang, Wenting",forward,openalex,doi:10.1007/s11747-020-00749-9,0
doi:10.1016/j.jbusres.2024.115160,584,0.000000,Generative artificial intelligence (GenAI) revolution: A deep dive into GenAI adoption,2025,10.1016/j.jbusres.2024.115160,Journal of Business Research,article,"Kumar, Aman; Shankar, Amit; Hollebeek, Linda D.; Behl, Abhishek; Lim, Weng Marc",forward,openalex,doi:10.1016/j.indmarman.2019.12.008,0
doi:10.1016/j.jbusres.2025.115198,585,0.000000,Managing change when integrating artificial intelligence (AI) into the retail value chain: The AI implementation compass,2025,10.1016/j.jbusres.2025.115198,Journal of Business Research,article,"Robertson, Jeandri; Botha, Elsamari; Oosthuizen, Kim; Montecchi, Matteo",forward,openalex,doi:10.1016/j.bushor.2019.12.002,0
doi:10.1016/j.jbusres.2025.115276,586,0.000000,Using generative artificial intelligence (GenAI) in marketing: Development and practices,2025,10.1016/j.jbusres.2025.115276,Journal of Business Research,article,"Chan, Hau‐Ling; Choi, Tsan‐Ming",forward,openalex,doi:10.1177/0008125619859317,0
doi:10.1016/j.jbusres.2025.115309,587,0.000000,AI-capable relationship marketing: Shaping the future of customer relationships,2025,10.1016/j.jbusres.2025.115309,Journal of Business Research,article,"Roy, Sanjit Kumar; Tehrani, Ali N.; Pandit, Ameet; Apostolidis, Chrysostomos; Ray, Subhasis",forward,openalex,doi:10.1007/s11747-020-00749-9|doi:10.1177/18393349211037684,0
doi:10.1016/j.jbusres.2025.115349,588,0.000000,Life event-based marketing using AI,2025,10.1016/j.jbusres.2025.115349,Journal of Business Research,article,"Caigny, Arno De; Coussement, Kristof; Hoornaert, Steven; Meire, Matthijs",forward,openalex,doi:10.1007/s11747-019-00696-0,0
doi:10.1016/j.jbusres.2025.115381,589,0.000000,Affiliative or self-defeating? Exploring the effect of humor types on customer forgiveness in the context of AI agents’ service failure,2025,10.1016/j.jbusres.2025.115381,Journal of Business Research,article,"Xie, Yuguang; Zhou, Peiyu; Liang, Changyong; Zhao, Shuping; Lu, Wenxing",forward,openalex,doi:10.1108/ijrdm-08-2020-0312,0
doi:10.1016/j.jbusres.2025.115383,590,0.000000,Artificial intelligence in sales research: Identifying emergent themes and looking forward,2025,10.1016/j.jbusres.2025.115383,Journal of Business Research,article,"Jarotschkin, Viktor; Soykoth, Mostofa Wahid; Chaker, Nawar N.",forward,openalex,doi:10.1007/s11747-019-00696-0,0
doi:10.1016/j.jbusres.2025.115396,591,0.000000,Fully leveraging AI in B2B sales: Exploring sales managers’ capabilities and organizational knowledge processes,2025,10.1016/j.jbusres.2025.115396,Journal of Business Research,article,"Hautamäki, Pia; Heikinheimo, Minna",forward,openalex,doi:10.1007/s11747-019-00696-0,0
doi:10.1016/j.jbusres.2025.115531,592,0.000000,Artificial intelligence in customer relationship management: A systematic framework for a successful integration,2025,10.1016/j.jbusres.2025.115531,Journal of Business Research,article,"Ledro, Cristina; Nosella, Anna; Vinelli, Andrea; Pozza, Ilaria Dalla; Souverain, Thomas",forward,openalex,doi:10.1007/s11747-019-00696-0|doi:10.1007/s11747-020-00749-9|doi:10.1016/j.bushor.2019.12.002|doi:10.1177/18393349211037684,0
doi:10.1016/j.jbusres.2025.115534,593,0.000000,The personal paradox matrix: understanding and mitigating customer tensions in phygital marketing,2025,10.1016/j.jbusres.2025.115534,Journal of Business Research,article,"Gamage, Thilini Chathurika; Tajeddini, Kayhan; Liyanaarachchi, Gajendra; Gnanapala, Athula",forward,openalex,doi:10.1016/j.techfore.2023.122342,0
doi:10.1016/j.jbusres.2025.115681,594,0.000000,From static to conversational: The role of landing pages and chatbots in B2B lead generation,2025,10.1016/j.jbusres.2025.115681,Journal of Business Research,article,"Isabella, Giuliana; Almeida, Marcos Inácio Severo de; Duran, Fábio Melo; Gabler, Colin B.",forward,openalex,doi:10.1007/s11747-020-00749-9,0
doi:10.1016/j.jbusres.2025.115799,595,0.000000,"AI agents, agentic AI, and the future of sales",2025,10.1016/j.jbusres.2025.115799,Journal of Business Research,article,"Gonzalez, Gabriel R.; Habel, Johannes; Hunter, Gary K.",forward,openalex,doi:10.1007/s11747-019-00696-0|doi:10.1007/s11747-020-00749-9,0
doi:10.1016/j.jbusres.2026.116172,596,0.000000,A meta-analysis of the effects of AI agent implementation on customer-level outcomes,2026,10.1016/j.jbusres.2026.116172,Journal of Business Research,review,"Raja, Sri Vishnu Srinivasa; Orazi, Davide C.; Cheng, Yimin; Belli, Alex",forward,openalex,doi:10.1007/s11747-020-00749-9,0
doi:10.1016/j.jbusres.2026.116182,597,0.000000,Generative AI and customer engagement with the retailer: Does product type matter?,2026,10.1016/j.jbusres.2026.116182,Journal of Business Research,article,"Anggraini, Lina; Demoulin, Nathalie T.M.; Kerviler, Gwarlann De",forward,openalex,doi:10.1108/ijrdm-08-2020-0312,0
doi:10.1016/j.jbusres.2026.116245,598,0.000000,How Consumers Respond to AI- versus Human-Generated Review Summaries: The Moderating Role of Verbal versus Numerical Probability Expressions,2026,10.1016/j.jbusres.2026.116245,Journal of Business Research,article,"Chai, Shaowei; Chang, Yaping; Wang, Han",forward,openalex,doi:10.1108/ijrdm-08-2020-0312,0
doi:10.1016/j.jbusres.2026.116354,599,0.000000,Is that your best effort? How AI-use disclosure in digital advertising affects perceived effort and engagement,2026,10.1016/j.jbusres.2026.116354,Journal of Business Research,article,"Patil, Ripinka Koli; Rice, Dan Hamilton",forward,openalex,doi:10.1007/s11747-020-00749-9|doi:10.1016/j.ausmj.2020.04.002,0
doi:10.1016/j.jclepro.2026.148293,600,0.000000,Communicating cleaner production: When AI or human creativity enables more effective green advertising,2026,10.1016/j.jclepro.2026.148293,Journal of Cleaner Production,article,"Hu, Yingfei; Frank, Björn",forward,openalex,doi:10.1007/s11747-019-00696-0|doi:10.1007/s11747-020-00749-9,0
doi:10.1016/j.jik.2020.08.001,601,0.000000,"Using Data Sciences in Digital Marketing: Framework, methods, and performance metrics",2020,10.1016/j.jik.2020.08.001,Journal of Innovation & Knowledge,article,"Saura, José Ramón",backward,crossref|openalex,doi:10.4018/979-8-3693-3455-3.ch001|doi:10.4018/ijdst.307953|doi:10.58830/ozgur.pub610.c2592|doi:10.58830/ozgur.pub610.c2595,0
doi:10.1016/j.jik.2022.100211,602,0.000000,Overcoming customer innovation resistance to the sustainable adoption of chatbot services: A community-enterprise perspective in Thailand,2022,10.1016/j.jik.2022.100211,Journal of Innovation & Knowledge,article,"Kwangsawad, Achaporn; Jattamart, Aungkana",forward,openalex,doi:10.1108/ijrdm-08-2020-0312,0
doi:10.1016/j.jik.2024.100597,603,0.000000,Is AI-based digital marketing ethical? Assessing a new data privacy paradox,2024,10.1016/j.jik.2024.100597,Journal of Innovation & Knowledge,article,"Saura, José Ramón; Škare, Vatroslav; Došen, Đurđana Ozretić",backward|forward,crossref|openalex,doi:10.1007/s11747-019-00696-0|doi:10.1016/j.bushor.2019.12.002|doi:10.1016/j.jik.2020.08.001|doi:10.1108/wjemsd-08-2020-0099|doi:10.1177/18393349211037684|doi:10.3390/jtaer21060179,0
doi:10.1016/j.jik.2025.100731,604,0.000000,Unlocking the power of AI in CRM: A comprehensive multidimensional exploration,2025,10.1016/j.jik.2025.100731,Journal of Innovation & Knowledge,article,"Alnofeli, Khadija Khamis; Akter, Shahriar; Yanamandram, Venkata",forward,openalex,doi:10.1007/s12599-015-0370-8|doi:10.1016/j.bushor.2019.12.002|doi:10.1016/j.indmarman.2019.12.008,0
doi:10.1016/j.jik.2025.100853,605,0.000000,Integrating artificial intelligence with market research: A dual approach to boosting brand value,2025,10.1016/j.jik.2025.100853,Journal of Innovation & Knowledge,article,"Škare, Marinko; Sinković, Dean; Kowalska, Magdalena; Szwajlik, Anna",forward,openalex,doi:10.1007/s11747-019-00696-0|doi:10.1007/s11747-020-00749-9,0
doi:10.1016/j.jjimei.2020.100002,606,0.000000,Artificial intelligence in marketing: Systematic review and future research direction,2021,10.1016/j.jjimei.2020.100002,International Journal of Information Management Data Insights,review,"Verma, Sanjeev; Sharma, Rohit; Deb, Subhamay; Maitra, Debojit",backward|forward,openalex,doi:10.1007/s11747-019-00696-0|doi:10.1007/s11747-020-00749-9|doi:10.1177/0008125619859317|doi:10.58830/ozgur.pub610.c2592|doi:10.58830/ozgur.pub610.c2595,0
doi:10.1016/j.jjimei.2023.100203,607,0.000000,How has data-driven marketing evolved: Challenges and opportunities with emerging technologies,2023,10.1016/j.jjimei.2023.100203,International Journal of Information Management Data Insights,article,"Rosário, Albérico Travassos; Dias, Joana Carmo",backward|forward,crossref|openalex,doi:10.1016/j.jik.2020.08.001|doi:10.4018/979-8-3693-3455-3.ch001|doi:10.4018/979-8-3693-3455-3.ch012,0
doi:10.1016/j.jjimei.2023.100205,608,0.000000,How does AI drive branding? Towards an integrated theoretical framework for AI-driven branding,2023,10.1016/j.jjimei.2023.100205,International Journal of Information Management Data Insights,article,"Deryl, Maria DSouza; Verma, Sanjeev; Srivastava, Vartika",forward,openalex,doi:10.1007/s11747-019-00696-0|doi:10.1007/s11747-020-00749-9,0
doi:10.1016/j.jjimei.2024.100232,609,0.000000,Adoption and impacts of generative artificial intelligence: Theoretical underpinnings and research agenda,2024,10.1016/j.jjimei.2024.100232,International Journal of Information Management Data Insights,article,"Gupta, Ruchi; Nair, Kiran; Mishra, Mahima; Ibrahim, Blend; Bhardwaj, Seema",forward,openalex,doi:10.1177/0008125619859317,0
doi:10.1016/j.jjimei.2024.100257,610,0.000000,Evaluating omni channel retailing in the emergence of industry 5.0: A perspective of South Asian generation Z,2024,10.1016/j.jjimei.2024.100257,International Journal of Information Management Data Insights,article,"Choubey, Vardhan; Gautam, Ayush",forward,openalex,doi:10.1007/s11747-020-00749-9,0
doi:10.1016/j.jjimei.2025.100339,611,0.000000,Do chatbots support consumer performance? Investigating the role of E-lifestyle and anthropomorphism in the service industry,2025,10.1016/j.jjimei.2025.100339,International Journal of Information Management Data Insights,article,"Dewanti, Retno; Ikhsan, Ridho Bramulya",forward,openalex,doi:10.1108/ijrdm-08-2020-0312,0
doi:10.1016/j.joitmc.2023.100151,612,0.000000,Integration of AI in CRM: Challenges and guidelines,2023,10.1016/j.joitmc.2023.100151,Journal of Open Innovation Technology Market and Complexity,article,"Ledro, Cristina; Nosella, Anna; Pozza, Ilaria Dalla",backward|forward,openalex,doi:10.1007/s11747-020-00749-9|doi:10.1177/18393349211037684|doi:10.58830/ozgur.pub610.c2595,0
doi:10.1016/j.joitmc.2025.100519,613,0.000000,Unveiling barriers and drivers of AI adoption for digital marketing in Malaysian SMEs,2025,10.1016/j.joitmc.2025.100519,Journal of Open Innovation Technology Market and Complexity,article,"Enshassi, Mohammed; Nathan, Robert Jeyakumar; Soekmawati, Soekmawati; Ismail, Hishamuddin",forward,openalex,doi:10.1108/wjemsd-08-2020-0099|doi:10.1177/0008125619859317,0
doi:10.1016/j.joitmc.2025.100591,614,0.000000,When AI meets influencers: Role of AI-powered instagram influencers driving consumers’ purchase intentions: An integration of SMIV &amp; SOR framework,2025,10.1016/j.joitmc.2025.100591,Journal of Open Innovation Technology Market and Complexity,article,"Dhiman, Rohit; Bhati, Narender Singh",forward,openalex,doi:10.1177/0008125619859317,0
doi:10.1016/j.joitmc.2025.100629,615,0.000000,"The AI paradox in marketing: Fascination, resistance, and reinvention",2025,10.1016/j.joitmc.2025.100629,Journal of Open Innovation Technology Market and Complexity,article,"Moosa, Hayem A. Al; Sobaih, Abu Elnasr E.; Zaiem, Imed; Alzahrani, Thamer; Zouari, Eya Atallah; Alshebami, Ali Saleh; Edrees, Hussein N. E.; Al-Qutaish, Amer A. N.",forward,openalex,doi:10.1177/0008125619859317,0
doi:10.1016/j.joitmc.2026.100818,616,0.000000,Understanding impulse buying through consumers’ perceptions of AI-Driven personalized advertising: An integrated S-O-R and ELM perspective,2026,10.1016/j.joitmc.2026.100818,Journal of Open Innovation Technology Market and Complexity,article,"Alam, Sunjida; Babu, Md. Asaduzzaman; Islam, Md. Farijul",forward,openalex,doi:10.1007/s11747-019-00696-0|doi:10.1007/s11747-020-00749-9,0
doi:10.1016/j.jretai.2016.12.008,617,0.000000,The Future of Retailing,2017,10.1016/j.jretai.2016.12.008,Journal of Retailing,article,"Grewal, Dhruv; Roggeveen, Anne L.; Nordfält, Jens",backward,openalex,doi:10.6092/issn.2611-0563/13120,0
doi:10.1016/j.jretai.2021.01.005,618,0.000000,How artificial intelligence will affect the future of retailing,2021,10.1016/j.jretai.2021.01.005,Journal of Retailing,article,"Guha, Abhijit; Grewal, Dhruv; Kopalle, Praveen K.; Haenlein, Michael; Schneider, Matthew J.; Jung, Hyunseok; Moustafa, Rida; Hegde, Dinesh R.; Hawkins, Gary",forward,openalex,doi:10.1007/s11747-019-00696-0,0
doi:10.1016/j.jretai.2021.03.001,619,0.000000,A Framework for Collaborative Artificial Intelligence in Marketing,2021,10.1016/j.jretai.2021.03.001,Journal of Retailing,article,"Huang, Ming‐Hui; Rust, Roland T.",forward,openalex,doi:10.1007/s11747-019-00696-0|doi:10.1007/s11747-020-00749-9,0
doi:10.1016/j.jretai.2023.10.002,620,0.000000,Leveraging In-Store Technology and AI: Increasing Customer and Employee Efficiency and Enhancing their Experiences,2023,10.1016/j.jretai.2023.10.002,Journal of Retailing,article,"Grewal, Dhruv; Benoit, Sabine; Noble, Stephanie; Guha, Abhijit; Ahlbom, Carl-Philip; Nordfält, Jens",forward,openalex,doi:10.1007/s11747-019-00696-0,0
doi:10.1016/j.jretai.2023.10.004,621,0.000000,More than Machines: The Role of the Future Retail Salesperson in Enhancing the Customer Experience,2023,10.1016/j.jretai.2023.10.004,Journal of Retailing,article,"Pappas, Alec; Fumagalli, Elena; Rouziou, Maria; Bolander, Willy",backward,openalex,doi:10.58830/ozgur.pub610.c2592|doi:10.58830/ozgur.pub610.c2595,0
doi:10.1016/j.jretai.2025.01.002,622,0.000000,Phygital products: Effects and boundaries of metaverse-first retail strategies,2025,10.1016/j.jretai.2025.01.002,Journal of Retailing,article,"Orazi, Davide C.; Nyilasy, Gergely",backward,crossref|openalex,doi:10.1155/hbe2/6675139,0
doi:10.1016/j.jretconser.2016.08.006,623,0.000000,"I virtually try it … I want it ! Virtual Fitting Room: A tool to increase on-line and off-line exploratory behavior, patronage and purchase intentions",2016,10.1016/j.jretconser.2016.08.006,Journal of Retailing and Consumer Services,article,"Beck, Marie; Crié, Dominique",backward,openalex,doi:10.6092/issn.2611-0563/13120,0
doi:10.1016/j.jretconser.2019.03.004,624,0.000000,Augmented reality marketing: How mobile AR-apps can improve brands through inspiration,2019,10.1016/j.jretconser.2019.03.004,Journal of Retailing and Consumer Services,article,"Rauschnabel, Philipp A.; Felix, Reto; Hinsch, Chris",backward,openalex,doi:10.6092/issn.2611-0563/13120,0
doi:10.1016/j.jretconser.2020.102096,625,0.000000,Forecasting artificial intelligence on online customer assistance: Evidence from chatbot patents analysis,2020,10.1016/j.jretconser.2020.102096,Journal of Retailing and Consumer Services,article,"Pantano, Eleonora; Pizzi, Gabriele",forward,openalex,doi:10.1007/s11747-019-00696-0,0
doi:10.1016/j.jretconser.2020.102338,626,0.000000,Change in technology-enabled omnichannel customer experiences in-store,2020,10.1016/j.jretconser.2020.102338,Journal of Retailing and Consumer Services,article,"Alexander, Bethan; Kent, Anthony",backward,openalex,doi:10.6092/issn.2611-0563/13120,0
doi:10.1016/j.jretconser.2021.102490,627,0.000000,The convenience of shopping via voice AI: Introducing AIDM,2021,10.1016/j.jretconser.2021.102490,Journal of Retailing and Consumer Services,article,"Klaus, Philipp; Zaichkowsky, Judith Lynne",forward,openalex,doi:10.1016/j.bushor.2019.12.002,0
doi:10.1016/j.jretconser.2021.102718,628,0.000000,Exploring the impact of chatbots on consumer sentiment and expectations in retail,2021,10.1016/j.jretconser.2021.102718,Journal of Retailing and Consumer Services,article,"Tran‐Duy, An; Pallant, Jason; Johnson, Lester W.",forward,openalex,doi:10.1016/j.ausmj.2020.04.002|doi:10.1108/ijrdm-08-2020-0312,0
doi:10.1016/j.jretconser.2021.102735,629,0.000000,AI-chatbots on the services frontline addressing the challenges and opportunities of agency,2021,10.1016/j.jretconser.2021.102735,Journal of Retailing and Consumer Services,article,"Chong, Terrence; Yu, Ting; Keeling, Debbie; Ruyter, Ko de",forward,openalex,doi:10.1007/s11747-019-00696-0,0
doi:10.1016/j.jretconser.2021.102755,630,0.000000,The social significance of AI in retail on customer experience and shopping practices,2021,10.1016/j.jretconser.2021.102755,Journal of Retailing and Consumer Services,article,"Moore, Simon; Bulmer, Sandy; Elms, Jonathan",backward|forward,crossref|openalex,doi:10.1007/s11747-019-00696-0|doi:10.1155/hbe2/6675139,0
doi:10.1016/j.jretconser.2022.103001,631,0.000000,Exploring phygital omnichannel luxury retailing for immersive customer experience: The role of rapport and social engagement,2022,10.1016/j.jretconser.2022.103001,Journal of Retailing and Consumer Services,article,"Pangarkar, Aniruddha; Arora, Vibha; Shukla, Yupal",backward,crossref|openalex,doi:10.1155/hbe2/6675139,0
doi:10.1016/j.jretconser.2022.103209,632,0.000000,Chatbots in e-commerce: The effect of chatbot language style on customers’ continuance usage intention and attitude toward brand,2022,10.1016/j.jretconser.2022.103209,Journal of Retailing and Consumer Services,article,"Li, Meichan; Wang, Rui",forward,openalex,doi:10.1108/ijrdm-08-2020-0312,0
doi:10.1016/j.jretconser.2022.103211,633,0.000000,Understanding the user satisfaction and loyalty of customer service chatbots,2022,10.1016/j.jretconser.2022.103211,Journal of Retailing and Consumer Services,article,"Hsu, Chin‐Lung; Lin, Judy Chuan‐Chuan",forward,openalex,doi:10.1108/ijrdm-08-2020-0312,0
doi:10.1016/j.jretconser.2023.103264,634,0.000000,Chatbots or me? Consumers’ switching between human agents and conversational agents,2023,10.1016/j.jretconser.2023.103264,Journal of Retailing and Consumer Services,article,"Li, Chia‐Ying; Zhang, Jin‐Ting",forward,openalex,doi:10.1007/s11747-019-00696-0|doi:10.1016/j.bushor.2019.12.002,0
doi:10.1016/j.jretconser.2023.103273,635,0.000000,The new wave of AI-powered luxury brands online shopping experience: The role of digital multisensory cues and customers’ engagement,2023,10.1016/j.jretconser.2023.103273,Journal of Retailing and Consumer Services,article,"Rahman, Muhammad Sabbir; Bag, Surajit; Hossain, Md Afnan; Fattah, Fadi Abdel Muniem Abdel; Gani, Mohammad Osman; Rana, Nripendra P.",forward,openalex,doi:10.1007/s11747-020-00749-9|doi:10.1016/j.bushor.2019.12.002|doi:10.1177/0008125619859317,0
doi:10.1016/j.jretconser.2023.103323,636,0.000000,Appreciation vs. apology: Research on the influence mechanism of chatbot service recovery based on politeness theory,2023,10.1016/j.jretconser.2023.103323,Journal of Retailing and Consumer Services,article,"Song, Meng­meng; Zhang, Huixian; Xing, Xinyu; Duan, Yucong",forward,openalex,doi:10.1108/ijrdm-08-2020-0312,0
doi:10.1016/j.jretconser.2023.103336,637,0.000000,"How does ad relevance affect consumers' attitudes toward personalized advertisements and social media platforms? The role of information co-ownership, vulnerability, and privacy cynicism",2023,10.1016/j.jretconser.2023.103336,Journal of Retailing and Consumer Services,article,"Chen, Si; Wu, Yajun; Deng, Fengyi; Zhi, Kuiyun",backward|forward,crossref|openalex,doi:10.1108/itp-09-2019-0480|doi:10.4018/979-8-3693-7041-4.ch006,0
doi:10.1016/j.jretconser.2023.103377,638,0.000000,Understanding the usability of retail fashion brand chatbots: Evidence from customer expectations and experiences,2023,10.1016/j.jretconser.2023.103377,Journal of Retailing and Consumer Services,article,"Aslam, Usman",forward,openalex,doi:10.1108/ijrdm-08-2020-0312,0
doi:10.1016/j.jretconser.2023.103432,639,0.000000,The influence of anthropomorphic appearance of artificial intelligence products on consumer behavior and brand evaluation under different product types,2023,10.1016/j.jretconser.2023.103432,Journal of Retailing and Consumer Services,article,"Zhang, Yaqiong; Wang, Shifu",forward,openalex,doi:10.1007/s11747-019-00696-0,0
doi:10.1016/j.jretconser.2023.103440,640,0.000000,What (de) motivates customers to use AI-powered conversational agents for shopping? The extended behavioral reasoning perspective,2023,10.1016/j.jretconser.2023.103440,Journal of Retailing and Consumer Services,article,"Jan, Ihsan Ullah; Ji, Seong-Goo; Kim, Changju",forward,openalex,doi:10.1007/s11747-020-00749-9,0
doi:10.1016/j.jretconser.2023.103447,641,0.000000,It is not merely a chat: Transforming chatbot affordances into dual identification and loyalty,2023,10.1016/j.jretconser.2023.103447,Journal of Retailing and Consumer Services,article,"Lee, Kuo‐Wei; Li, Chia‐Ying",forward,openalex,doi:10.1007/s11747-019-00696-0|doi:10.1016/j.bushor.2019.12.002,0
doi:10.1016/j.jretconser.2023.103578,642,0.000000,Customer experience in AI-enabled products: Scale development and validation,2023,10.1016/j.jretconser.2023.103578,Journal of Retailing and Consumer Services,article,"Wang, Ping; Li, Kunyang; Du, Qinglong; Wang, Jianqiong",forward,openalex,doi:10.1108/ijrdm-08-2020-0312,0
doi:10.1016/j.jretconser.2023.103599,643,0.000000,Exploring the influence mechanism of chatbot-expressed humor on service satisfaction in online customer service,2023,10.1016/j.jretconser.2023.103599,Journal of Retailing and Consumer Services,article,"Xie, Yuguang; Liang, Changyong; Zhou, Peiyu; Jiang, Li",forward,openalex,doi:10.1108/ijrdm-08-2020-0312,0
doi:10.1016/j.jretconser.2023.103674,644,0.000000,Artificial intelligence is the magic wand making customer-centric a reality! An investigation into the relationship between consumer purchase intention and consumer engagement through affective attachment,2023,10.1016/j.jretconser.2023.103674,Journal of Retailing and Consumer Services,article,"Bilal, Muhammad; Zhang, Yunfeng; Cai, Shukai; Akram, Umair; Halibas, Alrence",forward,openalex,doi:10.1177/0008125619859317,0
doi:10.1016/j.jretconser.2024.103742,645,0.000000,Avatars of influence: Understanding how virtual influencers trigger consumer engagement on online booking platforms,2024,10.1016/j.jretconser.2024.103742,Journal of Retailing and Consumer Services,article,"Akhtar, Naeem; Hameed, Zahid; Islam, Tahir; Pant, Manoj; Sharma, Anshuman; Rather, Raouf Ahmad; Kuzior, Aleksandra",backward,crossref|openalex,doi:10.1080/23311975.2024.2427428,0
doi:10.1016/j.jretconser.2024.103743,646,0.000000,A comparative study on the effect of ChatGPT recommendation and AI recommender systems on the formation of a consideration set,2024,10.1016/j.jretconser.2024.103743,Journal of Retailing and Consumer Services,article,"Chang, Woondeog; Park, Jungkun",forward,openalex,doi:10.1177/0008125619859317,0
doi:10.1016/j.jretconser.2024.103969,647,0.000000,"The human touch vs. AI efficiency: How perceived status, effort, and loyalty shape consumer satisfaction with preferential treatment",2024,10.1016/j.jretconser.2024.103969,Journal of Retailing and Consumer Services,article,"Choi, Sunhwa; Yi, Youjae; Zhao, Xiaohong",backward,crossref|openalex,doi:10.1155/hbe2/6675139,0
doi:10.1016/j.jretconser.2024.104108,648,0.000000,"Retail futures: Customer experience, phygital retailing, and the Experiential Retail Territories perspective",2024,10.1016/j.jretconser.2024.104108,Journal of Retailing and Consumer Services,article,"Alexander, Bethan; Varley, Rosemary",backward,crossref|openalex,doi:10.1155/hbe2/6675139,0
doi:10.1016/j.jretconser.2024.104138,649,0.000000,Can mobile promotion automation decrease overall purchases? The role of promotion pattern predictability in customer habit formation,2024,10.1016/j.jretconser.2024.104138,Journal of Retailing and Consumer Services,article,"Lamei, Pezhman; Darani, Milad Mohammadi; Wiggins, Jennifer; Mahar, Christopher M.",forward,openalex,doi:10.1007/s12599-015-0370-8|doi:10.1016/j.indmarman.2019.12.008,0
doi:10.1016/j.jretconser.2024.104205,650,0.000000,Balancing identity diversity and product contexts: Understanding consumer trust in AI-enhanced chatbot services,2024,10.1016/j.jretconser.2024.104205,Journal of Retailing and Consumer Services,article,"Lu, Yangyang; Zhang, Jing",forward,openalex,doi:10.1007/s11747-019-00696-0,0
doi:10.1016/j.jretconser.2025.104231,651,0.000000,"Service ads in the era of generative AI: Disclosures, trust, and intangibility",2025,10.1016/j.jretconser.2025.104231,Journal of Retailing and Consumer Services,article,"Grigsby, Jamie L.; Michelsen, Meg; Zamudio, César",forward,openalex,doi:10.1016/j.ausmj.2020.04.002,0
doi:10.1016/j.jretconser.2025.104234,652,0.000000,From familiarity to acceptance: The impact of Generative Artificial Intelligence on consumer adoption of retail chatbots,2025,10.1016/j.jretconser.2025.104234,Journal of Retailing and Consumer Services,article,"Arce‐Urriza, Marta; Chocarro, Raquel; Cortiñas, Mónica; Marcos‐Matás, Gustavo",forward,openalex,doi:10.1108/ijrdm-08-2020-0312,0
doi:10.1016/j.jretconser.2025.104247,653,0.000000,Artificial intelligence in live streaming: How can virtual streamers bring more sales?,2025,10.1016/j.jretconser.2025.104247,Journal of Retailing and Consumer Services,article,"Chang, Yaping; Wang, Han; Guo, Zhenjiang",forward,openalex,doi:10.1007/s11747-019-00696-0,0
doi:10.1016/j.jretconser.2025.104254,654,0.000000,Chatbots at the frontline: Unveiling antecedents of customers’ willingness to accept chatbot intervention in service recovery,2025,10.1016/j.jretconser.2025.104254,Journal of Retailing and Consumer Services,article,"Chih, Wen‐Hai; Wang, Kai-Yu; Banda, Hope Wilfred",forward,openalex,doi:10.1007/s11747-020-00749-9,0
doi:10.1016/j.jretconser.2025.104403,655,0.000000,Artificial creativity in luxury advertising: How trust and perceived humanness drive consumer response to AI-generated content,2025,10.1016/j.jretconser.2025.104403,Journal of Retailing and Consumer Services,article,"Jung, Timothy; Koghut, Maksym; Lee, Eunseo; Kwon, Ohbyung",forward,openalex,doi:10.1016/j.ausmj.2020.04.002,0
doi:10.1016/j.jretconser.2025.104491,656,0.000000,Should your brand hire virtual influencers? How realism and gender presentation shape trust and purchase intentions,2025,10.1016/j.jretconser.2025.104491,Journal of Retailing and Consumer Services,article,"Diwanji, Vaibhav Shwetangbhai",forward,openalex,doi:10.1007/s11747-019-00696-0|doi:10.1080/0965254x.2022.2148269,0
doi:10.1016/j.jretconser.2025.104683,657,0.000000,Can AI streamers drive purchases in food delivery E-commerce live streaming? Evidence from an O2O platform,2025,10.1016/j.jretconser.2025.104683,Journal of Retailing and Consumer Services,article,"Chen, Yuzhou; Zhang, Yulin; Fan, Haowen; Guo, Yiting",forward,openalex,doi:10.1007/s11747-020-00749-9,0
doi:10.1016/j.jretconser.2025.104717,658,0.000000,Brands cannot own a human celebrity but can own an AI endorser: AI endorsers’ role in shaping consumer self-brand connection,2026,10.1016/j.jretconser.2025.104717,Journal of Retailing and Consumer Services,article,"Wang, Xinran; Wang, H; Wang, Huanzhang",forward,openalex,doi:10.1080/00913367.2020.1795954,0
doi:10.1016/j.jretconser.2026.104725,659,0.000000,Engaging with intelligence: AIMA scale for artificial intelligence marketing activities in E-commerce,2026,10.1016/j.jretconser.2026.104725,Journal of Retailing and Consumer Services,article,"Kukreti, Rajat; Yadav, Mayank",forward,openalex,doi:10.1007/s11747-019-00696-0,0
doi:10.1016/j.jretconser.2026.104729,660,0.000000,When algorithms meet ethics: Mapping consumer moral responses to AI versus human marketing practices,2026,10.1016/j.jretconser.2026.104729,Journal of Retailing and Consumer Services,article,"Gegen, Tana; Chai, Junwu; Chen, Wenlin; Wauk, Gladys",forward,openalex,doi:10.1007/s11747-019-00696-0,0
doi:10.1016/j.jretconser.2026.104754,661,0.000000,Unlocking the power of artificial intelligence in customer relationship management: a comprehensive analysis of critical success factors,2026,10.1016/j.jretconser.2026.104754,Journal of Retailing and Consumer Services,article,"Ledro, Cristina; Nosella, Anna; Pozza, Ilaria Dalla",forward,openalex,doi:10.1007/s11747-020-00749-9|doi:10.1177/0008125619859317,0
doi:10.1016/j.jretconser.2026.104795,662,0.000000,"The relational power of friendly AI shopping assistants: A serial mediation model of sense of care, reliance, and stickiness intention",2026,10.1016/j.jretconser.2026.104795,Journal of Retailing and Consumer Services,article,"Choi, Woojin",forward,openalex,doi:10.1108/ijrdm-08-2020-0312,0
doi:10.1016/j.jretconser.2026.104844,663,0.000000,"When AI advice backfires: Field experimental evidence on personalization, intrusiveness, and purchase behavior",2026,10.1016/j.jretconser.2026.104844,Journal of Retailing and Consumer Services,article,"Zobair, Alwia Saeed Osman; Kodai, Zainab Mohammed Osman; Almansour, Mohammed Abdulaziz; Mohammed, Salisu; Agag, Gomaa; Alipour, Osman",forward,openalex,doi:10.1007/s11747-019-00696-0,0
doi:10.1016/j.jretconser.2026.104876,664,0.000000,"Hierarchical mechanisms of consumer adoption of AI-powered shopping guides: An integrated ISM, fuzzy DEMATEL, and Bayesian Network approach",2026,10.1016/j.jretconser.2026.104876,Journal of Retailing and Consumer Services,article,"Xu, Jinyang; Li, Wenjing; Li, Wenjing; Yan, Xin; Xu, Junping; Li, Yinan",forward,openalex,doi:10.1108/ijrdm-08-2020-0312,0
doi:10.1016/j.jretconser.2026.104938,665,0.000000,Navigating trust and the personalization-privacy paradox in AI-driven e-commerce: A consumer pathway framework,2026,10.1016/j.jretconser.2026.104938,Journal of Retailing and Consumer Services,article,"Vu, Chi B.; Ozuem, Wilson; Willis, Michelle; Katz, James",forward,openalex,doi:10.1007/s11747-020-00749-9,0
doi:10.1016/j.jretconser.2026.104966,666,0.000000,Customer segmentation using big data: implications for retail marketing,2026,10.1016/j.jretconser.2026.104966,Journal of Retailing and Consumer Services,article,"Piao, Tianyu; Dou, Zhaoheng; Mai, Sado",forward,openalex,doi:10.1016/j.indmarman.2019.12.008,0
doi:10.1016/j.jrt.2024.100103,667,0.000000,Exploring ethical frontiers of artificial intelligence in marketing,2024,10.1016/j.jrt.2024.100103,Journal of Responsible Technology,article,"Hari, Harinder; Sharma, Arun; Verma, Sanjeev; Chaturvedi, Rijul",forward,openalex,doi:10.1007/s11747-019-00696-0|doi:10.1016/j.bushor.2019.12.002,0
doi:10.1016/j.matpr.2021.11.637,668,0.000000,"An analysis to understand the role of machine learning, robotics and artificial intelligence in digital marketing",2021,10.1016/j.matpr.2021.11.637,Materials Today Proceedings,article,"Boddu, Raja Sarath Kumar; Santoki, Ashwinkumar A.; Khurana, Shopita; Koli, Poonam Vitthal; Rai, Ravi; Agrawal, Abhishek",forward,openalex,doi:10.1007/s12599-015-0370-8,0
doi:10.1016/j.meadig.2025.100021,669,0.000000,"Artificial intelligence and consumer behaviour on social media: A study of personalization, trust, and privacy",2025,10.1016/j.meadig.2025.100021,Measurement Digitalization,article,"Srivastava, Rajesh Kumar; Gurme, Vijayashri Machindra",forward,openalex,doi:10.1007/s11747-019-00696-0|doi:10.1007/s11747-020-00749-9|doi:10.1177/0008125619859317,0
doi:10.1016/j.msj.2025.100004,670,0.000000,Reshaping retail strategy: Understanding and incorporating the impact of technology,2024,10.1016/j.msj.2025.100004,Marketing Strategy Journal,article,"Grewal, Dhruv; Roggeveen, Anne L.; Guha, Abhijit",forward,openalex,doi:10.1007/s11747-019-00696-0,0
doi:10.1016/j.msj.2025.100008,671,0.000000,Marketing of technology-intensive products: An AI-driven approach,2025,10.1016/j.msj.2025.100008,Marketing Strategy Journal,article,"Shankar, Venkatesh",backward,crossref|openalex,doi:10.3390/jtaer21060179,0
doi:10.1016/j.procs.2021.11.072,672,0.000000,Identifying Sales-Influencing Touchpoints along the Omnichannel Customer Journey,2022,10.1016/j.procs.2021.11.072,Procedia Computer Science,conference-paper,"Zimmermann, Robert; Weitzl, Wolfgang; Auinger, Andreas",backward,crossref|openalex,doi:10.4018/979-8-3693-3455-3.ch012,0
doi:10.1016/j.procs.2023.01.305,673,0.000000,"AI-powered Digital Transformation: Tools, Benefits and Challenges for Marketers – Case Study of LPP",2023,10.1016/j.procs.2023.01.305,Procedia Computer Science,conference-paper,"Gołąb-Andrzejak, Edyta",forward,openalex,doi:10.1108/wjemsd-08-2020-0099|doi:10.1177/18393349211037684,0
doi:10.1016/j.procs.2023.03.146,674,0.000000,A Conceptual Framework using Big Data Analytics for Effective Email Marketing,2023,10.1016/j.procs.2023.03.146,Procedia Computer Science,conference-paper,"Bayoude, Kenza; Ounacer, Soumaya; Azzouazi, Mohamed",backward,openalex,doi:10.58830/ozgur.pub610.c2592|doi:10.58830/ozgur.pub610.c2595,0
doi:10.1016/j.procs.2024.09.687,675,0.000000,Bridging Brains and Bots: The Impact of AI on Neuromarketing,2024,10.1016/j.procs.2024.09.687,Procedia Computer Science,conference-paper,"Aprilianty, Fitri; Takahashi, Masakazu; Matsuura, Yoshiyuki",forward,openalex,doi:10.1007/s11747-019-00696-0,0
doi:10.1016/j.procs.2025.01.105,676,0.000000,Artificial intelligence and consumer loyalty in e-commerce,2025,10.1016/j.procs.2025.01.105,Procedia Computer Science,conference-paper,"Ратнер, Светлана; Revinova, Svetlana; Балашова, Светлана; Ersoy, Ayse Begum",forward,openalex,doi:10.1007/s12599-015-0370-8,0
doi:10.1016/j.procs.2025.09.252,677,0.000000,Selling Artificial Intelligence: How AI changes the rules of online smartphone offer presentations,2025,10.1016/j.procs.2025.09.252,Procedia Computer Science,conference-paper,"Grabara, Dariusz",forward,openalex,doi:10.1007/s11747-020-00749-9,0
doi:10.1016/j.procs.2026.04.167,678,0.000000,AI-Driven Marketing Personalization: Bridging Organizational Implementation and Consumer Acceptance through a Conceptual Framework,2026,10.1016/j.procs.2026.04.167,Procedia Computer Science,conference-paper,"-, LALLA WAFAE ALAOUI; CHAALI, kaoutar; HABRI, SIHAM",forward,openalex,doi:10.1007/s11747-019-00696-0|doi:10.1007/s11747-020-00749-9,0
doi:10.1016/j.sbr.2025.100023,679,0.000000,The role of advanced AI in improving chatbot-driven consumer experiences,2025,10.1016/j.sbr.2025.100023,Strategic Business Research,article,"Bansal, Sanchita; Nangia, Priya; Chanaliya, Nisha; Thaichon, Park",forward,openalex,doi:10.1108/ijrdm-08-2020-0312|doi:10.1177/0008125619859317,0
doi:10.1016/j.sbr.2026.100094,680,0.000000,The mediation role played by information processing capabilities in the relationship between AI adoption and marketing performance: a non-linear relationship,2026,10.1016/j.sbr.2026.100094,Strategic Business Research,article,"Shaban, Youssef; Soliman, Hisham; Garcia, Victor Temprano",forward,openalex,doi:10.1007/s11747-019-00696-0|doi:10.1016/j.bushor.2019.12.002|doi:10.1177/0008125619859317,0
doi:10.1016/j.sbr.2026.100132,681,0.000000,Reconciling information processing requirements and capabilities: an empirical study of AI adoption and marketing performance,2026,10.1016/j.sbr.2026.100132,Strategic Business Research,article,"Shaban, Youssef; Soliman, Hisham; García, Victor Manuel Melgoza; Fernández, Primitiva Pascual",forward,openalex,doi:10.1007/s11747-020-00749-9,0
doi:10.1016/j.sbr.2026.100247,682,0.000000,"AI-driven advertising and consumer engagement: Explaining cognitive, emotional, and behavioral responses through the stimulus–organism–response framework",2026,10.1016/j.sbr.2026.100247,Strategic Business Research,article,"Babu, Md. Asaduzzaman; Mir, Joynal Abedin; Roy, Rituparna; Roy, Aishwarya; Rasel, Md",forward,openalex,doi:10.1007/s11747-019-00696-0|doi:10.1007/s11747-020-00749-9,0
doi:10.1016/j.sbspro.2015.01.1180,683,0.000000,Marketing Decision Support Using Artificial Intelligence and Knowledge Modeling: Application to Tourist Destination Management,2015,10.1016/j.sbspro.2015.01.1180,Procedia - Social and Behavioral Sciences,conference-paper,"Stalidis, George; Karapistolis, Dimitrios; Vafeiadis, Athanasios",backward,crossref|openalex,doi:10.1007/978-3-030-72080-3_20,0
doi:10.1016/j.sctalk.2024.100309,684,0.000000,Scientometric visualization of data on artificial intelligence and marketing: Analysis of trends and themes,2024,10.1016/j.sctalk.2024.100309,Science Talks,article,"Kandoth, Sneha; Shekhar, Suraj Kushe",forward,openalex,doi:10.1007/s11747-019-00696-0|doi:10.1007/s11747-020-00749-9|doi:10.1016/j.bushor.2019.12.002|doi:10.1177/0008125619859317,0
doi:10.1016/j.stae.2026.100138,685,0.000000,"Digital transformation, artificial intelligence, and sustainable marketing strategies in cooperatives",2026,10.1016/j.stae.2026.100138,Sustainable Technology and Entrepreneurship,article,"Lafuente, Sonia García; Prados-Castillo, Juan F.; Martínez, José Manuel Guaita; Soriano, Domingo Ribeiro",forward,openalex,doi:10.1007/s11747-020-00749-9|doi:10.1016/j.bushor.2019.12.002,0
doi:10.1016/j.techfore.2019.03.020,686,0.000000,Programmatic Advertising: Forewarning and avoiding hype-cycle failure,2019,10.1016/j.techfore.2019.03.020,Technological Forecasting and Social Change,article,"White, Gareth; Samuel, Anthony",backward|forward,crossref|openalex,doi:10.1007/978-3-319-25023-6_1|doi:10.1007/978-3-658-29995-8_5|doi:10.1016/j.chb.2020.106657|doi:10.3145/epi.2017.mar.06|doi:10.3390/jtaer21060179|doi:10.4018/979-8-3693-7041-4.ch003|doi:10.4018/979-8-3693-7041-4.ch006|doi:10.47772/ijriss.2021.5830,0
doi:10.1016/j.techfore.2020.120299,687,0.000000,The personalization–privacy paradox in the attention economy,2020,10.1016/j.techfore.2020.120299,Technological Forecasting and Social Change,article,"Cloarec, Julien",backward,crossref|openalex,doi:10.3390/jtaer21060179,0
doi:10.1016/j.techfore.2021.121289,688,0.000000,Assessing an on-site customer profiling and hyper-personalization system prototype based on a deep learning approach,2021,10.1016/j.techfore.2021.121289,Technological Forecasting and Social Change,article,"Micu, Adrian; Căpățînă, Alexandru; Cristea, Dragoș Sebastian; Munteanu, Dan; Micu, Angela‐Eliza; Şarpe, Daniela Ancuţa",forward,openalex,doi:10.1007/978-3-030-12453-3_151|doi:10.1007/s11747-020-00749-9,0
doi:10.1016/j.techfore.2022.121716,689,0.000000,What is the Market Value of Artificial Intelligence and Machine Learning? The Role of Innovativeness and Collaboration for Performance,2022,10.1016/j.techfore.2022.121716,Technological Forecasting and Social Change,article,"Fredström, Ashkan; Parida, Vinit; Wincent, Joakim; Sjödin, David; Oghazi, Pejvak",forward,openalex,doi:10.1007/s11747-020-00749-9,0
doi:10.1016/j.techfore.2022.121772,690,0.000000,Virtual agents and flow experience: An empirical examination of AI-powered chatbots,2022,10.1016/j.techfore.2022.121772,Technological Forecasting and Social Change,article,"Baabdullah, Abdullah M.; Alalwan, Ali Abdallah; Algharabat, Raed; Metri, Bhimaraya; Rana, Nripendra P.",forward,openalex,doi:10.1108/ijrdm-08-2020-0312,0
doi:10.1016/j.techfore.2023.122342,691,0.000000,Phygital technologies and environments for breakthrough innovation in customers' and citizens' journey. A critical literature review and future agenda,2023,10.1016/j.techfore.2023.122342,Technological Forecasting and Social Change,article,"Vecchio, Pasquale Del; Secundo, Giustina; Garzoni, Antonello",backward|forward,crossref|openalex,doi:10.31637/epsir-2024-471|doi:10.3390/joitmc7020114,0
doi:10.1016/j.techfore.2023.122655,692,0.000000,How market pressures and organizational readiness drive digital marketing adoption strategies' evolution in small and medium enterprises,2023,10.1016/j.techfore.2023.122655,Technological Forecasting and Social Change,article,"Su, Jingqin; Zhang, Yajie; Wu, Xianyun",forward,openalex,doi:10.1016/j.indmarman.2019.12.008,0
doi:10.1016/j.techfore.2023.122921,693,0.000000,Can AI chatbots help retain customers? An integrative perspective using affordance theory and service-domain logic,2023,10.1016/j.techfore.2023.122921,Technological Forecasting and Social Change,article,"Li, Chia‐Ying; Fang, Yu‐Hui; Chiang, Yu-Hung",forward,openalex,doi:10.1007/s11747-019-00696-0,0
doi:10.1016/j.techfore.2025.124322,694,0.000000,Customer behavior in the presence of algorithmic marketing agents: The role of hedonic values,2025,10.1016/j.techfore.2025.124322,Technological Forecasting and Social Change,article,"Chacon, Alvaro; Martínez, Carolina; Kausel, Edgar E.",forward,openalex,doi:10.1007/s11747-019-00696-0,0
doi:10.1016/j.technovation.2026.103519,695,0.000000,Managerial decision-making and AI: A taxonomy of AI collaboration orientations and strategic integration,2026,10.1016/j.technovation.2026.103519,Technovation,article,"Leszczyński, Grzegorz; Gaczek, Piotr; Munzel, Andréas",forward,openalex,doi:10.1007/s11747-020-00749-9,0
doi:10.1016/j.techsoc.2020.101324,696,0.000000,Digitalization process of complex B2B sales processes – Enablers and obstacles,2020,10.1016/j.techsoc.2020.101324,Technology in Society,article,"Rodríguez, Rocío; Svensson, Göran; Mehl, Erik",backward,crossref|openalex,doi:10.1016/j.techsoc.2020.101425,0
doi:10.1016/j.techsoc.2020.101425,697,0.000000,"The impact of digital transformation and digital marketing on the brand promotion, positioning and electronic business in Montenegro",2020,10.1016/j.techsoc.2020.101425,Technology in Society,article,"Melović, Boban; Jocović, Mijat; Dabić, Marina; Backović, Tamara; Dudić, Branislav",backward|forward,crossref|openalex,doi:10.1016/j.indmarman.2020.07.022|doi:10.4018/ijdst.307953,0
doi:10.1016/j.techsoc.2021.101685,698,0.000000,Chatbot for SMEs: Integrating customer and business owner perspectives,2021,10.1016/j.techsoc.2021.101685,Technology in Society,article,"Selamat, Moch Akbar; Windasari, Nila Armelia",forward,openalex,doi:10.1108/ijrdm-08-2020-0312,0
doi:10.1016/j.tele.2022.101831,699,0.000000,Getting a little too personal? Positive and negative effects of personalized advertising on online multitaskers,2022,10.1016/j.tele.2022.101831,Telematics and Informatics,article,"Kim, Jihoon; Kim, Taeyeon; Wojdynski, Bartosz W.; Jun, Hyoyeun",backward,crossref|openalex,doi:10.3390/jtaer21060179,0
doi:10.1016/j.teler.2025.100219,700,0.000000,The influence of motivational factors on online purchase intention utilizing AI-enabled portals: A hybrid SEM-ANN approach,2025,10.1016/j.teler.2025.100219,Telematics and Informatics Reports,article,"Roy, Sanjoy Kumar; Arafin, Murshedul; Jubayer, Ahmed",forward,openalex,doi:10.1007/s11747-020-00749-9,0
doi:10.1016/j.teler.2025.100230,701,0.000000,Factors affecting customer engagement in AI marketing,2025,10.1016/j.teler.2025.100230,Telematics and Informatics Reports,article,"Lee, Minsik; Breckon, Denise A",forward,openalex,doi:10.1007/s11747-019-00696-0,0
doi:10.1016/j.teler.2025.100247,702,0.000000,Exploring customer stickiness toward banking chatbots: Focus on agility capability and emotional receptivity,2025,10.1016/j.teler.2025.100247,Telematics and Informatics Reports,article,"Lê, Xuân Cù; Nguyen, Tran Hung",forward,openalex,doi:10.1108/ijrdm-08-2020-0312,0
doi:10.1016/j.telpol.2025.103033,703,0.000000,Generative artificial intelligence in advertising. Field applications in Rio de Janeiro and Catalonia,2025,10.1016/j.telpol.2025.103033,Telecommunications Policy,article,"Simón, Jordi Serra; Brun, Mònica Puntí; Mirabet, Sílvia Espinosa; Nogueira, Maria Alice de Faria; Martín-Guart, Ramón; Azevedo, Sandro Tôrres de",forward,openalex,doi:10.1007/s11747-019-00696-0|doi:10.1007/s11747-020-00749-9,0
doi:10.1016/j.tourman.2023.104873,704,0.000000,Strangers or friends? Examining chatbot adoption in tourism through psychological ownership,2023,10.1016/j.tourman.2023.104873,Tourism Management,article,"Scarpi, Daniele",forward,openalex,doi:10.1007/s11747-020-00749-9,0
doi:10.1016/s0022-4359(18)30076-9,705,0.000000,How Artificial Intelligence (AI) is Reshaping Retailing,2018,10.1016/s0022-4359(18)30076-9,Journal of Retailing,article,"Shankar, Venkatesh",backward,crossref|openalex,doi:10.1007/978-3-030-72080-3_20|doi:10.1007/s11747-019-00696-0|doi:10.1080/00913367.2022.2111728,0
doi:10.1038/s41598-025-14722-5,706,0.000000,iDigiChat: intelligent digital marketing service chatbot for providing efficient customer services using artificial intelligence,2025,10.1038/s41598-025-14722-5,Scientific Reports,article,"He, Ji; Luo, Yi; Wang, Ting",forward,openalex,doi:10.1007/s11747-020-00749-9,0
doi:10.1051/e3sconf/202021013037,707,0.000000,Individual adaptation of targeted advertising to digital environment,2020,10.1051/e3sconf/202021013037,E3S Web of Conferences,conference-paper,"Petrov, Igor; Zemtsov, Maxim; Bokareva, Daria; Ivashchenko, Andrey A.",forward,openalex,doi:10.1016/j.eswa.2018.11.002,0
doi:10.1051/e3sconf/202339907006,708,0.000000,Implications &amp; Impact of Artificial Intelligence in Digital Media: With Special Focus on Social Media Marketing,2023,10.1051/e3sconf/202339907006,E3S Web of Conferences,conference-paper,"Singh, Preeti; Verma, Amit; Vij, Sanjna; Thakur, Jyotsana",forward,openalex,doi:10.1007/978-3-030-12453-3_151|doi:10.1007/s11747-019-00696-0,0
doi:10.1051/e3sconf/202342602009,709,0.000000,Applying Digital Advertising in Food and Beverage Industry for McDonald’s with Marketing 5.0 Approach,2023,10.1051/e3sconf/202342602009,E3S Web of Conferences,conference-paper,"Sardjono, Wahyu; Cholidin, Achmad; Johan, Johan",backward,openalex,doi:10.58830/ozgur.pub610.c2595,0
doi:10.1051/e3sconf/202447402010,710,0.000000,Information technologies and their impact on electronic marketing,2024,10.1051/e3sconf/202447402010,E3S Web of Conferences,conference-paper,"Al-Ababneh, Hassan Ali",forward,openalex,doi:10.1016/j.indmarman.2020.07.022,0
doi:10.1051/e3sconf/202448303014,711,0.000000,Unveiling the Potential of Artificial Intelligence in Digital Marketing for Universitas Terbuka,2024,10.1051/e3sconf/202448303014,E3S Web of Conferences,conference-paper,"Kharis, Selly Anastassia Amellia; Zili, Arman Haqqi Anna; Putri, Agustiani; Robiansyah, Anton",forward,openalex,doi:10.1007/978-3-030-12453-3_151|doi:10.1504/ijbdm.2020.106876,0
doi:10.1051/e3sconf/202454102006,712,0.000000,Applying AI and fuzzy modeling to optimize advertising effectiveness in digital marketing strategies for the energy sector,2024,10.1051/e3sconf/202454102006,E3S Web of Conferences,conference-paper,"Muala, Ayed Moh’d Al",forward,openalex,doi:10.1007/s11747-020-00749-9,0
doi:10.1051/itmconf/20268101001,713,0.000000,AI-Powered personalization and its impact on sustainable consumer behaviour in digital marketing,2026,10.1051/itmconf/20268101001,ITM Web of Conferences,conference-paper,"Sathish, P.; Avula, Sashikanth Reddy; Channabasava",forward,openalex,doi:10.1007/s11747-020-00749-9|doi:10.1177/18393349211037684,0
doi:10.1051/itmconf/20268502011,714,0.000000,Artificial Intelligence and Machine Learning in Marketing and Service Ecosystems: A Systematic Review and Taxonomy of Applications and Capabilities,2026,10.1051/itmconf/20268502011,ITM Web of Conferences,conference-paper,"Kondraguntla, Bharathi; Kumaran, M. Senthil",forward,openalex,doi:10.1007/s11747-020-00749-9,0
doi:10.1051/shsconf/202623006003,715,0.000000,Can AI chatbots humanize omnichannel service experiences? Examining the role of chatbot interactions in shaping brand experience and engagement,2026,10.1051/shsconf/202623006003,SHS Web of Conferences,conference-paper,"Chelladurai, Sriram",forward,openalex,doi:10.1007/s11747-020-00749-9,0
doi:10.1057/dddmp.2015.27,716,0.000000,Can marketing automation be the glue that helps align sales and marketing?,2015,10.1057/dddmp.2015.27,Journal of Direct Data and Digital Marketing Practice,article,"Redding, Shane",backward,crossref|openalex,doi:10.1142/s0219622024500081|doi:10.1142/s0219622025500981,0
doi:10.1057/dddmp.2015.29,717,0.000000,Getting IT to work for marketing: Exploring collaboration between marketing and IT functions for the delivery of marketing innovation,2015,10.1057/dddmp.2015.29,Journal of Direct Data and Digital Marketing Practice,article,"Buckley, Andrew",backward|seed,crossref|openalex|seed,doi:10.1007/978-981-97-3698-0_18|doi:10.1080/10696679.2023.2166535|doi:10.1142/s0219622024500081|doi:10.1142/s0219622025500981,0
doi:10.1057/dddmp.2015.31,718,0.000000,Marketing automation: Lessons learnt so far …,2015,10.1057/dddmp.2015.31,Journal of Direct Data and Digital Marketing Practice,article,"Wood, Claire",backward,crossref|openalex,doi:10.1016/j.indmarman.2019.12.008|doi:10.1142/s0219622025500981,0
doi:10.1057/dddmp.2015.46,719,0.000000,What is marketing automation?,2015,10.1057/dddmp.2015.46,Journal of Direct Data and Digital Marketing Practice,article,"Bagshaw, Anthony",backward,crossref|openalex,doi:10.1016/j.indmarman.2019.12.008|doi:10.1142/s0219622024500081|doi:10.1142/s0219622025500981,0
doi:10.1057/dddmp.2015.7,720,0.000000,Global Review of Data-Driven Marketing and Advertising,2015,10.1057/dddmp.2015.7,Journal of Direct Data and Digital Marketing Practice,article,"Braverman, Samantha",backward,crossref|openalex,doi:10.1007/978-3-030-93131-5_5|doi:10.1016/j.jik.2020.08.001|doi:10.4018/979-8-3693-3455-3.ch001,0
doi:10.1057/s41262-021-00261-7,721,0.000000,When do consumers prefer AI-enabled customer service? The interaction effect of brand personality and service provision type on brand attitudes and purchase intentions,2021,10.1057/s41262-021-00261-7,Journal of Brand Management,article,"Yang, Chen; Hu, Jing",forward,openalex,doi:10.1007/s11747-020-00749-9,0
doi:10.1057/s41262-022-00292-8,722,0.000000,AI service impacts on brand image and customer equity: empirical evidence from China,2022,10.1057/s41262-022-00292-8,Journal of Brand Management,article,"Yuan, Chunlin; Wang, Shuman; Liu, Yue",forward,openalex,doi:10.1007/s11747-019-00696-0,0
doi:10.1057/s41264-022-00207-3,723,0.000000,The role of artificial intelligence in consumers’ brand preference for retail banks in Hong Kong,2023,10.1057/s41264-022-00207-3,Journal of Financial Services Marketing,article,"Ho, Shirie Pui Shan; Chow, Matthew Yau Choi",forward,openalex,doi:10.1177/0008125619859317,0
doi:10.1057/s41270-023-00224-8,724,0.000000,The role of absorptive capacity in the use of digital marketing analytics for effective marketing decisions,2023,10.1057/s41270-023-00224-8,Journal of Marketing Analytics,article,"Proença, Marina; Martins, Tomás Sparano",forward,openalex,doi:10.1016/j.indmarman.2020.07.022,0
doi:10.1057/s41270-023-00260-4,725,0.000000,Automated bidding vs manual bidding strategies in search engine marketing: a keyword efficiency perspective,2023,10.1057/s41270-023-00260-4,Journal of Marketing Analytics,article,"Jiang, Pingjun",forward,openalex,doi:10.1016/j.bushor.2019.12.002,0
doi:10.1057/s41270-023-00287-7,726,0.000000,Artificial intelligence in business-to-business (B2B) sales process: a conceptual framework,2024,10.1057/s41270-023-00287-7,Journal of Marketing Analytics,article,"Rodríguez, Michael; Peterson, Robert M.",backward|forward,crossref|openalex,doi:10.1007/978-3-658-46399-1_72-1|doi:10.1016/j.bushor.2019.12.002,0
doi:10.1057/s41270-024-00288-0,727,0.000000,When and how digital novel technologies matter to firm marketing performance,2024,10.1057/s41270-024-00288-0,Journal of Marketing Analytics,article,"Gnizy, Itzhak",forward,openalex,doi:10.1007/s11747-019-00696-0,0
doi:10.1057/s41270-024-00294-2,728,0.000000,"Data-driven budget allocation of retail media by ad product, funnel metric, and brand size",2024,10.1057/s41270-024-00294-2,Journal of Marketing Analytics,article,"Qin, Vivian; Pauwels, Koen; Zhou, Bo",forward,openalex,doi:10.1177/0008125619859317,0
doi:10.1057/s41270-024-00316-z,729,0.000000,The impact of ambidextrous traditional and contemporary data analytics on marketing innovation,2024,10.1057/s41270-024-00316-z,Journal of Marketing Analytics,article,"Gnizy, Itzhak",forward,openalex,doi:10.1504/ijbdm.2020.106876,0
doi:10.1057/s41270-024-00322-1,730,0.000000,The organizational impact in Kibs companies of certain digital marketing factors: digital capabilities and internet technologies,2024,10.1057/s41270-024-00322-1,Journal of Marketing Analytics,article,"Marino-Romero, Jorge Alberto; Palos‐Sánchez, Pedro R.; Velicia-Martin, Félix",forward,openalex,doi:10.1016/j.indmarman.2020.07.022,0
doi:10.1057/s41270-024-00337-8,731,0.000000,Navigating computational linguistic in marketing practices: The barriers of natural language processing in social media marketing and a path to future research,2024,10.1057/s41270-024-00337-8,Journal of Marketing Analytics,article,"Gross, Jana; Desveaud, Kathleen",forward,openalex,doi:10.1016/j.bushor.2019.12.002,0
doi:10.1057/s41270-024-00355-6,732,0.000000,"The interplay of artificial intelligence, machine learning, and data analytics in digital marketing and promotions: a review and research agenda",2024,10.1057/s41270-024-00355-6,Journal of Marketing Analytics,article,"Basu, Rituparna; Aktar, Mumu; Kumar, Satish",forward,openalex,doi:10.1007/s11747-019-00696-0|doi:10.1007/s11747-020-00749-9|doi:10.1177/18393349211037684,0
doi:10.1057/s41270-024-00367-2,733,0.000000,The evolving role of AI and ML in digital promotion: a systematic review and research agenda,2024,10.1057/s41270-024-00367-2,Journal of Marketing Analytics,review,"Lakshika, V. G. P.; Chathuranga, B.T.K.; Jayarathne, P.G.S.A.",forward,openalex,doi:10.1007/s11747-020-00749-9|doi:10.1016/j.bushor.2019.12.002|doi:10.1016/j.techsoc.2020.101425|doi:10.1177/0008125619859317,0
doi:10.1057/s41270-025-00379-6,734,0.000000,A bibliometric analysis of AI bias in marketing: field evolution and future research agenda,2025,10.1057/s41270-025-00379-6,Journal of Marketing Analytics,article,"Bacalhau, Lara Mendes; Pereira, Miguel Cachulo; Neves, Joana",forward,openalex,doi:10.1007/s11747-019-00696-0,0
doi:10.1057/s41270-025-00396-5,735,0.000000,Εstablishing relationships between brands and customers via strategic social media chatbots for telecom goods and services,2025,10.1057/s41270-025-00396-5,Journal of Marketing Analytics,article,"Polimerou, Roxani; Spais, George S.",forward,openalex,doi:10.1007/s11747-019-00696-0,0
doi:10.1057/s41270-025-00444-0,736,0.000000,Organizational and technological barriers to AI-driven marketing strategies in FMCG: implications for social media campaign performance enhancement,2025,10.1057/s41270-025-00444-0,Journal of Marketing Analytics,article,"Kolesnik, Yana",forward,openalex,doi:10.1007/s11747-019-00696-0|doi:10.1007/s11747-020-00749-9,0
doi:10.1057/s41270-026-00487-x,737,0.000000,Wine marketing strategies with AI for resilience of small and medium-sized enterprises,2026,10.1057/s41270-026-00487-x,Journal of Marketing Analytics,article,"Ingrassia, Marzia; Bacarella, Simona; Chinnici, Pietro; Modica, Federico; Giamporcaro, Giusi; Chironi, Stefania",forward,openalex,doi:10.1007/s11747-019-00696-0|doi:10.1007/s11747-020-00749-9,0
doi:10.1057/s41272-025-00549-2,738,0.000000,Examining humanized bot interaction for the retail revenue growth,2025,10.1057/s41272-025-00549-2,Journal of Revenue and Pricing Management,article,"Kumar, Nishant; Garg, Pratibha; Gupta, Neha; Upreti, Kamal",forward,openalex,doi:10.1007/s11747-020-00749-9|doi:10.1108/ijrdm-08-2020-0312,0
doi:10.1057/s41599-023-02389-0,739,0.000000,The impact of automation and optimization on customer experience: a consumer perspective,2023,10.1057/s41599-023-02389-0,Humanities and Social Sciences Communications,article,"Gavrila, Sorin Gavrila; González‐Tejero, Cristina Blanco; Gandía, José Andrés Gómez; Ancillo, Antonio de Lucas",forward,openalex,doi:10.1007/s12599-015-0370-8,0
doi:10.1057/s41599-025-04488-6,740,0.000000,Impact of artificial intelligence on branding: a bibliometric review and future research directions,2025,10.1057/s41599-025-04488-6,Humanities and Social Sciences Communications,article,"Hue, Truong Thi; Hung, Ta Huy",forward,openalex,doi:10.1007/s11747-019-00696-0|doi:10.1177/0008125619859317,0
doi:10.1057/s41599-025-06130-x,741,0.000000,User dissatisfaction and behavioral intention toward personalized advertising recommendation services in Chinese social networking services,2025,10.1057/s41599-025-06130-x,Humanities and Social Sciences Communications,article,"Jin, Lei; Ryu, Mi Hyun",forward,openalex,doi:10.1007/s11747-020-00749-9,0
doi:10.1063/5.0108607,742,0.000000,A survey on the use of artificial intelligence (AI)-enabled techniques in digital marketing,2022,10.1063/5.0108607,AIP conference proceedings,conference-paper,"Paul, Subhra Prosun; Aggarwal, Shruti; Jha, Sudan",forward,openalex,doi:10.1007/978-3-030-12453-3_151|doi:10.1007/s11747-020-00749-9,0
doi:10.1063/5.0170685,743,0.000000,Role of artificial intelligence in analyzing and predicting consumer behavior,2023,10.1063/5.0170685,AIP conference proceedings,conference-paper,"Jobanputra, Rahi; Kulkarni, Prasanna; Marhoon, Haydar Abdulameer; Palloan, Herlita",forward,openalex,doi:10.1007/s11747-019-00696-0,0
doi:10.1063/5.0176843,744,0.000000,The need for marketing automation: A review,2023,10.1063/5.0176843,AIP conference proceedings,conference-paper,"Raina, A.K.; Lamkuche, Hemraj Shobharam",forward,openalex,doi:10.1007/s12599-015-0370-8|doi:10.1016/j.indmarman.2019.12.008,0
doi:10.1063/5.0199618,745,0.000000,Reshaping marketing in industry 4.0 by artificial intelligence,2024,10.1063/5.0199618,AIP conference proceedings,conference-paper,"Sardjono, Wahyu; Perdana, Widhilaga Gia",forward,openalex,doi:10.1007/s11747-019-00696-0,0
doi:10.1063/5.0221513,746,0.000000,A strategic blueprint for integrating artificial intelligence in marketing,2024,10.1063/5.0221513,AIP conference proceedings,conference-paper,"Singhal, Kanika; Singh, J.; Sharma, Vishnu; Kumar, Sanjay",forward,openalex,doi:10.1007/s11747-019-00696-0,0
doi:10.1063/5.0234329,747,0.000000,Artificial intelligence in social media marketing,2024,10.1063/5.0234329,AIP conference proceedings,conference-paper,"Sah, Vanishree; Akki, Siva Naga Raju; Shastry, Hemanth Kumar",forward,openalex,doi:10.1007/978-3-030-12453-3_151|doi:10.1007/s11747-020-00749-9,0
doi:10.1063/5.0241929,748,0.000000,"Artificial intelligence in advertising: Transforming strategies, enhancing targeting, and redefining consumer engagement",2024,10.1063/5.0241929,AIP conference proceedings,conference-paper,"Solomon, Catherine; Velmurugan, Kiruthiga; Suresh, Narapa Reddy Venkatram",forward,openalex,doi:10.1007/978-3-030-12453-3_143,0
doi:10.1063/5.0244659,749,0.000000,Utilizing machine learning for the advancement of social media marketing,2025,10.1063/5.0244659,AIP conference proceedings,conference-paper,"Mahalle, Ashish V.; Bhaladhare, Pawan",forward,openalex,doi:10.1016/j.compeleceng.2020.106723,0
doi:10.1063/5.0258932,750,0.000000,OPMAX learning agent optimizing performance max campaigns using random forest algorithm,2025,10.1063/5.0258932,AIP conference proceedings,conference-paper,"Petrova-Dimitrova, Veselka; Budakova, Dilyana",forward,openalex,doi:10.1016/j.bushor.2019.12.002,0
doi:10.1063/5.0275979,751,0.000000,AI and programmatic advertising: Revolutionizing media buying and ROI optimization,2025,10.1063/5.0275979,AIP conference proceedings,conference-paper,"Anute, Nilesh; Jindal, Sunanda; Tejpal, Khyati; Rele, Deepa Kedar; Mane, Shivaji Tukaram; Kalshetti, Prashant",forward,openalex,doi:10.1080/0965254x.2022.2148269,0
doi:10.1063/5.0298831,752,0.000000,Machine learning and artificial intelligence in marketing: A bibliometric review,2026,10.1063/5.0298831,AIP conference proceedings,conference-paper,"Evangelin, M. Ruby; Vasantha, S.; Krithika, P.",forward,openalex,doi:10.1007/s11747-019-00696-0,0
doi:10.1063/5.0318185,753,0.000000,Integrating AI in marketing management: Smart solutions to address future business challenges,2026,10.1063/5.0318185,AIP conference proceedings,conference-paper,"Salam, Karta Negara; Yusman, Fajar Nugraha; Paul, Wina; Fata, Zainol; Sutono, Sutono; Arrohman, Baidowi",forward,openalex,doi:10.1007/s11747-019-00696-0,0
doi:10.1063/5.0318354,754,0.000000,The impact of AI-Enhanced brand image on consumer purchase intention: A comparative study,2026,10.1063/5.0318354,AIP conference proceedings,conference-paper,"Devi, Himani; Uniyal, Amit Kumar",forward,openalex,doi:10.1177/0008125619859317,0
doi:10.1063/5.0330045,755,0.000000,AI-powered marketing strategies: Maximizing performance and efficiency in contemporary marketing management,2026,10.1063/5.0330045,AIP conference proceedings,conference-paper,"Mu’min, Halek; Bernardus, Denny; Kaihatu, Thomas Stefanus",forward,openalex,doi:10.1007/s11747-019-00696-0,0
doi:10.1063/5.0330336,756,0.000000,Ai-driven marketing innovation: Transforming traditional practices in modern marketing management,2026,10.1063/5.0330336,AIP conference proceedings,conference-paper,"Nabiyeva, Nilufar",forward,openalex,doi:10.1007/s11747-019-00696-0,0
doi:10.1063/5.0330916,757,0.000000,Predictive analytics and customer behavior forecasting: Leveraging AI for targeted marketing strategies,2026,10.1063/5.0330916,AIP conference proceedings,conference-paper,"Vijayalakshmi, D.; Thandayuthapani, S.; Deivasigamani, Sudhakar; Datta, Auadhati; Reddy, K. K. K.; Prakash, Chokkamreddy",forward,openalex,doi:10.1007/s11747-019-00696-0,0
doi:10.1063/5.0335691,758,0.000000,Ethical considerations in AI-powered personalization: A review of industry practices and consumer perspectives,2026,10.1063/5.0335691,AIP conference proceedings,conference-paper,"Shukla, Shyam B.; Naidu, Geeta; Joshi, Shripad; Nalavade, Maitreya; Puri, Chetan; Uparkar, Prof. Satyajit S.",forward,openalex,doi:10.1016/j.bushor.2019.12.002,0
doi:10.1079/9781800628380.0011,759,0.000000,Future Trends in Integration of AI and Marketing Strategies for Festival Experiences,2026,10.1079/9781800628380.0011,CABI eBooks,book-chapter,"Kharche, Nilesh",forward,openalex,doi:10.1007/s11747-020-00749-9,0
doi:10.1079/9781836990185.0006,760,0.000000,Revolutionizing Event and Festival Marketing: The Impact of AI and Digitization in Destination Marketing,2025,10.1079/9781836990185.0006,CABI eBooks,book-chapter,"Pancholi, Kritika; Shukla, Parag",forward,openalex,doi:10.1007/s11747-020-00749-9,0
doi:10.1080/00218499.2024.2445362,761,0.000000,Exploring the Integration of Generative AI in Advertising Agencies: A Co-Creative Process Model for Human–AI Collaboration,2025,10.1080/00218499.2024.2445362,Journal of Advertising Research,article,"Cui, Weila; Liu, Martin J.; Yuan, Ruizhi",forward,openalex,doi:10.1007/s11747-019-00696-0|doi:10.1007/s11747-020-00749-9|doi:10.1080/00913367.2019.1654421|doi:10.1080/00913367.2022.2111728,0
doi:10.1080/00218499.2025.2454120,762,0.000000,When AI Doesn’t Sell Prada: Why Using AI-Generated Advertisements Backfires for Luxury Brands,2025,10.1080/00218499.2025.2454120,Journal of Advertising Research,article,"To, Rita Ngoc; Wu, Yi-Chia; Kianian, Parichehr; Zhang, Zhe",forward,openalex,doi:10.1080/0965254x.2022.2148269,0
doi:10.1080/00218499.2025.2462405,763,0.000000,The Inverted U-Shaped Effect of Personalization on Consumer Attitudes in AI-Generated Ads: Striking the Right Balance Between Utility and Threat,2025,10.1080/00218499.2025.2462405,Journal of Advertising Research,article,"Sun, Hongjie; Xie, Pengfei; Sun, Yan",forward,openalex,doi:10.1007/s11747-020-00749-9|doi:10.1016/j.ausmj.2020.04.002|doi:10.1080/00913367.2020.1795954|doi:10.1080/00913367.2022.2111728|doi:10.1177/0008125619859317|doi:10.1177/18393349211037684,0
doi:10.1080/00218499.2025.2464305,764,0.000000,Harmony or Discord? The Intersection of Generative AI and Human Creativity in Advertising,2025,10.1080/00218499.2025.2464305,Journal of Advertising Research,article,"Demsar, Vlad; Ferraro, Carla; Sands, Sean; Kohn, August",forward,openalex,doi:10.1016/j.bushor.2019.12.002,0
doi:10.1080/00218499.2025.2464307,765,0.000000,The Differential Impact of AI Salience on Advertising Engagement and Attitude: Scary Good AI Advertising,2025,10.1080/00218499.2025.2464307,Journal of Advertising Research,article,"Hanson, Sara; Carlson, Jeffrey R.; Pressler, Heather",forward,openalex,doi:10.1016/j.ausmj.2020.04.002,0
doi:10.1080/00218499.2026.2677339,766,0.000000,Forgiving the Algorithm? Consumer Responses to AI- vs. Human-Created Misrepresentative Ads,2026,10.1080/00218499.2026.2677339,Journal of Advertising Research,article,"Bhoumik, Kshitij",forward,openalex,doi:10.1007/s11747-020-00749-9|doi:10.1177/0008125619859317,0
doi:10.1080/00472778.2021.1955127,767,0.000000,Digital marketing in SMEs via data-driven strategies: Reviewing the current state of research,2021,10.1080/00472778.2021.1955127,Journal of Small Business Management,article,"Saura, José Ramón; Palacios‐Marqués, Daniel; Soriano, Domingo Ribeiro",forward,openalex,doi:10.1016/j.jik.2020.08.001,0
doi:10.1080/00913367.2016.1199335,768,0.000000,Conceptualizing the Evolution and Future of Advertising,2016,10.1080/00913367.2016.1199335,Journal of Advertising,article,"Kumar, Vikas; Gupta, Shaphali",backward,crossref|openalex,doi:10.1007/978-3-658-22681-7_3|doi:10.1080/00913367.2022.2111728|doi:10.3389/fpsyg.2022.856663,0
doi:10.1080/00913367.2017.1339368,769,0.000000,Online Behavioral Advertising: A Literature Review and Research Agenda,2017,10.1080/00913367.2017.1339368,Journal of Advertising,article,"Boerman, Sophie C.; Kruikemeier, Sanne; Borgesius, Frederik Zuiderveen",backward,crossref|openalex,doi:10.1007/978-3-030-93131-5_5|doi:10.1007/978-3-658-29995-8_5|doi:10.1016/j.chb.2020.106657|doi:10.1080/00913367.2020.1795954|doi:10.1080/00913367.2022.2111728|doi:10.25139/jsk.v5i3.3077|doi:10.3390/jtaer21060179,0
doi:10.1080/00913367.2019.1652121,770,0.000000,Smart Generation System of Personalized Advertising Copy and Its Application to Advertising Practice and Research,2019,10.1080/00913367.2019.1652121,Journal of Advertising,article,"Deng, Shasha; Tan, Chee‐Wee; Wang, Weijun; Pan, Yu",backward,crossref|openalex,doi:10.1080/0965254x.2022.2148269|doi:10.25139/jsk.v5i3.3077|doi:10.3389/fpsyg.2022.856663,0
doi:10.1080/00913367.2019.1652122,771,0.000000,The Impact of AI on the Advertising Process: The Chinese Experience,2019,10.1080/00913367.2019.1652122,Journal of Advertising,article,"Qin, Xuebing; Jiang, Zhibin",backward,crossref|openalex,doi:10.1007/978-3-030-72080-3_20|doi:10.1016/j.ausmj.2020.04.002|doi:10.1080/0965254x.2022.2148269|doi:10.1080/17510694.2021.2025001|doi:10.25139/jsk.v5i3.3077|doi:10.3389/fpsyg.2022.856663|doi:10.4018/979-8-3693-7041-4.ch003,0
doi:10.1080/00913367.2019.1652123,772,0.000000,An Algorithm for Allocating Sponsored Recommendations and Content: Unifying Programmatic Advertising and Recommender Systems,2019,10.1080/00913367.2019.1652123,Journal of Advertising,article,"Malthouse, Edward C.; Hessary, Yasaman Kamyab; Vakeel, Khadija Ali; Burke, Robin; Fudurić, Morana",backward,crossref|openalex,doi:10.1080/00913367.2022.2111728|doi:10.1080/0965254x.2022.2148269,0
doi:10.1080/00913367.2019.1654421,773,0.000000,Understanding Programmatic Creative: The Role of AI,2019,10.1080/00913367.2019.1654421,Journal of Advertising,article,"Chen, Gang; Xie, Peihong; Dong, Jing; Wang, Tianfu",backward|forward,crossref|openalex,doi:10.1007/978-3-031-96930-0_11|doi:10.1007/978-3-319-25023-6_1|doi:10.1016/j.ausmj.2020.04.002|doi:10.1080/00913367.2022.2111728|doi:10.1080/0965254x.2022.2148269|doi:10.1080/17510694.2021.2025001|doi:10.1177/0008125619859317|doi:10.25139/jsk.v5i3.3077|doi:10.3389/fpsyg.2022.856663|doi:10.3390/jtaer21060179|doi:10.4018/979-8-3693-7041-4.ch006,0
doi:10.1080/00913367.2020.1749914,774,0.000000,Tracking Fraudulent and Low-Quality Display Impressions,2020,10.1080/00913367.2020.1749914,Journal of Advertising,article,"Callejo, Patricia; Cuevas, √Ångel; Cuevas, Rubén; Esteban-Bravo, Mercedes; Vidal-Sanz, José M.",backward,crossref|openalex,doi:10.4018/979-8-3693-7041-4.ch003,0
doi:10.1080/00913367.2020.1795756,775,0.000000,From Purchasing Exposure to Fostering Engagement: Brand–Consumer Experiences in the Emerging Computational Advertising Landscape,2020,10.1080/00913367.2020.1795756,Journal of Advertising,article,"Araujo, Theo; Copulsky, Jonathan; Hayes, Jameson L.; Kim, Su Jung; Srivastava, Jaideep",backward,crossref|openalex,doi:10.1080/00913367.2022.2111728|doi:10.4018/979-8-3693-7041-4.ch006,0
doi:10.1080/00913367.2020.1795757,776,0.000000,Challenges and Future Directions of Computational Advertising Measurement Systems,2020,10.1080/00913367.2020.1795757,Journal of Advertising,article,"Yun, Joseph T.; Segijn, Claire M.; Pearson, Stewart; Malthouse, Edward C.; Konstan, Joseph A.; Shankar, Venkatesh",backward|forward,crossref|openalex,doi:10.1080/00913367.2020.1795954,0
doi:10.1080/00913367.2020.1795758,777,0.000000,"Creating, Metavoicing, and Propagating: A Road Map for Understanding User Roles in Computational Advertising",2020,10.1080/00913367.2020.1795758,Journal of Advertising,article,"Liu–Thompkins, Yuping; Masłowska, Ewa; Ren, Yuqing; Kim, Hyejin",backward|forward,crossref|openalex,doi:10.1080/00913367.2020.1795954|doi:10.1080/00913367.2022.2111728,0
doi:10.1080/00913367.2020.1795954,778,0.000000,Introducing a Model of Automated Brand-Generated Content in an Era of Computational Advertising,2020,10.1080/00913367.2020.1795954,Journal of Advertising,article,"Noort, Guda van; Himelboim, Itai; Martin, Jolie M.; Collinger, Tom",backward|forward,crossref|openalex,doi:10.1007/978-3-319-25023-6_1|doi:10.1080/00913367.2022.2111728|doi:10.1080/0965254x.2022.2148269,0
doi:10.1080/00913367.2020.1809576,779,0.000000,Can Social Media Listening Platforms’ Artificial Intelligence Be Trusted? Examining the Accuracy of Crimson Hexagon’s (Now Brandwatch Consumer Research’s) AI-Driven Analyses,2020,10.1080/00913367.2020.1809576,Journal of Advertising,article,"Hayes, Jameson L.; Britt, Brian; Evans, William; Rush, Stephen; Towery, Nathan A.; Adamson, Alyssa",backward,crossref|openalex,doi:10.1080/00913367.2022.2111728,0
doi:10.1080/00913367.2020.1811179,780,0.000000,Macro and Exogenous Factors in Computational Advertising: Key Issues and New Research Directions,2020,10.1080/00913367.2020.1811179,Journal of Advertising,article,"Helberger, Natali; Huh, Jisu; Milne, George R.; Strycharz, Joanna; Sundaram, Hari",backward|forward,crossref|openalex,doi:10.1007/s11747-019-00696-0|doi:10.1080/00913367.2020.1795954,0
doi:10.1080/00913367.2020.1821411,781,0.000000,Uncovering the Sources of Machine-Learning Mistakes in Advertising: Contextual Bias in the Evaluation of Semantic Relatedness,2020,10.1080/00913367.2020.1821411,Journal of Advertising,article,"Watts, Jameson K. M.; Adriano, Anastasia",backward|forward,crossref|openalex,doi:10.1080/00913367.2019.1654421|doi:10.1080/00913367.2022.2111728,0
doi:10.1080/00913367.2020.1832939,782,0.000000,Stimulating or Intimidating: The Effect of AI-Enabled In-Store Communication on Consumer Patronage Likelihood,2020,10.1080/00913367.2020.1832939,Journal of Advertising,article,"Esch, Patrick van; Cui, Yuanyuan; Jain, Shailendra Pratap",backward|forward,crossref|openalex,doi:10.1016/j.ausmj.2020.04.002|doi:10.1080/00913367.2019.1654421|doi:10.1080/00913367.2022.2111728|doi:10.1177/0008125619859317|doi:10.1177/18393349211037684,0
doi:10.1080/00913367.2020.1843090,783,0.000000,Artificial Intelligence in Advertising Creativity,2020,10.1080/00913367.2020.1843090,Journal of Advertising,article,"Vakratsas, Demetrios; Wang, Xin",backward,crossref|openalex,doi:10.1080/00913367.2022.2111728|doi:10.3389/fpsyg.2022.856663,0
doi:10.1080/00913367.2020.1843091,784,0.000000,Automatically Detecting Image–Text Mismatch on Instagram with Deep Learning,2021,10.1080/00913367.2020.1843091,Journal of Advertising,article,"Ha, Yu-i; Park, Kunwoo; Kim, Su Jung; Joo, Jungseock; Cha, Meeyoung",backward,openalex,doi:10.1080/00913367.2022.2111728,0
doi:10.1080/00913367.2020.1868233,785,0.000000,Themed Issue Introduction: Promises and Perils of Artificial Intelligence and Advertising,2021,10.1080/00913367.2020.1868233,Journal of Advertising,article,"Rodgers, Shelly",backward|forward,crossref|openalex,doi:10.1080/00913367.2022.2111728|doi:10.1177/0008125619859317,0
doi:10.1080/00913367.2021.1909515,786,0.000000,Preparing for an Era of Deepfakes and AI-Generated Ads: A Framework for Understanding Responses to Manipulated Advertising,2021,10.1080/00913367.2021.1909515,Journal of Advertising,article,"Campbell, Colin; Plangger, Kirk; Sands, Sean; Kietzmann, Jan",forward,openalex,doi:10.1016/j.bushor.2019.12.002,0
doi:10.1080/00913367.2022.2111728,787,0.000000,Asking Questions of AI Advertising: A Maieutic Approach,2022,10.1080/00913367.2022.2111728,Journal of Advertising,article,"Coffin, Jack",forward,openalex,doi:10.1007/978-3-319-25023-6_1|doi:10.1016/j.chb.2020.106657|doi:10.1080/00913367.2019.1654421|doi:10.1080/00913367.2020.1795954,0
doi:10.1080/00913367.2023.2227013,788,0.000000,"ChatGPT, AI Advertising, and Advertising Research and Education",2023,10.1080/00913367.2023.2227013,Journal of Advertising,article,"Huh, Jisu; Nelson, Michelle R.; Russell, Cristel Antonia",forward,openalex,doi:10.1080/00913367.2022.2111728,0
doi:10.1080/00913367.2024.2309929,789,0.000000,Disclosing AI’s Involvement in Advertising to Consumers: A Task-Dependent Perspective,2024,10.1080/00913367.2024.2309929,Journal of Advertising,article,"Wu, Linwan; Dodoo, Naa Amponsah; Wen, Taylor Jing",forward,openalex,doi:10.1016/j.ausmj.2020.04.002|doi:10.1080/00913367.2019.1654421|doi:10.1080/00913367.2020.1795954,0
doi:10.1080/00913367.2025.2460985,790,0.000000,Understanding Customer Responses to AI-Driven Personalized Journeys: Impacts on the Customer Experience,2025,10.1080/00913367.2025.2460985,Journal of Advertising,article,"Hardcastle, Kimberley; Larsen, Lizette Vorster; Brown, David",forward,openalex,doi:10.1080/00913367.2022.2111728|doi:10.1177/0008125619859317,0
doi:10.1080/00913367.2025.2602465,791,0.000000,"Human vs. Artificial Intelligence: The Role of Agent Knowledge in Consumer Responses to AI Influencers, Moderated by Interactivity and Mediated by Anthropomorphism",2026,10.1080/00913367.2025.2602465,Journal of Advertising,article,"Kim, WooJin; Lee, Dongchan; Ham, Chang-Dae",forward,openalex,doi:10.1007/s11747-019-00696-0|doi:10.1016/j.bushor.2019.12.002|doi:10.1177/0008125619859317,0
doi:10.1080/00913367.2026.2640989,792,0.000000,How Women Respond to Computer-Generated Inclusive Advertising: Advocating for Body Positivity in the Age of AI,2026,10.1080/00913367.2026.2640989,Journal of Advertising,article,"Xie, Quan; Muralidharan, Sidharth; Phua, Joe",forward,openalex,doi:10.1016/j.ausmj.2020.04.002,0
doi:10.1080/00913367.2026.2652377,793,0.000000,"Cultural Lag, Consumer Literacy, and Coping in AI-Enabled Advertising: A Theoretical Explication and Managerial Solutions",2026,10.1080/00913367.2026.2652377,Journal of Advertising,article,"Chen, L; Zhou, Xuan; Lim, Elison Ai Ching; Chen, Tao; Tandoc, Edson C.; Chattoraj, Diotima",forward,openalex,doi:10.1016/j.ausmj.2020.04.002|doi:10.1080/00913367.2019.1654421|doi:10.1080/00913367.2022.2111728,0
doi:10.1080/0144929x.2022.2163188,794,0.000000,Influence of chatbots on purchase intention in social commerce,2023,10.1080/0144929x.2022.2163188,Behaviour and Information Technology,article,"Sindhu, Pranay; Bharti, Kumkum",forward,openalex,doi:10.1007/s11747-020-00749-9|doi:10.1108/ijrdm-08-2020-0312,0
doi:10.1080/0144929x.2023.2279658,795,0.000000,When consumers need more interpretability of artificial intelligence (AI) recommendations? The effect of decision-making domains,2023,10.1080/0144929x.2023.2279658,Behaviour and Information Technology,article,"Chen, Changdong; Zheng, Yuchen",forward,openalex,doi:10.1007/s11747-019-00696-0,0
doi:10.1080/0144929x.2025.2490672,796,0.000000,Factors affecting customer adoption of AI digital agents in service operations: an assessment of relative importance,2025,10.1080/0144929x.2025.2490672,Behaviour and Information Technology,article,"Pathak, Aman; Bansal, Veena",forward,openalex,doi:10.1007/s11747-020-00749-9,0
doi:10.1080/01969722.2023.2296253,797,0.000000,The Impact of Generative AI and ChatGPT on Creating Digital Advertising Campaigns,2023,10.1080/01969722.2023.2296253,Cybernetics & Systems,article,"Gołąb-Andrzejak, Edyta",forward,openalex,doi:10.1007/s11747-019-00696-0,0
doi:10.1080/02642069.2020.1787993,798,0.000000,The dark side of AI-powered service interactions: exploring the process of co-destruction from the customer perspective,2020,10.1080/02642069.2020.1787993,Service Industries Journal,article,"Castillo, Daniela; Canhoto, Ana Isabel; Said, Emanuel",forward,openalex,doi:10.1007/s11747-019-00696-0,0
doi:10.1080/02642069.2024.2344113,799,0.000000,How does AI agent (vs. IVR system) service failure impact customer purchase behavior: mediating effect of customer involvement,2024,10.1080/02642069.2024.2344113,Service Industries Journal,article,"Li, Binbin; Chang, Yufei; Liu, Luning; Liu, H. T.; Sun, Jie",forward,openalex,doi:10.1007/s11747-020-00749-9,0
doi:10.1080/02642069.2024.2361291,800,0.000000,Leveraging responsible artificial intelligence to enhance salespeople well-being and performance,2024,10.1080/02642069.2024.2361291,Service Industries Journal,article,"Weng, Chenchen; Yuan, Ruizhi; Ye, Dandan; Huang, Bo; Xun, Jiyao",forward,openalex,doi:10.1007/s11747-019-00696-0,0
doi:10.1080/02642069.2024.2418315,801,0.000000,The social assumption in service redefined by AI-mediated zero-social-touch services,2024,10.1080/02642069.2024.2418315,Service Industries Journal,article,"Lv, David Diwei; QIU, W.; Cho, Erin",forward,openalex,doi:10.1177/0008125619859317,0
doi:10.1080/02642069.2025.2485983,802,0.000000,Sustained use of generative AI for shopping: a PLS-ANN analysis,2025,10.1080/02642069.2025.2485983,Service Industries Journal,article,"Foroughi, Behzad; Ghobakhloo, Morteza; Wen, Jun; Fathi, Masood",forward,openalex,doi:10.1177/18393349211037684,0
doi:10.1080/02642069.2025.2575165,803,0.000000,Customer experience and chatbots disruption: current landscape and research needs,2025,10.1080/02642069.2025.2575165,Service Industries Journal,article,"Farjas, Cristina; Herrando, Carolina; Melero‐Polo, Iguácel",forward,openalex,doi:10.1108/ijrdm-08-2020-0312,0
doi:10.1080/02642069.2026.2612702,804,0.000000,A framework for AI-driven value co-creation across customer journey stages,2026,10.1080/02642069.2026.2612702,Service Industries Journal,article,"Chandra, Baby; Rahman, Zillur",forward,openalex,doi:10.1007/s11747-019-00696-0,0
doi:10.1080/02650487.2016.1239878,805,0.000000,Exploring how consumers cope with online behavioral advertising,2016,10.1080/02650487.2016.1239878,International Journal of Advertising,article,"Ham, Chang-Dae",backward,crossref|openalex,doi:10.1016/j.chb.2020.106657,0
doi:10.1080/02650487.2018.1461733,806,0.000000,Understanding programmatic TV advertising,2018,10.1080/02650487.2018.1461733,International Journal of Advertising,article,"Malthouse, Edward C.; Masłowska, Ewa; Franks, Judy U",backward,crossref|openalex,doi:10.1007/978-3-031-96930-0_11|doi:10.1007/978-3-658-29995-8_5|doi:10.1016/j.chb.2020.106657|doi:10.1016/j.techfore.2019.03.020|doi:10.1080/00913367.2019.1654421|doi:10.1080/00913367.2020.1795954|doi:10.25139/jsk.v5i3.3077|doi:10.4337/9781035312870.00008,0
doi:10.1080/02650487.2019.1642015,807,0.000000,Digital advertising: present and future prospects,2019,10.1080/02650487.2019.1642015,International Journal of Advertising,article,"Lee, Hee Jun; Cho, Chang‐Hoan",backward,crossref|openalex,doi:10.1016/j.techsoc.2020.101425|doi:10.25139/jsk.v5i3.3077|doi:10.3389/fpsyg.2022.856663|doi:10.4018/979-8-3693-3455-3.ch001|doi:10.4018/979-8-3693-7041-4.ch006|doi:10.58830/ozgur.pub610.c2595,0
doi:10.1080/02650487.2021.1903742,808,0.000000,Blurring luxury: the mediating role of self-gifting in consumer acceptance of phygital shopping experiences,2021,10.1080/02650487.2021.1903742,International Journal of Advertising,article,"Lawry, Charles Aaron",backward,crossref|openalex,doi:10.1016/j.techfore.2023.122342,0
doi:10.1080/02650487.2021.1920218,809,0.000000,Understanding Twitter conversations about artificial intelligence in advertising based on natural language processing,2021,10.1080/02650487.2021.1920218,International Journal of Advertising,article,"Wu, Linwan; Dodoo, Naa Amponsah; Wen, Taylor Jing; Li, Ke",forward,openalex,doi:10.1007/s11747-019-00696-0|doi:10.1016/j.ausmj.2020.04.002|doi:10.1080/00913367.2019.1654421|doi:10.1080/00913367.2020.1795954,0
doi:10.1080/02650487.2023.2264045,810,0.000000,"Consumers’ persuasion knowledge of algorithms in social media advertising: identifying consumer groups based on awareness, appropriateness, and coping ability",2023,10.1080/02650487.2023.2264045,International Journal of Advertising,article,"Voorveld, Hilde; Meppelink, Corine S.; Boerman, Sophie C.",forward,openalex,doi:10.1007/s11747-019-00696-0,0
doi:10.1080/02650487.2024.2325835,811,0.000000,"Artificial intelligence, virtual and augmented reality, social media, online reviews, and influencers: a review of how service businesses use promotional devices and future research directions",2024,10.1080/02650487.2024.2325835,International Journal of Advertising,article,"Chu, Shu‐Chuan; Yim, Mark Yi‐Cheon; Mundel, Juan",forward,openalex,doi:10.1007/s11747-019-00696-0,0
doi:10.1080/02650487.2024.2401319,812,0.000000,Effect of disclosing AI-generated content on prosocial advertising evaluation,2024,10.1080/02650487.2024.2401319,International Journal of Advertising,article,"Baek, Tae Hyun; Kim, Jungkeun; Kim, Jungkeun; Kim, Jeong Hyun; Kim, Jeong Hyun",forward,openalex,doi:10.1016/j.ausmj.2020.04.002,0
doi:10.1080/02650487.2024.2410559,813,0.000000,Examining the interplay of chatbot interactivity and anthropomorphic design for enhancing brand relationships in service businesses,2024,10.1080/02650487.2024.2410559,International Journal of Advertising,article,"Lin, Jhih-Syuan",forward,openalex,doi:10.1007/s11747-020-00749-9,0
doi:10.1080/02650487.2024.2411669,814,0.000000,That uncanny valley of mind: when anthropomorphic AI agents disrupt personalized advertising,2024,10.1080/02650487.2024.2411669,International Journal of Advertising,article,"Kim, WooJin; Ryoo, Yuhosua; Choi, Yung Kyun",forward,openalex,doi:10.1007/s11747-020-00749-9,0
doi:10.1080/02650487.2025.2457080,815,0.000000,Easing AI-advertising aversion: how leadership for the greater good buffers negative response to AI-generated ads,2025,10.1080/02650487.2025.2457080,International Journal of Advertising,article,"Sands, Sean; Demsar, Vlad; Ferraro, Carla; Wilson, Samuel; Wheeler, Melissa; Campbell, Colin D.",forward,openalex,doi:10.1016/j.bushor.2019.12.002|doi:10.1080/00913367.2019.1654421,0
doi:10.1080/02650487.2025.2557053,816,0.000000,The influence of artificial intelligence quality on business-to-business relationships on E-commerce platforms: unveiling the nexus,2025,10.1080/02650487.2025.2557053,International Journal of Advertising,article,"Shabankareh, Mohammadjavad; Daronkola, Hassan Kalantari; Sarhadi, Ali; Thaichon, Park; Nazarian, Alireza",forward,openalex,doi:10.1177/0008125619859317,0
doi:10.1080/02650487.2025.2604910,817,0.000000,Transforming advertising in the age of generative AI: exploring advertising professionals’ perceptions of human-AI value co-creation,2025,10.1080/02650487.2025.2604910,International Journal of Advertising,article,"Yang, Jing; Dong, Chuqing; Chu, Shu-Chuan; Rheu, Minjin",forward,openalex,doi:10.1007/s11747-020-00749-9|doi:10.1080/00913367.2019.1654421,0
doi:10.1080/02650487.2026.2615536,818,0.000000,The need for more research on public policy issues related to the use of artificial intelligence in advertising,2026,10.1080/02650487.2026.2615536,International Journal of Advertising,article,"Taylor, Charles R.",forward,openalex,doi:10.1080/0965254x.2022.2148269,0
doi:10.1080/02650487.2026.2704450,819,0.000000,The personalization paradox in AI-driven social media advertising: a tripartite framework,2026,10.1080/02650487.2026.2704450,International Journal of Advertising,article,"Haq, Inam Ul; Mazhar, Bilal; Tareen, Hannan Khan; Maqsood, Fatima; Welhenage, Usha A. Priyanga",forward,openalex,doi:10.1177/0008125619859317,0
doi:10.1080/0267257x.2020.1739446,820,0.000000,On realising the utopian potential of big data analytics for maximising return on marketing investments,2020,10.1080/0267257x.2020.1739446,Journal of Marketing Management,article,"Benoit, Dries F.; Lessmann, Stefan; Verbeke, Wouter",backward,crossref|openalex,doi:10.1080/10696679.2023.2166535,0
doi:10.1080/0267257x.2020.1866647,821,0.000000,A typology of personalisation practices in marketing in the digital age,2021,10.1080/0267257x.2020.1866647,Journal of Marketing Management,article,"Aksoy, Nilşah Cavdar; Kabadayı, Ebru Tümer; Yılmaz, Cengiz; Alan, Alev Koçak",backward,crossref|openalex,doi:10.1080/10696679.2023.2166535,0
doi:10.1080/0267257x.2024.2421860,822,0.000000,Disinformation and fake news as externalities of digital advertising: a close reading of sociotechnical imaginaries in programmatic advertising,2024,10.1080/0267257x.2024.2421860,Journal of Marketing Management,article,"Ruiz, Carlos Díaz",forward,openalex,doi:10.1016/j.chb.2020.106657,0
doi:10.1080/0267257x.2025.2492191,823,0.000000,"Marketing machines at work: performing e-commerce by assembling, adjusting, and maintaining a complex market device",2025,10.1080/0267257x.2025.2492191,Journal of Marketing Management,article,"Fuentes, Christian; Stoopendahl, Patrik",forward,openalex,doi:10.1016/j.chb.2020.106657,0
doi:10.1080/0267257x.2025.2526543,824,0.000000,Behind the virtual scenes: marketing management perspectives on the strategic use of virtual influencers,2025,10.1080/0267257x.2025.2526543,Journal of Marketing Management,article,"Polyakova, A. V.; Garnier, Marion; Duchain, Jomar C. D.",forward,openalex,doi:10.1007/s11747-019-00696-0|doi:10.1016/j.bushor.2019.12.002,0
doi:10.1080/0267257x.2025.2596021,825,0.000000,"‘Human, you should help others’: how AI disclosure, message assertiveness, and AI anxiety shape consumer responses to AI-generated charitable ads",2025,10.1080/0267257x.2025.2596021,Journal of Marketing Management,article,"Lee, Yejoo; Oh, Seungjae; Kim, Taeyeon; Bang, Hyejin",forward,openalex,doi:10.1007/s11747-020-00749-9|doi:10.1016/j.ausmj.2020.04.002,0
doi:10.1080/07366981.2025.2600205,826,0.000000,Navigating the ethical and legal risks of AI marketing in Jordanian SMEs,2025,10.1080/07366981.2025.2600205,EDPACS,article,"Abdullah, Sarah Khaled; Qawasmeh, Rasha",forward,openalex,doi:10.1007/s11747-019-00696-0,0
doi:10.1080/08838151.2020.1834296,827,0.000000,"How Do AI-driven Chatbots Impact User Experience? Examining Gratifications, Perceived Privacy Risk, Satisfaction, Loyalty, and Continued Use",2020,10.1080/08838151.2020.1834296,Journal of Broadcasting & Electronic Media,article,"Cheng, Yang; Jiang, Hua",backward,crossref|openalex,doi:10.1108/978-1-83549-568-120251012,0
doi:10.1080/08853134.2017.1386110,828,0.000000,Are sales as we know it dying … or merely transforming?,2017,10.1080/08853134.2017.1386110,Journal of Personal Selling and Sales Management,article,"Moncrief, William C.",backward,crossref|openalex,doi:10.1016/j.indmarman.2020.07.022,0
doi:10.1080/08853134.2018.1441718,829,0.000000,Hybrid sales structures in the age of e-commerce,2018,10.1080/08853134.2018.1441718,Journal of Personal Selling and Sales Management,article,"Thaichon, Park; Surachartkumtonkun, Jiraporn; Quach, Sara; Weaven, Scott; Palmatier, Robert W.",backward,crossref|openalex,doi:10.1016/j.indmarman.2020.07.022,0
doi:10.1080/08853134.2018.1557525,830,0.000000,"Sales profession and professionals in the age of digitization and artificial intelligence technologies: concepts, priorities, and questions",2019,10.1080/08853134.2018.1557525,Journal of Personal Selling and Sales Management,article,"Singh, Jagdip; Flaherty, Karen; Sohi, Ravipreet S.; Deeter‐Schmelz, Dawn R.; Habel, Johannes; Meunier‐FitzHugh, Kenneth Le; Malshe, Avinash; Mullins, Ryan; Onyemah, Vincent",backward,crossref|openalex,doi:10.1007/978-3-030-72080-3_20|doi:10.1007/s11747-019-00696-0|doi:10.1016/j.indmarman.2020.07.022,0
doi:10.1080/08853134.2021.1918005,831,0.000000,The impact of digital transformation on salespeople: an empirical investigation using the JD-R model,2021,10.1080/08853134.2021.1918005,Journal of Personal Selling and Sales Management,article,"Guenzi, Paolo; Nijssen, Edwin J.",forward,openalex,doi:10.1016/j.indmarman.2020.07.022,0
doi:10.1080/08853134.2021.2016058,832,0.000000,Drivers of salespeople’s AI acceptance: what do managers think?,2022,10.1080/08853134.2021.2016058,Journal of Personal Selling and Sales Management,article,"Chen, Jing; Zhou, Wenkai",forward,openalex,doi:10.1016/j.bushor.2019.12.002,0
doi:10.1080/08853134.2022.2067554,833,0.000000,Analyzing sales proposal rejections via machine learning,2022,10.1080/08853134.2022.2067554,Journal of Personal Selling and Sales Management,article,"Nguyen, Peter; Friend, Scott B.; Chase, Kevin S.; Johnson, Jeff S.",forward,openalex,doi:10.1007/s11747-019-00696-0|doi:10.1016/j.indmarman.2020.07.022,0
doi:10.1080/08853134.2022.2102029,834,0.000000,The triggers and consequences of digital sales: a systematic literature review,2022,10.1080/08853134.2022.2102029,Journal of Personal Selling and Sales Management,review,"Fischer, Heiko; Seidenstricker, Sven; Poeppelbuss, Jens",forward,openalex,doi:10.1007/s11747-019-00696-0,0
doi:10.1080/08853134.2024.2329905,835,0.000000,AI in sales: Laying the foundations for future research,2024,10.1080/08853134.2024.2329905,Journal of Personal Selling and Sales Management,article,"McClure, Colleen E.; Epler, Rhett; Schmitt, Laurianne; Rangarajan, Deva",forward,openalex,doi:10.1007/s11747-019-00696-0|doi:10.1007/s11747-020-00749-9,0
doi:10.1080/08853134.2026.2616240,836,0.000000,"Unpacking Generative AI for B2B Sales: Definitional Perspectives, Multidimensional Framework, and Sales Roles",2026,10.1080/08853134.2026.2616240,Journal of Personal Selling and Sales Management,article,"Wang, Nengbo; Nahm, Irene Y.; Pu, Qiyao; Mojir, Navid; Singh, Jagdip",forward,openalex,doi:10.1007/s11747-020-00749-9,0
doi:10.1080/08874417.2020.1788473,837,0.000000,Do We Trust in AI? Role of Anthropomorphism and Intelligence,2020,10.1080/08874417.2020.1788473,Journal of Computer Information Systems,article,"Troshani, Indrit; Hill, Sally Rao; Sherman, Claire; Arthur, Damien",forward,openalex,doi:10.1007/s11747-019-00696-0,0
doi:10.1080/08874417.2021.1919939,838,0.000000,Identity Sharing and Adaptive Personalization Influencing Online Repurchases,2021,10.1080/08874417.2021.1919939,Journal of Computer Information Systems,article,"Bui, Son; Kettinger, William J.; Park, Insu",forward,openalex,doi:10.1007/s11747-020-00749-9,0
doi:10.1080/08874417.2023.2277751,839,0.000000,Firm AI Adoption Intensity and Marketing Performance,2023,10.1080/08874417.2023.2277751,Journal of Computer Information Systems,article,"Chen, Jing; Zhou, Wenkai; Frankwick, Gary L.",forward,openalex,doi:10.1007/s11747-019-00696-0|doi:10.1007/s11747-020-00749-9,0
doi:10.1080/08874417.2024.2371434,840,0.000000,When Chatbots Struggle with Customer Queries: Can Humans Help Them?,2024,10.1080/08874417.2024.2371434,Journal of Computer Information Systems,article,"Hari, Harinder; Sharma, Arun",forward,openalex,doi:10.1007/s11747-019-00696-0,0
doi:10.1080/08874417.2025.2456750,841,0.000000,Consumers’ Intentions to Use AI Chatbots on Online Shopping Platforms,2025,10.1080/08874417.2025.2456750,Journal of Computer Information Systems,article,"Thi, Thuy Dung Pham; Duong, Nam Tien",forward,openalex,doi:10.1108/ijrdm-08-2020-0312,0
doi:10.1080/08911762.2025.2503495,842,0.000000,The Influence of AI Chatbots on Green Satisfaction and Loyalty: Evidence from Sustainability-Driven Consumer Behavior,2025,10.1080/08911762.2025.2503495,Journal of Global Marketing,article,"Nguyen, Man The; Thach, Khoa Tran Dang; Nguyen, Chi Ngoc Lan; Nguyen, Anh Chuong; Doan, Han Kha",forward,openalex,doi:10.1007/s11747-020-00749-9,0
doi:10.1080/08911762.2025.2590758,843,0.000000,"Globally Centralized Marketing and Sales Analytics in Practice: An Exploratory Study of Patterns, Benefits, Challenges, and Success Factors",2025,10.1080/08911762.2025.2590758,Journal of Global Marketing,article,"Sinha, Prabhakant; Shastri, Arun; Lorimer, Sally E.",forward,openalex,doi:10.1007/s11747-019-00696-0,0
doi:10.1080/08911762.2025.2593340,844,0.000000,"Artificial Intelligence Research in Social Media Marketing: A Review, Synthesis and Research Avenues",2025,10.1080/08911762.2025.2593340,Journal of Global Marketing,article,"Kumar, Satinder; Malhotra, Dipti; Kathuria, Garima",forward,openalex,doi:10.1007/s11747-020-00749-9|doi:10.1177/18393349211037684,0
doi:10.1080/08911762.2026.2679112,845,0.000000,Mapping AI’s Impact on MarCom: A Multifaceted Strategic Framework Through Literature Analysis,2026,10.1080/08911762.2026.2679112,Journal of Global Marketing,article,"Komodromos, Marcos; Vassiliou, Marios; Μασούρας, Ανδρέας; Papalexandris, Stylianos; Anastasiadou, Sofia D.",forward,openalex,doi:10.1007/s11747-020-00749-9|doi:10.1016/j.bushor.2019.12.002|doi:10.1108/wjemsd-08-2020-0099,0
doi:10.1080/08911762.2026.2697021,846,0.000000,Marketing to the Machine: Rethinking Global Marketing for the AI Era,2026,10.1080/08911762.2026.2697021,Journal of Global Marketing,article,"Sands, Sean; Campbell, Colin",forward,openalex,doi:10.1016/j.bushor.2019.12.002,0
doi:10.1080/08961530.2023.2266897,847,0.000000,"Tired or Inspired: A Conceptual Model for Using Regenerative Artificial Intelligence to Create Context, User, and Time-Aware Individualized Shopping Guidance",2023,10.1080/08961530.2023.2266897,Journal of International Consumer Marketing,article,"Zwanka, Russell J.; Zondag, Marcel M.",forward,openalex,doi:10.1007/s11747-020-00749-9,0
doi:10.1080/08961530.2025.2609079,848,0.000000,A Scope–Scale Framework of Phygital Experience Design: Culturally Situated Identity and Symbolic Engagement Among Gen Z Consumers,2026,10.1080/08961530.2025.2609079,Journal of International Consumer Marketing,article,"Hong, Paul; Kim, Wooyang",forward,openalex,doi:10.1016/j.techfore.2023.122342,0
doi:10.1080/09593969.2019.1694562,849,0.000000,An omnichannel approach to retailing: demystifying and identifying the factors influencing an omnichannel experience,2019,10.1080/09593969.2019.1694562,The International Review of Retail Distribution and Consumer Research,article,"Hickman, Ellie; Kharouf, Husni; Sekhon, Harjit",backward,openalex,doi:10.6092/issn.2611-0563/13120,0
doi:10.1080/09593969.2024.2411209,850,0.000000,Value propositions of artificial intelligence in retailing,2024,10.1080/09593969.2024.2411209,The International Review of Retail Distribution and Consumer Research,article,"Yrjölä, Mika; Hautamäki, Pia; Ranta, Roosa",forward,openalex,doi:10.1007/s11747-019-00696-0,0
doi:10.1080/09593969.2025.2526482,851,0.000000,Does AI matter in marketing? Unveiling the role of AI-driven marketing in quick grocery,2025,10.1080/09593969.2025.2526482,The International Review of Retail Distribution and Consumer Research,article,"Haneefa, K. V.; Singh, Harmandeep",forward,openalex,doi:10.1007/s11747-019-00696-0|doi:10.1177/0008125619859317,0
doi:10.1080/0965254x.2018.1493523,852,0.000000,Internet of things support for marketing activities,2018,10.1080/0965254x.2018.1493523,Journal of Strategic Marketing,article,"Taylor, Mark; Reilly, Denis; Wren, Chris",backward,crossref|openalex,doi:10.4018/ijdst.307953,0
doi:10.1080/0965254x.2021.1976252,853,0.000000,Viewpoint: phygital – the emperor’s new clothes?,2021,10.1080/0965254x.2021.1976252,Journal of Strategic Marketing,article,"Klaus, Philipp",backward,openalex,doi:10.1016/j.techfore.2023.122342,0
doi:10.1080/0965254x.2021.1985594,854,0.000000,Consumer retention through phygital experience in omnichannel retailing: role of consumer empowerment and satisfaction,2021,10.1080/0965254x.2021.1985594,Journal of Strategic Marketing,article,"Mishra, Sita; Malhotra, Gunjan; Chatterjee, Ravi; Shukla, Yupal",backward,crossref|openalex,doi:10.1016/j.techfore.2023.122342|doi:10.1155/hbe2/6675139,0
doi:10.1080/0965254x.2021.2016894,855,0.000000,Shifting to phygital experience management with design science: a six-step method to manage customer journeys,2021,10.1080/0965254x.2021.2016894,Journal of Strategic Marketing,article,"Jacob, Florence; Pez, Virginie; Volle, Pierre",backward|forward,crossref|openalex,doi:10.1007/978-3-319-68750-6_18|doi:10.1155/hbe2/6675139,0
doi:10.1080/0965254x.2022.2052937,856,0.000000,How luxury brands build customer-based brand equity through phygital experience,2022,10.1080/0965254x.2022.2052937,Journal of Strategic Marketing,article,"Hyun, Hyowon; Park, Jungkun; Hawkins, Matthew; Kim, Dongyoup",backward,crossref|openalex,doi:10.1155/hbe2/6675139,0
doi:10.1080/0965254x.2022.2059775,857,0.000000,What does phygital really mean? A conceptual introduction to the phygital customer experience (PH-CX) framework,2022,10.1080/0965254x.2022.2059775,Journal of Strategic Marketing,article,"Batat, Wided",backward|forward,crossref|openalex,doi:10.1007/978-3-319-68750-6_18|doi:10.1016/j.techfore.2023.122342|doi:10.1155/hbe2/6675139,0
doi:10.1080/0965254x.2022.2105741,858,0.000000,The ‘dark side’ of data–driven marketing: a system’s thinking analysis,2022,10.1080/0965254x.2022.2105741,Journal of Strategic Marketing,article,"Elias, Arun",backward,crossref|openalex,doi:10.4018/979-8-3693-3455-3.ch001,0
doi:10.1080/0965254x.2022.2148269,859,0.000000,Deconstructing the role of artificial intelligence in programmatic advertising: at the intersection of automation and transparency,2022,10.1080/0965254x.2022.2148269,Journal of Strategic Marketing,article,"Diwanji, Vaibhav Shwetangbhai; Lee, Jaejin; Cortese, Juliann",forward,openalex,doi:10.1007/978-3-319-25023-6_1|doi:10.1007/s11747-020-00749-9|doi:10.1016/j.ausmj.2020.04.002|doi:10.1016/j.chb.2020.106657|doi:10.1080/00913367.2019.1654421|doi:10.1080/00913367.2020.1795954,0
doi:10.1080/0965254x.2023.2273501,860,0.000000,Marketing 4.0 analytics in the B2B sector: a state-of-the-art review and integrated framework,2023,10.1080/0965254x.2023.2273501,Journal of Strategic Marketing,article,"Mahdiraji, Hannan Amoozad; Arabi, Hojatallah Sharifpour; Vrontis, Demetris",forward,openalex,doi:10.1016/j.eswa.2018.11.002,0
doi:10.1080/0965254x.2024.2386002,861,0.000000,"The future of marketing and communications in a digital era: data, analytics and narratives",2024,10.1080/0965254x.2024.2386002,Journal of Strategic Marketing,article,"Dutt, Ashutosh; Kasilingam, Dharun; Angell, Robert J.; Singh, Jaywant",forward,openalex,doi:10.1016/j.jik.2020.08.001,0
doi:10.1080/0965254x.2024.2443784,862,0.000000,Virtual influencers: a design study using anthropomorphism and self-congruence perspectives,2024,10.1080/0965254x.2024.2443784,Journal of Strategic Marketing,article,"Mehta, Bhakti; Shelat, Manisha-Pathak; Bansal, Anjali",forward,openalex,doi:10.1080/0965254x.2022.2148269,0
doi:10.1080/0965254x.2025.2540267,863,0.000000,Enhancing phygital customer experience through generative AI: a social listening method for strategic retail decision-making,2025,10.1080/0965254x.2025.2540267,Journal of Strategic Marketing,article,"Dahish, Zahra; Miah, Shah Jahan; Pandit, Ameet; Roy, Sanjit Kumar",forward,openalex,doi:10.1007/978-3-319-68750-6_18|doi:10.1007/s11747-019-00696-0,0
doi:10.1080/0965254x.2026.2614475,864,0.000000,Advancing phygital experiential marketing via generative AI,2026,10.1080/0965254x.2026.2614475,Journal of Strategic Marketing,article,"Doherty, Áine; Torres, Ann M.; Gaylard, Aisling Keenan",forward,openalex,doi:10.1007/s11747-019-00696-0,0
doi:10.1080/0965254x.2026.2705205,865,0.000000,AI-driven marketing and sustainability: from intelligent persuasion to responsible market transformation,2026,10.1080/0965254x.2026.2705205,Journal of Strategic Marketing,article,"Hau, Pham Van; Strong, Carolyn; Thaichon, Park",forward,openalex,doi:10.1007/s11747-019-00696-0,0
doi:10.1080/10447318.2021.1988487,866,0.000000,Customer Brand Engagement through Chatbots on Bank Websites– Examining the Antecedents and Consequences,2021,10.1080/10447318.2021.1988487,International Journal of Human-Computer Interaction,article,"Hari, Harinder; Iyer, Radha; Sampat, Brinda",forward,openalex,doi:10.1177/0008125619859317,0
doi:10.1080/10447318.2022.2124346,867,0.000000,Symmetric and Asymmetric Modeling to Understand Drivers and Consequences of Hotel Chatbot Engagement,2022,10.1080/10447318.2022.2124346,International Journal of Human-Computer Interaction,article,"Loureiro, Sandra María Correia; Ali, Faizan; Ali, Murad",forward,openalex,doi:10.1177/0008125619859317,0
doi:10.1080/10447318.2023.2266254,868,0.000000,"When Service Quality is Enhanced by Human–Artificial Intelligence Interaction: An Examination of Anthropomorphism, Responsiveness from the Perspectives of Employees and Customers",2023,10.1080/10447318.2023.2266254,International Journal of Human-Computer Interaction,article,"Zhang, Hui; Khan, Ali Nawaz; Zhang, Chenglong; Khan, Naseer Abbas",forward,openalex,doi:10.1108/ijrdm-08-2020-0312,0
doi:10.1080/10447318.2023.2286124,869,0.000000,Evaluating Critical Success Factors for Acceptance of Digital Assistants for Online Shopping Using Grey–DEMATEL,2023,10.1080/10447318.2023.2286124,International Journal of Human-Computer Interaction,article,"Singh, Chetanya; Dash, Manoj Kumar; Sahu, Rajendra; Singh, Gaurvendra",forward,openalex,doi:10.1108/ijrdm-08-2020-0312,0
doi:10.1080/10447318.2023.2299900,870,0.000000,AI or Human? The Effect of Streamer Types on Consumer Purchase Intention in Live Streaming,2024,10.1080/10447318.2023.2299900,International Journal of Human-Computer Interaction,article,"Gao, Jingyan; Zhao, Xijie; Zhai, Mengfan; Zhang, Duo; Li, Gang",forward,openalex,doi:10.1108/ijrdm-08-2020-0312,0
doi:10.1080/10447318.2023.2301252,871,0.000000,Navigating Human-Chatbot Interactions: An Investigation into Factors Influencing User Satisfaction and Engagement,2024,10.1080/10447318.2023.2301252,International Journal of Human-Computer Interaction,article,"Al-Shafei, Mohamed",forward,openalex,doi:10.1108/ijrdm-08-2020-0312,0
doi:10.1080/10447318.2024.2306438,872,0.000000,The Mediating Role of Parasocial Relationship in Customer Services Chatbots Among Millennials and Gen Z Population,2024,10.1080/10447318.2024.2306438,International Journal of Human-Computer Interaction,article,"Ramya, J; Alur, Sivakumar",forward,openalex,doi:10.1007/s11747-019-00696-0,0
doi:10.1080/10447318.2024.2349362,873,0.000000,aiWOM: Artificial Intelligence Word-of-Mouth. Conceptualizing Consumer-to-AI Communication,2024,10.1080/10447318.2024.2349362,International Journal of Human-Computer Interaction,article,"Tassiello, Vito; Amatulli, Cesare; Tillotson, Jack S.; Laker, Benjamin",forward,openalex,doi:10.1007/s11747-019-00696-0,0
doi:10.1080/10447318.2025.2466064,874,0.000000,Measuring Artificial Intelligence Customer Experience: Scale Development and Validation,2025,10.1080/10447318.2025.2466064,International Journal of Human-Computer Interaction,article,"Keng, Ching‐Jui; Sung, Ping-Fang; Chen, Yu-Hsin",forward,openalex,doi:10.1007/s11747-020-00749-9|doi:10.1108/ijrdm-08-2020-0312,0
doi:10.1080/10447318.2025.2470287,875,0.000000,Deciphering the Mind of the CEO: Is Artificial Intelligence a Valuable Investment in Customer Acquisition?,2025,10.1080/10447318.2025.2470287,International Journal of Human-Computer Interaction,article,"Maldonado-Canca, Luis-Alfonso; Cabrera-Sánchez, Juan-Pedro; Molinillo, Sebastián",forward,openalex,doi:10.1177/18393349211037684,0
doi:10.1080/10447318.2025.2520997,876,0.000000,Who Should Lead and What to Say? Exploring AI-Dominant vs. Human-Dominant Content Creation for Informational and Emotional Marketing,2025,10.1080/10447318.2025.2520997,International Journal of Human-Computer Interaction,article,"Lu, Xinyuan; Guo, Wan; Wang, Yizhou; Zhang, Heng",forward,openalex,doi:10.1108/wjemsd-08-2020-0099,0
doi:10.1080/10447318.2025.2596304,877,0.000000,AI-WOM Echo Pathway Model: Unveiling the Role of Cognitive and Emotional Resonance in Shaping eWOM and Purchase Intention,2025,10.1080/10447318.2025.2596304,International Journal of Human-Computer Interaction,article,"Dung, Pham Thi Phuong; Hoang, Long Cuu; Minh, Anita; Phuc, Khanh Nguyen",forward,openalex,doi:10.1007/s11747-019-00696-0,0
doi:10.1080/10447318.2025.2598452,878,0.000000,Personalized or Pressurized? The Influence of AI-Powered Personalized Recommendation Triggered Information Stressor on Consumers’ Discontinuance Purchase Behavior,2025,10.1080/10447318.2025.2598452,International Journal of Human-Computer Interaction,article,"Du, Helen S.; Chen, T.; Ke, Xiaobo",forward,openalex,doi:10.1007/s11747-019-00696-0,0
doi:10.1080/10447318.2026.2628139,879,0.000000,Behavioral Intentions Toward Generative AI: A Symbiotic Human-AI Relationship,2026,10.1080/10447318.2026.2628139,International Journal of Human-Computer Interaction,article,"Nasr, Rana Salah; El-Deeb, Sara",forward,openalex,doi:10.1177/18393349211037684,0
doi:10.1080/10496491.2025.2525099,880,0.000000,Unveiling the Impact of AI-Driven Personalization on Customer Loyalty in Online Shopping: The Moderating Effects of Privacy Concerns,2025,10.1080/10496491.2025.2525099,Journal of Promotion Management,article,"Jayapal, Jegan",forward,openalex,doi:10.1177/0008125619859317,0
doi:10.1080/10496491.2026.2663430,881,0.000000,The AI Leap in Contextual Advertising: Delivering Ad Relevance in a Privacy-First Era,2026,10.1080/10496491.2026.2663430,Journal of Promotion Management,article,"Diwanji, Vaibhav Shwetangbhai",forward,openalex,doi:10.1080/0965254x.2022.2148269,0
doi:10.1080/10496491.2026.2668536,882,0.000000,"Can AI Be Responsible? Message Cues, Attitudes, and Engagement Intentions Toward AI-Generated CSR Short-Form Videos",2026,10.1080/10496491.2026.2668536,Journal of Promotion Management,article,"Tran, Huu Phuoc; Nguyen, Thi Huong Thanh; Nguyen, Cindy; Nguyễn, Hữu Khang; Quach, Chan Khoi",forward,openalex,doi:10.1177/18393349211037684,0
doi:10.1080/10496491.2026.2669635,883,0.000000,The Persuasive Backfire of Generative AI: How Synthetic Urgency Fuels Impulse-Regret Responses and Return Intention in E-Commerce,2026,10.1080/10496491.2026.2669635,Journal of Promotion Management,article,"Kumaran, M. Siva Bala; Shobhana, N.",forward,openalex,doi:10.1007/s11747-019-00696-0,0
doi:10.1080/10496491.2026.2672505,884,0.000000,Decoding Recursive Personalization - A Conceptual Framework for Artificial Intelligence (AI) in Advertising Personalization,2026,10.1080/10496491.2026.2672505,Journal of Promotion Management,article,"Shah, Harsh; Verma, Sanjeev; Srivastava, Vartika",forward,openalex,doi:10.1007/s11747-019-00696-0|doi:10.1007/s11747-020-00749-9,0
doi:10.1080/10496491.2026.2707604,885,0.000000,The Convergent Immersive Consumer Experience (CICE) Framework: A Conceptual Model of VR-AR-AI Integration in Promotion Management,2026,10.1080/10496491.2026.2707604,Journal of Promotion Management,article,"Jain, Rashmi",forward,openalex,doi:10.1007/s11747-020-00749-9,0
doi:10.1080/10496491.2026.2709532,886,0.000000,"Symbiotic or Substitutive? A Meta-Analysis of the Convergent Effects of AI, AR, VR, and IoT on Promotion Management",2026,10.1080/10496491.2026.2709532,Journal of Promotion Management,review,"Basu, Rituparna; Bhaduri, Neelarya",forward,openalex,doi:10.1007/s11747-019-00696-0,0
doi:10.1080/1051712x.2021.1920702,887,0.000000,Developments in B to B and B to C Marketing and Sales Automation Systems,2021,10.1080/1051712x.2021.1920702,Journal of Business-to-Business Marketing,article,"Stone, Merlin; Woodcock, Neil",backward|forward,crossref|openalex,doi:10.1007/978-3-319-25023-6_1|doi:10.1016/j.indmarman.2019.12.008|doi:10.1142/s0219622024500081|doi:10.1142/s0219622025500981|doi:10.1504/ijbdm.2020.106876,0
doi:10.1080/1051712x.2025.2481374,888,0.000000,Artificial Intelligence Applications in the B2B Sales Funnel,2025,10.1080/1051712x.2025.2481374,Journal of Business-to-Business Marketing,article,"Fehrenbach, David; Herrando, Carolina; Österle, Benjamin",forward,openalex,doi:10.1007/s11747-019-00696-0|doi:10.1007/s11747-020-00749-9,0
doi:10.1080/1051712x.2026.2671080,889,0.000000,The Mediating Role of CRM Capabilities in Marketing and Sales Collaboration: Evidence from B2B SMEs in Mexico,2026,10.1080/1051712x.2026.2671080,Journal of Business-to-Business Marketing,article,"Sosa-Varela, Juan Carlos; Bustamante, Juan Carlos; Monje-Cueto, Fabiola; Bullemore, Jorge",forward,openalex,doi:10.1016/j.indmarman.2019.12.008|doi:10.1080/1051712x.2021.1920702,0
doi:10.1080/10528008.2026.2659869,890,0.000000,agentic ai in marketing education: toward autonomous workflow orchestration,2026,10.1080/10528008.2026.2659869,Marketing Education Review,article,"Teimourzadeh, Aria; Kakavand, Samantha; Kakavand, Benjamin",forward,openalex,doi:10.1007/s11747-020-00749-9,0
doi:10.1080/10528008.2026.2664121,891,0.000000,Integrating algorithmic competencies into marketing education,2026,10.1080/10528008.2026.2664121,Marketing Education Review,article,"Kuran, Omaya; Farah, Maya; Khabbaz, Lara",forward,openalex,doi:10.1007/s11747-020-00749-9,0
doi:10.1080/10548408.2025.2523766,892,0.000000,When travel agencies entrust AI with data: the role of knowledge-based dynamic capabilities in marketing innovation,2025,10.1080/10548408.2025.2523766,Journal of Travel & Tourism Marketing,article,"Chang, Kuang-Yu",forward,openalex,doi:10.1007/s11747-019-00696-0,0
doi:10.1080/10641734.2023.2224416,893,0.000000,Can Virtual Influencers Replace Human Influencers in Live-Streaming E-Commerce? An Exploratory Study from Practitioners’ and Consumers’ Perspectives,2023,10.1080/10641734.2023.2224416,Journal of Current Issues & Research in Advertising,article,"Wan, Anan; Jiang, Mengtian",forward,openalex,doi:10.1177/0008125619859317,0
doi:10.1080/10641734.2023.2243496,894,0.000000,Digital Advertising in the Age of Generative AI,2023,10.1080/10641734.2023.2243496,Journal of Current Issues & Research in Advertising,article,"Baek, Tae Hyun",forward,openalex,doi:10.1016/j.ausmj.2020.04.002,0
doi:10.1080/10641734.2024.2334939,895,0.000000,AI-Driven Contextual Advertising: Toward Relevant Messaging Without Personal Data,2024,10.1080/10641734.2024.2334939,Journal of Current Issues & Research in Advertising,article,"Häglund, Emil; Björklund, Johanna",backward,crossref|openalex,doi:10.3390/jtaer21060179,0
doi:10.1080/10641734.2024.2403485,896,0.000000,"Adopting AI Advertising Creative Technology in China: A Mixed Method Study Through the Technology-Organization-Environment (TOE) Framework, Perceived Value and Ethical Concerns",2024,10.1080/10641734.2024.2403485,Journal of Current Issues & Research in Advertising,article,"Yang, Jing; Chu, Shu‐Chuan; Cao, Yang",forward,openalex,doi:10.1080/00913367.2019.1654421|doi:10.1108/wjemsd-08-2020-0099,0
doi:10.1080/10696679.2020.1860683,897,0.000000,"Data, measurement, and causal inferences in machine learning: opportunities and challenges for marketing",2021,10.1080/10696679.2020.1860683,The Journal of Marketing Theory and Practice,article,"Hair, Joseph F.; Sarstedt, Marko",forward,openalex,doi:10.1007/s11747-019-00696-0,0
doi:10.1080/10696679.2022.2090005,898,0.000000,The impact of Artificial Intelligence on the marketing practices of Professional Services Firms,2022,10.1080/10696679.2022.2090005,The Journal of Marketing Theory and Practice,article,"Bezuidenhout, Carl; Heffernan, Troy; Abbas, Roba; Mehmet, Michael",forward,openalex,doi:10.1007/s11747-019-00696-0|doi:10.1108/wjemsd-08-2020-0099|doi:10.1177/0008125619859317,0
doi:10.1080/10696679.2022.2103435,899,0.000000,Artificial intelligence marketing (AIM): connecting-the-dots using bibliometrics,2022,10.1080/10696679.2022.2103435,The Journal of Marketing Theory and Practice,article,"Anayat, Shaista; Rasool, Gowhar",backward|forward,openalex,doi:10.1007/s11747-019-00696-0|doi:10.1007/s11747-020-00749-9|doi:10.1177/0008125619859317|doi:10.58830/ozgur.pub610.c2592|doi:10.58830/ozgur.pub610.c2595,0
doi:10.1080/10696679.2023.2166535,900,0.000000,The current and future state of the marketing management profession,2023,10.1080/10696679.2023.2166535,The Journal of Marketing Theory and Practice,article,"Elhajjar, Samer",forward,openalex,doi:10.1016/j.bushor.2019.12.002|doi:10.1016/j.indmarman.2019.12.008|doi:10.1057/dddmp.2015.29|doi:10.1177/0008125619859317|doi:10.1504/ijbdm.2020.106876,0
doi:10.1080/10696679.2024.2332692,901,0.000000,Artificial intelligence for business and marketing: a customer-centric approach,2024,10.1080/10696679.2024.2332692,The Journal of Marketing Theory and Practice,article,"Zhang, Wei; Agnihotri, Raj",forward,openalex,doi:10.1007/s11747-019-00696-0|doi:10.1007/s11747-020-00749-9,0
doi:10.1080/10696679.2024.2380719,902,0.000000,Determinants of intention to use ChatGPT for obtaining shopping information,2024,10.1080/10696679.2024.2380719,The Journal of Marketing Theory and Practice,article,"Iranmanesh, Mohammad; Senali, Madugoda Gunaratnege; Ghobakhloo, Morteza; Foroughi, Behzad; Yadegaridehkordi, Elaheh; Annamalai, Nagaletchimee",forward,openalex,doi:10.1007/s11747-020-00749-9,0
doi:10.1080/10696679.2025.2528690,903,0.000000,"The ethical concerns associated with big data and artificial intelligence (AI) use for segmentation, targeting, and positioning strategies in large and small organizations",2025,10.1080/10696679.2025.2528690,The Journal of Marketing Theory and Practice,article,"Metz, K.; Williams, Joy; Anderson, April",forward,openalex,doi:10.1007/s11747-019-00696-0|doi:10.1007/s11747-020-00749-9,0
doi:10.1080/10696679.2025.2551194,904,0.000000,The ethical dilemma of AI vs. Human capital: Salespersons’ perceptions and usage of technology,2025,10.1080/10696679.2025.2551194,The Journal of Marketing Theory and Practice,article,"Edmondson, Diane R.; Matthews, Lucy M.",forward,openalex,doi:10.1177/0008125619859317,0
doi:10.1080/10696679.2025.2571634,905,0.000000,How generative AI is reshaping entrepreneurial marketing,2025,10.1080/10696679.2025.2571634,The Journal of Marketing Theory and Practice,article,"Mirzayi, Sahar; Nobari, Niloofar",forward,openalex,doi:10.1007/s11747-019-00696-0|doi:10.1007/s11747-020-00749-9,0
doi:10.1080/10696679.2026.2656319,906,0.000000,Do experience and upper management support matter? An exploration of GenAI technology usage in a business-to-business setting,2026,10.1080/10696679.2026.2656319,The Journal of Marketing Theory and Practice,article,"Rodríguez, Michael; Krush, Michael T.; Schmelz, Dawn Deeter; Walker, Doug",forward,openalex,doi:10.1007/s11747-019-00696-0|doi:10.1016/j.bushor.2019.12.002,0
doi:10.1080/10696679.2026.2692436,907,0.000000,Beyond the five principles: a systematic review of AI ethics in marketing and future research directions,2026,10.1080/10696679.2026.2692436,The Journal of Marketing Theory and Practice,review,"Tshilemba, D’alice Ntumba; Mickelsson, Jacob; Nyström, Anna‐Greta",forward,openalex,doi:10.1007/s11747-019-00696-0|doi:10.1007/s11747-020-00749-9|doi:10.1177/18393349211037684|doi:10.3145/epi.2017.mar.06,0
doi:10.1080/10864415.2022.2158594,908,0.000000,How Feature Changes of a Dominant Ad Platform Shape Advertisers’ Human Agency,2022,10.1080/10864415.2022.2158594,International Journal of Electronic Commerce,article,"Salminen, Joni; Jansen, Bernard J.; Mustak, Mekhail",forward,openalex,doi:10.1080/00913367.2019.1654421,0
doi:10.1080/10919392.2025.2563463,909,0.000000,Impact of Knowledge and Electronic Word of Mouth About AI-Based Chatbots on Customers' Intention to Continue Using Chatbots in E-Commerce,2025,10.1080/10919392.2025.2563463,Journal of Organizational Computing and Electronic Commerce,article,"Khan, Reefat Arefin; Feng, Gengzhong; Zhu, Jiawen",forward,openalex,doi:10.1007/s11747-019-00696-0,0
doi:10.1080/10941665.2024.2350404,910,0.000000,The impact of virtual influencer advertising on consumer response: a moderated chain mediation model based on mind perception and parasocial interaction,2024,10.1080/10941665.2024.2350404,Asia Pacific Journal of Tourism Research,article,"Yan, Jing; Kong, Haiyan; Jiang, Shoufen; Zhang, Mengdi",forward,openalex,doi:10.1007/s11747-019-00696-0,0
doi:10.1080/10941665.2025.2548855,911,0.000000,Effect of interaction type and social playfulness on AI recommendation adoption,2025,10.1080/10941665.2025.2548855,Asia Pacific Journal of Tourism Research,article,"Park, Minjeong; Chung, Namho; Koo, Chulmo",forward,openalex,doi:10.1108/ijrdm-08-2020-0312,0
doi:10.1080/12460125.2022.2066051,912,0.000000,Does AI control or support? Power shifts after AI system implementation in customer relationship management,2022,10.1080/12460125.2022.2066051,Journal of Decision System,article,"Monod, Emmanuel; Lissillour, Raphaël; Köster, Antonia; Qi, Jiayin",forward,openalex,doi:10.1007/s11747-019-00696-0,0
doi:10.1080/1331677x.2023.2210661,913,0.000000,"The impact of technological innovation on marketing: individuals, organizations and environment: a systematic review",2023,10.1080/1331677x.2023.2210661,Economic Research-Ekonomska Istraživanja,review,"Ali, Omar; Osmanaj, Valmira; Kwiatek, Piotr; Alryalat, Mohammad Abdallah Ali; Chimhundu, Ranga; Dwivedi, Yogesh K.",forward,openalex,doi:10.1007/s11747-019-00696-0,0
doi:10.1080/13504851.2023.2300973,914,0.000000,When customer meets AI failure: expectation discrepancy perspective,2024,10.1080/13504851.2023.2300973,Applied Economics Letters,article,"Boo, Chanil",forward,openalex,doi:10.1007/s11747-019-00696-0,0
doi:10.1080/13527266.2022.2032798,915,0.000000,The impact of Digital Marketing and Promotional Strategies on attitude and purchase intention towards financial products and service: A Case of emerging economy,2022,10.1080/13527266.2022.2032798,Journal of Marketing Communications,article,"Dogra, Pallavi; Kaushal, Arun",forward,openalex,doi:10.1016/j.techsoc.2020.101425,0
doi:10.1080/13527266.2023.2199026,916,0.000000,This embodied conversational agent looks very human and as old as I feel! The effect of perceived agent anthropomorphism and consumer-agent age difference on brand attitude,2023,10.1080/13527266.2023.2199026,Journal of Marketing Communications,article,"David-Ignatieff, Arabelle; Buzeta, Cristián; Pelsmacker, Patrick De; Mouelhi, Norchène Ben Dahmane",forward,openalex,doi:10.1080/00913367.2022.2111728,0
doi:10.1080/13527266.2023.2289044,917,0.000000,Engaging with (vs. avoiding) personalized advertising on social media,2023,10.1080/13527266.2023.2289044,Journal of Marketing Communications,article,"Loureiro, Sandra María Correia; Hollebeek, Linda D.; Rather, Raouf Ahmad; Ruivo, Luis; Kaljund, Kristel; Guerreiro, João",forward,openalex,doi:10.1007/s11747-020-00749-9,0
doi:10.1080/13527266.2025.2479860,918,0.000000,Leveraging social media marketing and AI to enhance social performance in women-led microenterprises,2025,10.1080/13527266.2025.2479860,Journal of Marketing Communications,article,"Kuran, Omaya; Khabbaz, Lara",forward,openalex,doi:10.1007/s11747-020-00749-9,0
doi:10.1080/13527266.2025.2497259,919,0.000000,Excited or anxious about adopting generative AI? Investigating the drivers of generative AI adoption among advertising creatives,2025,10.1080/13527266.2025.2497259,Journal of Marketing Communications,article,"Lim, Rachel Esther; Kim, Sujin; Abernathy, Andrew; Shin, Sumin; Avance, Rosemary",forward,openalex,doi:10.1080/0965254x.2022.2148269,0
doi:10.1080/13527266.2025.2508181,920,0.000000,Integrating artificial intelligence and consumer behavior: Insights and directions from a hybrid systematic literature review,2025,10.1080/13527266.2025.2508181,Journal of Marketing Communications,review,"Bohara, Sailaja; Gupta, Gaurav; Kumar, Vikas",forward,openalex,doi:10.1007/s11747-019-00696-0,0
doi:10.1080/13683500.2023.2229480,921,0.000000,Artificial intelligence’s impact on hospitality and tourism marketing: exploring key themes and addressing challenges,2023,10.1080/13683500.2023.2229480,Current Issues in Tourism,article,"Bulchand‐Gidumal, Jacques; Secin, Eduardo William; O’Connor, Peter; Buhalis, Dimitrios",forward,openalex,doi:10.1007/978-3-030-12453-3_151|doi:10.1007/s11747-019-00696-0|doi:10.1007/s11747-020-00749-9,0
doi:10.1080/13683500.2023.2289592,922,0.000000,Anthropomorphic chatbots as a catalyst for marketing brand experience: evidence from online travel agencies,2023,10.1080/13683500.2023.2289592,Current Issues in Tourism,article,"Ku, Edward C.S.",forward,openalex,doi:10.1108/ijrdm-08-2020-0312,0
doi:10.1080/14413523.2024.2372122,923,0.000000,Data-driven message optimization in dynamic sports media: an artificial intelligence approach to predict consumer response,2024,10.1080/14413523.2024.2372122,Sport Management Review,article,"Herold, Elisa; Singh, Aaditya; Feodoroff, Boris; Breuer, Christoph",forward,openalex,doi:10.1007/s11747-019-00696-0,0
doi:10.1080/15228916.2025.2610568,924,0.000000,Adopting AI-Generated Videos in Advertising: Insights from Tunisian Agencies,2025,10.1080/15228916.2025.2610568,Journal of African Business,article,"Zouari, Abir; Dalhoum, Samia; Hmida, Imen Charfi Ben",forward,openalex,doi:10.1007/s11747-019-00696-0,0
doi:10.1080/15252019.2015.1082450,925,0.000000,Is this for me? How Consumers Respond to Personalized Advertising on Social Network Sites,2015,10.1080/15252019.2015.1082450,Journal of Interactive Advertising,article,"Keyzer, Freya De; Dens, Nathalie; Pelsmacker, Patrick De",backward,crossref|openalex,doi:10.1080/00913367.2020.1795954,0
doi:10.1080/15252019.2022.2032492,926,0.000000,The Personalization Paradox in Facebook Advertising: The Mediating Effect of Relevance on the Personalization–Brand Attitude Relationship and the Moderating Effect of Intrusiveness,2022,10.1080/15252019.2022.2032492,Journal of Interactive Advertising,article,"Groot, Judith I. M. de",backward,crossref|openalex,doi:10.3390/jtaer21060179,0
doi:10.1080/15252019.2023.2217830,927,0.000000,AI versus Human: Rethinking the Role of Agent Knowledge in Consumers’ Coping Mechanism Related to Influencer Marketing,2023,10.1080/15252019.2023.2217830,Journal of Interactive Advertising,article,"Lee, Dongchan; Ham, Chang‐Dae",forward,openalex,doi:10.1007/s11747-019-00696-0|doi:10.1016/j.bushor.2019.12.002,0
doi:10.1080/15252019.2023.2260399,928,0.000000,To Tell or Not to Tell: The Effects of Disclosing Deepfake Video on US and Indian Consumers’ Purchase Intention,2023,10.1080/15252019.2023.2260399,Journal of Interactive Advertising,article,"Powers, G.J.; Johnson, James P.; Killian, Ginger",backward,crossref|openalex,doi:10.1080/23311975.2024.2427428,0
doi:10.1080/15252019.2025.2537019,929,0.000000,The AI Genie in the Bottle: Charting AI Evolution and Aversion in Advertising,2025,10.1080/15252019.2025.2537019,Journal of Interactive Advertising,article,"Feng, Yang",forward,openalex,doi:10.1080/00913367.2019.1654421,0
doi:10.1080/15252019.2025.2551598,930,0.000000,Exploring the Productivity of Generative AI-Powered Ad Campaigns: A Consumer Response Perspective,2025,10.1080/15252019.2025.2551598,Journal of Interactive Advertising,article,"Yang, Jing",forward,openalex,doi:10.1007/s11747-020-00749-9,0
doi:10.1080/15252019.2025.2587089,931,0.000000,"“Hello, Interactive Advertising!”: A Semi-Systematic Review and Path Forward for Computational Interactive Advertising Research",2025,10.1080/15252019.2025.2587089,Journal of Interactive Advertising,review,"Hayes, Jameson L.",forward,openalex,doi:10.1080/00913367.2019.1654421|doi:10.1080/00913367.2020.1795954,0
doi:10.1080/15252019.2025.2609546,932,0.000000,What Makes Lil Miquela and Lu Do Magalu Viral? Anthropomorphism of Virtual Influencers on Social Media,2026,10.1080/15252019.2025.2609546,Journal of Interactive Advertising,article,"Wang, Zhan; Chun, Wootae",forward,openalex,doi:10.1007/s11747-019-00696-0|doi:10.1016/j.bushor.2019.12.002|doi:10.1177/0008125619859317,0
doi:10.1080/15252019.2026.2701061,933,0.000000,Overcoming the Uncanny Valley Effect in AI-Generated Emotional Ads: Matching AI to Ad Themes,2026,10.1080/15252019.2026.2701061,Journal of Interactive Advertising,article,"Choi, Chang‐Won; Magee, Robert G.",forward,openalex,doi:10.1016/j.ausmj.2020.04.002|doi:10.1080/00913367.2019.1654421,0
doi:10.1080/15256480.2025.2611353,934,0.000000,Evaluating Generative AI’s Role in Enhancing Hotel Guests’ Purchase Intentions,2026,10.1080/15256480.2025.2611353,International Journal of Hospitality & Tourism Administration,article,"Morosan, Cristian",forward,openalex,doi:10.1007/s11747-019-00696-0,0
doi:10.1080/15332861.2020.1863022,935,0.000000,The Impact of Anthropomorphism on Consumers’ Purchase Decision in Chatbot Commerce,2021,10.1080/15332861.2020.1863022,Journal of Internet Commerce,article,"Han, Min Chung",backward,crossref|openalex,doi:10.1108/978-1-83549-568-120251012,0
doi:10.1080/15332861.2024.2350326,936,0.000000,A Bibliometric Analysis on Artificial Intelligence in Marketing: Implications for Scholars and Managers,2024,10.1080/15332861.2024.2350326,Journal of Internet Commerce,article,"Oueslati, Khouloud; Ayari, Salma",forward,openalex,doi:10.1007/s11747-019-00696-0|doi:10.1007/s11747-020-00749-9,0
doi:10.1080/15332861.2024.2375966,937,0.000000,Investigating Consumers’ Purchase Resistance Behavior to AI-Based Content Recommendations on Short-Video Platforms: A Study of Greedy And Biased Recommendations,2024,10.1080/15332861.2024.2375966,Journal of Internet Commerce,article,"Nguyen, Khoi Minh; Nguyen, Ngan Thanh; Ngo, Nhu Thi Quynh; Tran, Ngoc Thi Hong; Nguyen, Hien Thi Thu",forward,openalex,doi:10.1007/s11747-020-00749-9,0
doi:10.1080/15332861.2025.2544857,938,0.000000,How Consumer-Centric Personalization Enhances Advertising Value: An Empirical Study on Instagram Ad Effectiveness,2025,10.1080/15332861.2025.2544857,Journal of Internet Commerce,article,"Haq, Inam Ul; Mazhar, Bilal; Maqsood, Fatima; Nawaz, Muhammad Bilal; Shahzadi, Aqsa Iram",forward,openalex,doi:10.1177/18393349211037684,0
doi:10.1080/15332861.2026.2678335,939,0.000000,Mapping the Footprint of Artificial Intelligence (AI) in Marketing: A Bibliometric Review and Content Analysis of Scientific Literature,2026,10.1080/15332861.2026.2678335,Journal of Internet Commerce,article,"Saji, T. G.; A., Amal",forward,openalex,doi:10.1007/s11747-019-00696-0|doi:10.1007/s11747-020-00749-9|doi:10.1016/j.bushor.2019.12.002|doi:10.1177/0008125619859317|doi:10.1177/18393349211037684,0
doi:10.1080/15332969.2025.2563438,940,0.000000,Beyond Clicks and Mortar: Exploring the Influence of Experience Value on Willingness to Adopt Phygital Services,2025,10.1080/15332969.2025.2563438,Services Marketing Quarterly,article,"George, Anoop; Panattil, Sebastian Joy; Sajid, Muhammed",forward,openalex,doi:10.1016/j.techfore.2023.122342,0
doi:10.1080/15332969.2025.2597720,941,0.000000,Evolution of Generative AI’s Influence on B2B vs. B2C Sales Service Management: A Foreseeable Future,2025,10.1080/15332969.2025.2597720,Services Marketing Quarterly,article,"Roy, Abhijit",forward,openalex,doi:10.1080/1051712x.2021.1920702,0
doi:10.1080/15332969.2026.2690273,942,0.000000,AI Personalization and Psychological Response: Examining the Role of Obsession and Reactance,2026,10.1080/15332969.2026.2690273,Services Marketing Quarterly,article,"Bich, Ngoc; Bui, Minh-Duyen; Hoang, Duc; Martinez, Luis F.",forward,openalex,doi:10.1007/s11747-020-00749-9,0
doi:10.1080/1553118x.2017.1285770,943,0.000000,Big Data and Automation in Strategic Communication,2017,10.1080/1553118x.2017.1285770,International Journal of Strategic Communication,article,"Wiesenberg, Markus; Zerfaß, Ansgar; Moreno, Ángeles",forward,openalex,doi:10.1007/s12599-015-0370-8,0
doi:10.1080/17510694.2021.2025001,944,0.000000,“Did you know that David Beckham speaks nine languages?”: AI-supported production process for enhanced personalization of audio-visual content,2022,10.1080/17510694.2021.2025001,Creative Industries Journal,article,"Derda, Izabela",forward,openalex,doi:10.1007/978-3-319-25023-6_1|doi:10.1080/00913367.2019.1654421,0
doi:10.1080/17517575.2024.2351869,945,0.000000,Artificial Intelligence (AI)-based Customer Relationship Management (CRM): a comprehensive bibliometric and systematic literature review with outlook on future research,2024,10.1080/17517575.2024.2351869,Enterprise Information Systems,review,"Ozay, Dervis; Jahanbakht, Mohammad; Shoomal, Atefeh; Wang, Shouyi",forward,openalex,doi:10.1016/j.bushor.2019.12.002|doi:10.1016/j.eswa.2018.11.002|doi:10.1177/0008125619859317,0
doi:10.1080/17543266.2023.2261019,946,0.000000,Artificial intelligence-powered digital solutions in the fashion industry: a mixed-methods study on AI-based customer services,2023,10.1080/17543266.2023.2261019,International Journal of Fashion Design Technology and Education,article,"Kang, Ju‐Young M.; Choi, Dooyoung",forward,openalex,doi:10.1108/ijrdm-08-2020-0312,0
doi:10.1080/19368623.2024.2368040,947,0.000000,Adverse impacts of revealing the presence of “Artificial Intelligence (AI)” technology in product and service descriptions on purchase intentions: the mediating role of emotional trust and the moderating role of perceived risk,2024,10.1080/19368623.2024.2368040,Journal of Hospitality Marketing & Management,article,"Çiçek, Mesut; Gürsoy, Doğan; Lu, Lu",forward,openalex,doi:10.1007/s11747-019-00696-0,0
doi:10.1080/20932685.2025.2491323,948,0.000000,Analysing the effectiveness of chatbots as recommendation systems in fashion online retail: A Brazil and United Kingdom cross-cultural comparison,2025,10.1080/20932685.2025.2491323,Journal of Global Fashion Marketing,article,"Landim, A. R. D. B.; Moura, José Antão Beltrão; Costa, Evandro; Vieira, Thales; Wanick, Vanissa; Bazaki, Eirini; Medeiros, Gilma Pereira da Costa",forward,openalex,doi:10.1108/ijrdm-08-2020-0312,0
doi:10.1080/21639159.2024.2362654,949,0.000000,Impact of artificial intelligence (AI) chatbot characteristics on customer experience and customer satisfaction,2024,10.1080/21639159.2024.2362654,Journal of Global Scholars of Marketing Science,article,"Park, Yunho; Kim, Jaehun; Jiang, Qi; Kim, Kyung Hoon",forward,openalex,doi:10.1108/ijrdm-08-2020-0312,0
doi:10.1080/21639159.2024.2429497,950,0.000000,AI chatbots with visual search: Impact on luxury fashion shopping behavior,2025,10.1080/21639159.2024.2429497,Journal of Global Scholars of Marketing Science,article,"Qi, Le; Ko, Eunju; Cho, Minjung",forward,openalex,doi:10.1108/ijrdm-08-2020-0312,0
doi:10.1080/21639159.2025.2548816,951,0.000000,Fashion AI across the value chain: A comprehensive literature review and future agenda,2025,10.1080/21639159.2025.2548816,Journal of Global Scholars of Marketing Science,article,"Oh, Neulonbit; Ko, Eunju; Cho, Minjung",forward,openalex,doi:10.1007/s11747-020-00749-9,0
doi:10.1080/21639159.2026.2617659,952,0.000000,Evaluating the efficacy of AI-Generated advertising: A cross-national analysis of customer responses on brand perceptions and customer engagement with evidence from Vietnam and Australia,2026,10.1080/21639159.2026.2617659,Journal of Global Scholars of Marketing Science,article,"Nguyen, Khoi Minh; Phan, Thong Minh; Tran, Y Nhu Nguyen; Nguyễn, An Thùy; Nguyen, Thi Ly Na; Hoang, Giang Huong; Trần, Thanh Thanh; Nguyen, Ngan Thanh",forward,openalex,doi:10.1007/s11747-020-00749-9|doi:10.1016/j.ausmj.2020.04.002,0
doi:10.1080/21639159.2026.2622304,953,0.000000,Exploring drivers of brand loyalty in luxury e-commerce: The role of AI chatbots,2026,10.1080/21639159.2026.2622304,Journal of Global Scholars of Marketing Science,article,"Kim, Sanghee; Jai, Tunmin (Catherine); Chang, Hyo Jung",forward,openalex,doi:10.1108/ijrdm-08-2020-0312,0
doi:10.1080/21639159.2026.2652265,954,0.000000,Understanding customer acceptance of AI products: How do AI autonomy and specific self-efficacy affect the acceptance intention?,2026,10.1080/21639159.2026.2652265,Journal of Global Scholars of Marketing Science,article,"Li, Hui; Ma, Yixuan; Lien, Che-Hui",forward,openalex,doi:10.1007/s11747-019-00696-0,0
doi:10.1080/21639159.2026.2667774,955,0.000000,Determinants of customer acceptance in AI-powered conversational agents: A systematic literature review and research agenda,2026,10.1080/21639159.2026.2667774,Journal of Global Scholars of Marketing Science,review,"Deilen, Marius; De-Juan-Vigaray, María Dolores; Runia, Peter; Meroño, María Concepción Parra",forward,openalex,doi:10.1108/ijrdm-08-2020-0312,0
doi:10.1080/22041451.2019.1561398,956,0.000000,Programmatic trading: the future of audience economics,2019,10.1080/22041451.2019.1561398,Communication Research and Practice,article,"Andrew, D. Rule",forward,openalex,doi:10.1007/978-3-319-25023-6_1|doi:10.3145/epi.2017.mar.06,0
doi:10.1080/23306343.2025.2596479,957,0.000000,Lost in localisation? International advertising in the age of AI: discursive challenges and digital solutions,2025,10.1080/23306343.2025.2596479,Asia Pacific Translation and Intercultural Studies,article,"Wojtaszek, Adam",forward,openalex,doi:10.1080/00913367.2022.2111728|doi:10.1177/18393349211037684,0
doi:10.1080/23311886.2026.2692162,958,0.000000,Adoption of AI-powered E-commerce applications: insights from the Technology Acceptance Model,2026,10.1080/23311886.2026.2692162,Cogent Social Sciences,article,"Carvache-Franco, Mauricio; Martin-Moreno, Olga; Carvache-Franco, Orly; Moran-Cedeño, Valeria; Carvache-Franco, Wilmer",forward,openalex,doi:10.1007/s11747-019-00696-0,0
doi:10.1080/23311975.2018.1546416,959,0.000000,Silver bullet or millstone? A review of success factors for implementation of marketing automation,2018,10.1080/23311975.2018.1546416,Cogent Business & Management,article,"Murphy, Daniel",backward,crossref|openalex,doi:10.1007/978-981-97-3698-0_18|doi:10.1142/s0219622024500081,0
doi:10.1080/23311975.2022.2105285,960,0.000000,The effect of digital marketing transformation trends on consumers’ purchase intention in B2B businesses: The moderating role of brand awareness,2022,10.1080/23311975.2022.2105285,Cogent Business & Management,article,"Hien, Nguyen Ngoc; Nhu, Tran Nguyen Huynh",forward,openalex,doi:10.1016/j.indmarman.2020.07.022,0
doi:10.1080/23311975.2024.2348728,961,0.000000,Artificial intelligence in marketing: exploring current and future trends,2024,10.1080/23311975.2024.2348728,Cogent Business & Management,article,"Labib, Ebtisam",backward|forward,crossref|openalex,doi:10.1007/978-3-658-46399-1_72-1|doi:10.1007/s11747-019-00696-0|doi:10.1007/s11747-020-00749-9,0
doi:10.1080/23311975.2024.2383794,962,0.000000,A bibliometric analysis of digital advertising in social media: the state of the art and future research agenda,2024,10.1080/23311975.2024.2383794,Cogent Business & Management,article,"Pahari, Subhajit; Bandyopadhyay, Anupam; M., Vijay Kumar V.; Pingle, Sameer",forward,openalex,doi:10.1080/0965254x.2022.2148269,0
doi:10.1080/23311975.2024.2387196,963,0.000000,Examining the mediating role of customer empowerment: the impact of chatbot usability on customer satisfaction in Jordanian commercial banks,2024,10.1080/23311975.2024.2387196,Cogent Business & Management,article,"Alshibly, Haitham Hmoud; Alwreikat, Asma; Morgos, Rafaa; Abuaddous, Murad",forward,openalex,doi:10.1108/ijrdm-08-2020-0312,0
doi:10.1080/23311975.2024.2393743,964,0.000000,Data security and privacy concerns of AI-driven marketing in the context of economics and business field: an exploration into possible solutions,2024,10.1080/23311975.2024.2393743,Cogent Business & Management,article,"Alhitmi, Hitmi Khalifa; Mardiah, Alin; Al‐Sulaiti, Khalid Ibrahim; Abbas, Jaffar",forward,openalex,doi:10.1177/0008125619859317,0
doi:10.1080/23311975.2024.2427428,965,0.000000,Mapping the landscape of avatar marketing: a bibliometric analysis of trends and future directions,2024,10.1080/23311975.2024.2427428,Cogent Business & Management,article,"Kusumawati, Andriani; Sartika, Tika; Rahimah, Anni; Abdillah, Yusri",forward,openalex,doi:10.1007/978-3-031-20040-3_15,0
doi:10.1080/23311975.2024.2440628,966,0.000000,"AI’s invisible touch: how effortless browsing shapes customer perception, experience and engagement in online retail",2024,10.1080/23311975.2024.2440628,Cogent Business & Management,article,"Lopes, Jo�ão M.; Gomes, Sofia; Nogueira, Elisabete; Trancoso, Tiago",forward,openalex,doi:10.1108/ijrdm-08-2020-0312,0
doi:10.1080/23311975.2024.2440640,967,0.000000,Unveiling sora open AI’s impact: a review of transformative shifts in marketing and advertising employment,2024,10.1080/23311975.2024.2440640,Cogent Business & Management,article,"Bijalwan, Priya; Gupta, Ashulekha; Johri, Amar; Wasiq, Mohammad; Wani, Sowkat Khalil",forward,openalex,doi:10.1007/s11747-020-00749-9|doi:10.1080/10696679.2023.2166535,0
doi:10.1080/23311975.2024.2443570,968,0.000000,Artificial intelligence-based chatbots – a motivation underlying sustainable development in banking: standpoint of customer experience and behavioral outcomes,2024,10.1080/23311975.2024.2443570,Cogent Business & Management,article,"Nguyen, Tran Hung; Lê, Xuân Cù",forward,openalex,doi:10.1108/ijrdm-08-2020-0312,0
doi:10.1080/23311975.2025.2450295,969,0.000000,AI-driven self-service for enhanced customer experience outcomes in the banking sector,2025,10.1080/23311975.2025.2450295,Cogent Business & Management,article,"Zungu, Nkululeko PraiseGod; Amegbe, Hayford; Hanu, Charles; Asamoah, Emmanuel Selase",forward,openalex,doi:10.1016/j.bushor.2019.12.002,0
doi:10.1080/23311975.2025.2471538,970,0.000000,Implementation of artificial intelligence for brand equity,2025,10.1080/23311975.2025.2471538,Cogent Business & Management,article,"Dong, Yuhan",forward,openalex,doi:10.1177/0008125619859317,0
doi:10.1080/23311975.2025.2542428,971,0.000000,Does AI marketing efforts affect brand loyalty of Gen Z consumers? Mediating role of brand image and brand experience,2025,10.1080/23311975.2025.2542428,Cogent Business & Management,article,"Mohamed, Zakaria Abdiwali; ÜNSALAN, Mustafa",forward,openalex,doi:10.1016/j.bushor.2019.12.002,0
doi:10.1080/23311975.2025.2544984,972,0.000000,"AI and consumer behavior: Trends, technologies, and future directions from a scopus-based systematic review",2025,10.1080/23311975.2025.2544984,Cogent Business & Management,review,"Riandhi, Aditya Nanda; Arviansyah, Muhammad Rifqi; Sondari, Mery Citra",forward,openalex,doi:10.1007/s11747-019-00696-0,0
doi:10.1080/23311975.2026.2621458,973,0.000000,"A systematic review of technological innovation in marketing: implications for individuals, organizations, and the broader environment",2026,10.1080/23311975.2026.2621458,Cogent Business & Management,review,"Chandiona, Dennis Franscico",forward,openalex,doi:10.1007/s11747-019-00696-0,0
doi:10.1080/23311975.2026.2691590,974,0.000000,AI competencies and organizational performance in Somalia’s telecommunications sector: the mediating role of marketing capabilities,2026,10.1080/23311975.2026.2691590,Cogent Business & Management,article,"Mohamed, Jibril; Osman, Abdullahi Ilyas; Mohamed, Sharif Abdi; Ahmed, Yusuf Mohamed",forward,openalex,doi:10.1007/s11747-019-00696-0,0
doi:10.1080/2573234x.2025.2545923,975,0.000000,Advanced methods for identifying and profiling social media influencers: a data-driven framework,2025,10.1080/2573234x.2025.2545923,Journal of Business Analytics,article,"Chebil, Malek; Jallouli, Rim; Tobji, Mohamed Anis Bach",forward,openalex,doi:10.1016/j.bushor.2019.12.002,0
doi:10.1080/29966892.2024.2434267,976,0.000000,Analysis and improvement of sales management through CRM and simulation utilisation,2024,10.1080/29966892.2024.2434267,Applied Operations and Analytics,article,"Abaddi, Samer",forward,openalex,doi:10.1007/s12599-015-0370-8,0
doi:10.1086/690941,977,0.000000,The Connected Consumer: Connected Devices and the Evolution of Customer Intelligence,2017,10.1086/690941,Journal of the Association for Consumer Research,article,"Cooke, Alan; Zubcsek, Peter Pal",backward,crossref|openalex,doi:10.1007/s11747-020-00749-9,0
doi:10.1088/1742-6596/1648/4/042006,978,0.000000,Research on the Application of Computer and Information Technology in Brand Management,2020,10.1088/1742-6596/1648/4/042006,Journal of Physics Conference Series,conference-paper,"Yu, Yunzhu",backward,openalex,doi:10.52970/grmilf.v4i2.356,0
doi:10.1088/1742-6596/1716/1/012032,979,0.000000,Role of programmatic advertising on effective digital promotion strategy: A conceptual framework,2020,10.1088/1742-6596/1716/1/012032,Journal of Physics Conference Series,conference-paper,"Kiran, K Uday; Arumugam, Thangaraja",backward|forward,crossref|openalex,doi:10.1016/j.techfore.2019.03.020|doi:10.4018/979-8-3693-7041-4.ch006|doi:10.58830/ozgur.pub610.c2592|doi:10.58830/ozgur.pub610.c2595,0
doi:10.1089/cyber.2017.0518,980,0.000000,Predicting Consumer Responses to a Chatbot on Facebook,2018,10.1089/cyber.2017.0518,Cyberpsychology Behavior and Social Networking,article,"Zarouali, Brahim; Broeck, Evert Van den; Walrave, Michel; Poels, Karolien",backward,crossref|openalex,doi:10.1080/00913367.2020.1795954|doi:10.1108/ijrdm-08-2020-0312,0
doi:10.1089/cyber.2021.0318,981,0.000000,When a Chatbot Smiles at You: The Psychological Mechanism Underlying the Effects of Friendly Language Use by Product Recommendation Chatbots,2022,10.1089/cyber.2021.0318,Cyberpsychology Behavior and Social Networking,article,"Jin, Eunjoo; Eastin, Matthew S.",forward,openalex,doi:10.1080/00913367.2020.1795954,0
doi:10.1108/978-1-78756-291-220181009,982,0.000000,The ‘Phygital’ Tourist Experience: The Use of Augmented and Virtual Reality in Destination Marketing,2018,10.1108/978-1-78756-291-220181009,,book-chapter,"Neuburger, Larissa; Beck, Julia; Egger, Roman",backward,crossref|openalex,doi:10.1155/hbe2/6675139,0
doi:10.1108/978-1-80071-264-520211014,983,0.000000,A Taxonomy of Online Marketing Methods,2021,10.1108/978-1-80071-264-520211014,,book-chapter,"Hajarian, Mohammad; Camilleri, Mark Anthony; Dı́az, Paloma; Aedo, Ignacio",forward,openalex,doi:10.1504/ijbdm.2020.106876,0
doi:10.1108/978-1-80071-348-220211001,984,0.000000,The Development and Current Trends of Digital Marketing and Relationship Marketing Research,2021,10.1108/978-1-80071-348-220211001,,book-chapter,"Le, Dung; Nguyen, Mai; Quach, Sara; Thaichon, Park; Ratten, Vanessa",backward|forward,openalex,doi:10.1080/0965254x.2018.1493523|doi:10.58830/ozgur.pub610.c2592|doi:10.58830/ozgur.pub610.c2595,0
doi:10.1108/978-1-80071-348-220211008,985,0.000000,Blurring the Line between Physical and Digital Environment: The Impact of Artificial Intelligence on Customers' Relationship and Customer Experience,2021,10.1108/978-1-80071-348-220211008,,book-chapter,"Hasan, Rakibul; Weaven, Scott; Thaichon, Park",forward,openalex,doi:10.1007/s11747-019-00696-0,0
doi:10.1108/978-1-80262-773-220221004,986,0.000000,Digital Conflicts in Marketing and Sales,2022,10.1108/978-1-80262-773-220221004,,book-chapter,"Baycur, Gözde; Delen, Ezgi; Kayişkan, Doğu",forward,openalex,doi:10.1007/s11747-020-00749-9,0
doi:10.1108/978-1-83549-001-320241008,987,0.000000,Ethical Navigation Paradigms in AI-Driven Marketing: Insights and Perspectives,2024,10.1108/978-1-83549-001-320241008,,book-chapter,"Kumar, S.; Chawla, Sonia; Kaur, Pawandeep",forward,openalex,doi:10.1007/s11747-019-00696-0,0
doi:10.1108/978-1-83549-001-320241009,988,0.000000,Artificial Intelligence in Digital Marketing: The Ethical Implications of Digital Influence on Markets and Consumer,2024,10.1108/978-1-83549-001-320241009,,book-chapter,"Karunanayaka, K.A.Y.R. Oshadi; Jahankhani, Hamid; El‐Deeb, Sara; Arachchige, Isuru Sandakelum Will; Hussien, Osama",forward,openalex,doi:10.1007/s11747-019-00696-0|doi:10.1016/j.bushor.2019.12.002,0
doi:10.1108/978-1-83549-001-320241011,989,0.000000,Improving the Image of Marketing: AI Has the Potential to Assist in Marketing Decisions and Change Perceptions,2024,10.1108/978-1-83549-001-320241011,,book-chapter,"Bowen, Gordon; Bowen, Richard; Bowen, Deidre; Kiani, Maryam Iqbal",forward,openalex,doi:10.1108/wjemsd-08-2020-0099,0
doi:10.1108/978-1-83549-009-920261005,990,0.000000,Linking Brand Authenticity and Automation: A Focus on Ethical Implications of AI in Retail Branding,2026,10.1108/978-1-83549-009-920261005,,book-chapter,"Kanchi, Pranjali Ambalal; Foroudi, Pantea; Palazzo, Maria",forward,openalex,doi:10.1007/s11747-019-00696-0|doi:10.1007/s11747-020-00749-9|doi:10.1016/j.bushor.2019.12.002,0
doi:10.1108/978-1-83549-009-920261012,991,0.000000,"Digital Branding, Social Media and AI Integration",2026,10.1108/978-1-83549-009-920261012,,book-chapter,,forward,openalex,doi:10.1007/s11747-019-00696-0|doi:10.1007/s11747-020-00749-9|doi:10.1016/j.bushor.2019.12.002|doi:10.1177/0008125619859317,0
doi:10.1108/978-1-83549-418-920251001,992,0.000000,Unlocking the Power of Artificial Intelligence for Customer Engagement: A Bibliometric Analysis,2025,10.1108/978-1-83549-418-920251001,,book-chapter,"Saini, Chand Prakash; Yadav, Ritu; Dangi, Amit; Yadav, Manisha",forward,openalex,doi:10.1007/s11747-019-00696-0|doi:10.1007/s11747-020-00749-9|doi:10.1177/0008125619859317,0
doi:10.1108/978-1-83549-418-920251008,993,0.000000,Managing the Ethical Concerns in Adoption of Artificial Intelligence in Marketing Strategies: A Case Study of Google AI,2025,10.1108/978-1-83549-418-920251008,,book-chapter,"Aliza; Tripathi, Asha Ram",forward,openalex,doi:10.1007/s11747-019-00696-0,0
doi:10.1108/978-1-83549-418-920251012,994,0.000000,"Alexa, Can You Please Tell Me How I Can Engage and Provide the Best Experience and Value to My Customers?",2025,10.1108/978-1-83549-418-920251012,,book-chapter,"Udupa, Akhila R.; Bhandari, Arabinda",forward,openalex,doi:10.1007/s11747-020-00749-9|doi:10.1108/ijrdm-08-2020-0312,0
doi:10.1108/978-1-83549-568-120251012,995,0.000000,"Artificial Intelligence (AI), Machine Learning (ML) and Big Data Analytics' Impact on Frugal Digital Marketing Firms",2025,10.1108/978-1-83549-568-120251012,,book-chapter,"Nyagadza, Brighton; Bashar, Abu; Ligaraba, Neo; Tsokota, Theo; Chipfumbu, Colletor Tendeukai; Chikazhe, Lovemore; Katsvairo, Hamilton Tamburayi; Maradze, Tawanda Taurai; Muswaka, Charlene",forward,openalex,doi:10.1016/j.bushor.2019.12.002|doi:10.1016/j.compeleceng.2020.106723|doi:10.3390/joitmc7020114,0
doi:10.1108/978-1-83608-156-220251012,996,0.000000,The Role of AI in Customer Relationship Management for Tailored Financial Services,2025,10.1108/978-1-83608-156-220251012,,book-chapter,"r, l; K.P., Rajimol; Sunitha, Yelugubanti; Samal, Ajatashatru; R.P., Priya; H.R., Srija",forward,openalex,doi:10.1007/s11747-019-00696-0,0
doi:10.1108/978-1-83608-156-220251019,997,0.000000,Enhancing Customer Experience Through AI-Driven Digital Banking: A Case Study of ICICI Bank in Vidarbha,2025,10.1108/978-1-83608-156-220251019,,book-chapter,"Kakwani, Devendra; Naidu, Kanchan; Band, Gayathri",backward,crossref|openalex,doi:10.1109/iccraids67816.2026.11519734,0
doi:10.1108/978-1-83608-298-920251002,998,0.000000,The Next Wave in Marketing: Data Science in the Age of Generative AI,2025,10.1108/978-1-83608-298-920251002,,book-chapter,"Kalaivani, Mani; Suganya, V.; Suresh, N. V.; Catherine, S.",forward,openalex,doi:10.1007/978-3-030-12453-3_143|doi:10.1007/s12599-015-0370-8|doi:10.1108/wjemsd-08-2020-0099|doi:10.1177/18393349211037684,0
doi:10.1108/978-1-83608-708-320241007,999,0.000000,Revolutionizing Marketing Management: Navigating the Era of New Age Technologies,2024,10.1108/978-1-83608-708-320241007,,book-chapter,"Prakash, Namrata; Bhardwaj, Monu; Jindal, Priya",forward,openalex,doi:10.1007/s11747-019-00696-0,0
doi:10.1108/978-1-83608-806-620251007,1000,0.000000,Not Just a Chat: Transforming the Luxury Fashion Shopping Experience through AI Chatbots,2025,10.1108/978-1-83608-806-620251007,,book-chapter,"Chen, Eddie Ruofei",forward,openalex,doi:10.1007/s11747-019-00696-0|doi:10.1108/ijrdm-08-2020-0312,0
doi:10.1108/978-1-83662-188-120251016,1001,0.000000,Innovate to Captivate: Trends Shaping the Future of Digital Marketing,2025,10.1108/978-1-83662-188-120251016,,book-chapter,"Debnath, Sucharita; Mukherjee, Rohit Kumar",forward,openalex,doi:10.1007/s11747-019-00696-0,0
doi:10.1108/978-1-83662-188-120251029,1002,0.000000,Data-Driven Marketing Excellence: Perspectives From Indian Unicorn Start-ups and Function of Advanced Analytics in Their Marketing Strategies,2025,10.1108/978-1-83662-188-120251029,,book-chapter,"Saini, Mohit Kumar; Singh, Harbhan",forward,openalex,doi:10.1007/s11747-019-00696-0,0
doi:10.1108/978-1-83662-326-720251002,1003,0.000000,Exploring AI in Data-driven Marketing: Understanding the Intersection of Data Engineering and Marketing,2025,10.1108/978-1-83662-326-720251002,,book-chapter,"Trivedi, Sonal; Grover, Veena; Balusamy, Balamurugan",forward,openalex,doi:10.1007/978-3-030-12453-3_151|doi:10.1504/ijbdm.2019.10023294,0
doi:10.1108/978-1-83662-560-520251010,1004,0.000000,Towards the Underlying Theories of Artificial Intelligence in Customer Engagement: A Review and Future Research Agenda,2025,10.1108/978-1-83662-560-520251010,,book-chapter,"Bhandari, Arabinda; Sinha, Mudita",forward,openalex,doi:10.1177/0008125619859317,0
doi:10.1108/978-1-83708-198-120251001,1005,0.000000,The Role of Artificial Intelligence in Marketing Sustainability,2025,10.1108/978-1-83708-198-120251001,,book-chapter,"Adileh, Najwan",forward,openalex,doi:10.1007/s11747-019-00696-0,0
doi:10.1108/978-1-83753-106-620241001,1006,0.000000,Artificial Intelligence and Marketing: Challenges and Opportunities,2024,10.1108/978-1-83753-106-620241001,,book-chapter,"Makhlooq, Ali; Mubarak, Muneer Al",forward,openalex,doi:10.1007/s11747-019-00696-0,0
doi:10.1108/978-1-83753-190-520231006,1007,0.000000,AI and XR (AIXR) Marketing in Industry 5.0 or Society 5.0,2023,10.1108/978-1-83753-190-520231006,,book-chapter,"Koroglu, Osman",forward,openalex,doi:10.1007/s11747-019-00696-0|doi:10.1108/wjemsd-08-2020-0099,0
doi:10.1108/978-1-83797-815-120251004,1008,0.000000,"Decoding the Consumer Mimic: Influencers, Algorithms and the Future of Marketing",2025,10.1108/978-1-83797-815-120251004,,book-chapter,"Morandé, Swapnil; Tewari, Veena; Kukreja, Jyoti",forward,openalex,doi:10.1007/s11747-020-00749-9,0
doi:10.1108/978-1-83797-815-120251005,1009,0.000000,Leveraging Artificial Intelligent (AI) for Human-Mimic Tech in Marketing 5.0,2025,10.1108/978-1-83797-815-120251005,,book-chapter,"Melese, Esubale; Kumar, Ajay",forward,openalex,doi:10.1007/s11747-019-00696-0|doi:10.1007/s11747-020-00749-9,0
doi:10.1108/978-1-83797-815-120251008,1010,0.000000,A Qualitative Study on Analysing the Role of Mimicking Technology in Electronic Customer Relationship Management: A Case of Service Sector,2025,10.1108/978-1-83797-815-120251008,,book-chapter,"Singh, Pankaj; Kushwaha, Ruchi; Kushwaha, Jyoti",forward,openalex,doi:10.1007/s11747-020-00749-9|doi:10.1177/0008125619859317,0
doi:10.1108/978-1-83797-815-120251009,1011,0.000000,Human Interactions Through Technology: A Study on Sustainable and Susceptible Use of AI in Corporate Marketing,2025,10.1108/978-1-83797-815-120251009,,book-chapter,"Wiquar, Refia; Ciddikie, Md. Daoud; Fatima, Tamseel; Maarif, M. Syamsul; Alam, Mohammad Saif",forward,openalex,doi:10.1007/s11747-019-00696-0|doi:10.1007/s11747-020-00749-9,0
doi:10.1108/978-1-83797-815-120251014,1012,0.000000,Applications of Mimicking Technology in Understanding Consumer Behaviour and Its Effects on Consumer Engagement,2025,10.1108/978-1-83797-815-120251014,,book-chapter,"Sharma, Vandana; Rajani, Rajani",forward,openalex,doi:10.1177/0008125619859317,0
doi:10.1108/ajim-12-2023-0551,1013,0.000000,Understand resist use online customer service chatbot: an integrated innovation resist theory and negative emotion perspective,2024,10.1108/ajim-12-2023-0551,Aslib Journal of Information Management,article,"Chang, Tsung‐Sheng; Hsiao, Wei‐Hung",forward,openalex,doi:10.1108/ijrdm-08-2020-0312,0
doi:10.1108/apjba-03-2025-0155,1014,0.000000,"Does chatbot interaction drive satisfaction and loyalty? Exploring technology anxiety, need for human interaction and creepiness",2025,10.1108/apjba-03-2025-0155,Asia-Pacific Journal of Business Administration,article,"Lacap, Jean Paolo G.; Alminar, Aldwin; Baltazar, John King B.; Cabral, R J; Catibog, Julferr Anne; Cunanan, Maricar; Moratal, Marwell",forward,openalex,doi:10.1007/s11747-019-00696-0,0
doi:10.1108/apjba-08-2024-0456,1015,0.000000,Enhancing loyalty in luxury fashion with AI: the mediation role of customer relationships,2025,10.1108/apjba-08-2024-0456,Asia-Pacific Journal of Business Administration,article,"Sahne, Seyed Sina Khamoushi; Daronkola, Hassan Kalantari",forward,openalex,doi:10.1016/j.bushor.2019.12.002,0
doi:10.1108/apjba-09-2024-0545,1016,0.000000,Myths and magic of adopting marketing technologies: a customer-centric framework,2025,10.1108/apjba-09-2024-0545,Asia-Pacific Journal of Business Administration,article,"Vishnoi, Sushant Kumar; Mathur, Smriti; Rawal, Pankaj; Sharma, Vikram Kumar; Jain, Aditi; Agarwal, Vaishali",forward,openalex,doi:10.1504/ijbdm.2020.106876,0
doi:10.1108/apjml-02-2023-0109,1017,0.000000,"The impact of AI-powered technologies on aesthetic, cognitive and affective experience dimensions: a connected store experiment",2023,10.1108/apjml-02-2023-0109,Asia Pacific Journal of Marketing and Logistics,article,"Abed, Mehdi El; Castro-López, Adrián",forward,openalex,doi:10.1016/j.techfore.2023.122342,0
doi:10.1108/apjml-02-2025-0284,1018,0.000000,Back to the future via human-centered artificial intelligence,2025,10.1108/apjml-02-2025-0284,Asia Pacific Journal of Marketing and Logistics,article,"Lee, Dae Hui; Gottlieb, Udo",backward|forward,crossref|openalex,doi:10.1007/s11747-019-00696-0|doi:10.1007/s11747-020-00749-9|doi:10.1016/j.bushor.2019.12.002|doi:10.3390/jtaer21060179,0
doi:10.1108/apjml-04-2024-0485,1019,0.000000,Unveiling the marketer's lens: exploring experiences and perspectives on AI integration in marketing strategies,2024,10.1108/apjml-04-2024-0485,Asia Pacific Journal of Marketing and Logistics,article,"Elhajjar, Samer",forward,openalex,doi:10.1007/s11747-019-00696-0|doi:10.1007/s11747-020-00749-9|doi:10.1016/j.bushor.2019.12.002,0
doi:10.1108/apjml-05-2024-0570,1020,0.000000,Investigating factors influencing AI customer service adoption: an integrated model of stimulus–organism–response (SOR) and task-technology fit (TTF) theory,2024,10.1108/apjml-05-2024-0570,Asia Pacific Journal of Marketing and Logistics,article,"Vafaei‐Zadeh, Ali; Nikbin, Davoud; Wong, Shin Ling; Hanifah, Haniruzila",forward,openalex,doi:10.1108/ijrdm-08-2020-0312,0
doi:10.1108/apjml-08-2024-1048,1021,0.000000,The potential of AI tools in shaping digital consumers’ behavior: investigating e-commerce engagement of Chinese Generation Z,2025,10.1108/apjml-08-2024-1048,Asia Pacific Journal of Marketing and Logistics,article,"Pu, Luoxi; Radics, Robert Istvan; Umar, Muhammad; Jeremiah, Faith; Quan, Zhi",forward,openalex,doi:10.1007/s11747-019-00696-0|doi:10.1177/18393349211037684,0
doi:10.1108/apjml-09-2025-2042,1022,0.000000,Why human touch matters in AI-generated advertising: dual pathways to consumer satisfaction,2026,10.1108/apjml-09-2025-2042,Asia Pacific Journal of Marketing and Logistics,article,"Jung, Hyukjin; Kim, Hanku",forward,openalex,doi:10.1016/j.ausmj.2020.04.002,0
doi:10.1108/apjml-10-2022-0841,1023,0.000000,Consumer perceptions of the ethicality of re-targeting online advertising,2023,10.1108/apjml-10-2022-0841,Asia Pacific Journal of Marketing and Logistics,article,"Arli, Denni",forward,openalex,doi:10.1016/j.chb.2020.106657,0
doi:10.1108/apjml-10-2024-1464,1024,0.000000,When empathy is enhanced by human–AI interaction: an investigation of anthropomorphism and responsiveness on customer experience with AI chatbots,2025,10.1108/apjml-10-2024-1464,Asia Pacific Journal of Marketing and Logistics,article,"Truong, Thi Thu Ha; Chen, Ja‐Shen",forward,openalex,doi:10.1108/ijrdm-08-2020-0312,0
doi:10.1108/apjml-11-2025-2412,1025,0.000000,Explainable artificial intelligence and causal analysis for understanding customer conversion in digital marketing: an analytical model,2026,10.1108/apjml-11-2025-2412,Asia Pacific Journal of Marketing and Logistics,article,"Nguyen, Hai-Nhu Cao; Tran, Hoang-Anh; Le, Hoanh-Su; Nguyen, Van-Ho",forward,openalex,doi:10.1007/s11747-019-00696-0,0
doi:10.1108/apjml-12-2025-2674,1026,0.000000,"The moderating role of AI chatbots on brand loyalty, customer experience and service quality in online fashion retail",2026,10.1108/apjml-12-2025-2674,Asia Pacific Journal of Marketing and Logistics,article,"Kaluarachchi, Sandunima",forward,openalex,doi:10.1108/ijrdm-08-2020-0312,0
doi:10.1108/arla-03-2025-0071,1027,0.000000,Mapping artificial intelligence in marketing: insights through a two-decade analysis (2000–2024),2026,10.1108/arla-03-2025-0071,Academia Revista Latinoamericana de Administración,article,"Casermeiro-Corpas, Yolanda; Rejón-Guardia, Francisco; Vallespín, María",forward,openalex,doi:10.1007/s11747-019-00696-0|doi:10.1016/j.bushor.2019.12.002|doi:10.1177/0008125619859317,0
doi:10.1108/arla-04-2025-0144,1028,0.000000,From algorithms to influence: a global bibliometric analysis of artificial intelligence in marketing communication,2026,10.1108/arla-04-2025-0144,Academia Revista Latinoamericana de Administración,article,"Prados-Peña, María Belén; Crespo-Almendros, Esmeralda; Liébana‐Cabanillas, Francisco",forward,openalex,doi:10.1007/s11747-019-00696-0|doi:10.1080/23311975.2024.2427428|doi:10.1177/0008125619859317,0
doi:10.1108/arla-05-2025-0165,1029,0.000000,The influence of artificial intelligence chatbot marketing activities in customer response: the mediating role of customer–brand relationship quality,2026,10.1108/arla-05-2025-0165,Academia Revista Latinoamericana de Administración,article,"Lopes, Jo�ão M.; Gomes, Sofia",forward,openalex,doi:10.1108/ijrdm-08-2020-0312,0
doi:10.1108/arla-06-2025-0226,1030,0.000000,Artificial intelligence-powered digital marketing and customer relationship management capabilities for e-retailers in Argentina and Mexico,2026,10.1108/arla-06-2025-0226,Academia Revista Latinoamericana de Administración,article,"Jie, Chen",forward,openalex,doi:10.1007/s11747-019-00696-0|doi:10.1007/s11747-020-00749-9,0
doi:10.1108/bfj-06-2020-0523,1031,0.000000,Using a data-driven marketing strategy on customer relationship management: an empirical case of urban coffee shops in Taiwan,2020,10.1108/bfj-06-2020-0523,British Food Journal,article,"Chiang, Wen‐Yu",backward,crossref|openalex,doi:10.4018/979-8-3693-3455-3.ch001,0
doi:10.1108/bfj-10-2025-1430,1032,0.000000,Digital transformation in agri-food cooperatives: AI and marketing strategies in case studies of first- and second-degree models,2026,10.1108/bfj-10-2025-1430,British Food Journal,article,"García-Lafuente, Sonia; Sánchez-Tamarit, María; Martínez, José Manuel Guaita; Soriano, Domingo Ribeiro",forward,openalex,doi:10.1007/s11747-019-00696-0,0
doi:10.1108/bij-01-2025-0005,1033,0.000000,Marketing professionals’ adoption of artificial intelligence and its influence on marketing efficiency,2025,10.1108/bij-01-2025-0005,Benchmarking An International Journal,article,"Riyath, Mohamed Ismail Mohamed; Eid, Riyad",forward,openalex,doi:10.1177/0008125619859317|doi:10.1177/18393349211037684,0
doi:10.1108/bij-07-2021-0415,1034,0.000000,Journey of customers in this digital era: Understanding the role of artificial intelligence technologies in user engagement and conversion,2021,10.1108/bij-07-2021-0415,Benchmarking An International Journal,article,"Bag, Surajit; Srivastava, Gautam; Bashir, Mamoon Al; Kumari, Sushma; Giannakis, Mihalis; Chowdhury, Abdul Hannan",forward,openalex,doi:10.1016/j.indmarman.2020.07.022,0
doi:10.1108/bij-09-2022-0588,1035,0.000000,Modern-day marketing concepts based on face recognition and neuro-marketing: a review and future research directions,2023,10.1108/bij-09-2022-0588,Benchmarking An International Journal,article,"Srivastava, Gautam; Bag, Surajit",backward|forward,crossref|openalex,doi:10.1007/s11747-020-00749-9|doi:10.4018/979-8-3693-3455-3.ch001,0
doi:10.1108/bjm-08-2020-0304,1036,0.000000,Digital transformation and value-based selling activities: seller and buyer perspectives,2021,10.1108/bjm-08-2020-0304,Baltic Journal of Management,article,"Alamäki, Ari; Korpela, Pentti",backward,crossref|openalex,doi:10.1142/s0219622025500981,0
doi:10.1108/bl-02-2019-0069,1037,0.000000,Are CRM systems ready for AI integration?,2019,10.1108/bl-02-2019-0069,The Bottom Line Managing Library Finances,article,"Chatterjee, Sheshadri; Ghosh, Soumya K.; Chaudhuri, Ranjan; Nguyen, Bang",backward,openalex,doi:10.58830/ozgur.pub610.c2592|doi:10.58830/ozgur.pub610.c2595,0
doi:10.1108/bl-03-2020-0022,1038,0.000000,Artificial intelligence (AI) in strategic marketing decision-making: a research agenda,2020,10.1108/bl-03-2020-0022,The Bottom Line Managing Library Finances,article,"Stone, Merlin; Aravopoulou, Eleni; Ekinci, Yüksel; Evans, Geraint; Hobbs, Matt; Labib, Ashraf; Laughlin, Paul; Machtynger, Jon; Machtynger, Liz",backward,crossref|openalex,doi:10.1080/0965254x.2022.2148269|doi:10.1080/1051712x.2021.1920702|doi:10.1177/18393349211037684,0
doi:10.1108/bpmj-07-2024-0637,1039,0.000000,Advertising in the digital era: Can AI evoke emotions like humans?,2025,10.1108/bpmj-07-2024-0637,Business Process Management Journal,article,"Sallaku, Karolina; Macca, Luca Simone; Santoro, Gabriele; Phan, Trang",forward,openalex,doi:10.1007/s11747-019-00696-0|doi:10.1007/s11747-020-00749-9|doi:10.1016/j.ausmj.2020.04.002|doi:10.1016/j.bushor.2019.12.002|doi:10.1080/00913367.2019.1654421,0
doi:10.1108/ccij-02-2025-0044,1040,0.000000,Improving the performance of direct advertising campaigns by applying artificial intelligence techniques,2025,10.1108/ccij-02-2025-0044,Corporate Communications An International Journal,article,"Daneshvar, Amir; Olfat, Mohammad; Chobar, Adel Pourghader; Yadegari, Ehsan",forward,openalex,doi:10.1016/j.compeleceng.2020.106723,0
doi:10.1108/ccij-03-2022-0033,1041,0.000000,The role of perceived usefulness and annoyance on programmatic advertising: the moderating effect of Internet user privacy and cookies,2022,10.1108/ccij-03-2022-0033,Corporate Communications An International Journal,article,"Núñez‐Barriopedro, Estela; Valiño, Pedro Cuesta; Mansori-Amar, Sara",backward|forward,crossref|openalex,doi:10.1016/j.chb.2020.106657|doi:10.1016/j.techfore.2019.03.020|doi:10.1080/00913367.2019.1654421|doi:10.4018/979-8-3693-7041-4.ch006,0
doi:10.1108/cemj-07-2025-0212,1042,0.000000,Reconfiguring marketing communication in the age of AI: a comparative case analysis of global brand transformations,2026,10.1108/cemj-07-2025-0212,Central European Management Journal,article,"Mróz-Gorgoń, Barbara; Małecka, Agnieszka; Czugan, Marcin; Pfajfar, Gregor",forward,openalex,doi:10.1007/s11747-019-00696-0|doi:10.1007/s11747-020-00749-9,0
doi:10.1108/cr-03-2025-0104,1043,0.000000,Balancing innovation and ethics: the role of artificial intelligence in transforming B2B customer experience,2025,10.1108/cr-03-2025-0104,Competitiveness Review An International Business Journal incorporating Journal of Global Competitiveness,article,"Hitti, Sandreen; Ramadan, Alaaeddine",forward,openalex,doi:10.1007/s11747-020-00749-9,0
doi:10.1108/cr-04-2023-0076,1044,0.000000,How phygital customers’ experience transforms the retail banking sector? Examining customer engagement and patronage intentions,2023,10.1108/cr-04-2023-0076,Competitiveness Review An International Business Journal incorporating Journal of Global Competitiveness,article,"Kumar, Jitender; Rana, Sudhir; Rani, Garima; Rani, Vinki",backward,crossref|openalex,doi:10.1109/iccraids67816.2026.11519734|doi:10.1155/hbe2/6675139,0
doi:10.1108/dta-11-2020-0286,1045,0.000000,M-GAN-XGBOOST model for sales prediction and precision marketing strategy making of each product in online stores,2021,10.1108/dta-11-2020-0286,Data Technologies and Applications,article,"Wang, Song; Yang, Yang",forward,openalex,doi:10.1016/j.indmarman.2020.07.022,0
doi:10.1108/dts-04-2025-0082,1046,0.000000,How technology readiness influences behavioral and purchasing intention: serial multiple mediating role of attitude toward AI and AI-driven consumer chatbot experience,2025,10.1108/dts-04-2025-0082,Digital Transformation and Society,article,"BECAN, Cihan; Çeber, Burak",forward,openalex,doi:10.1108/ijrdm-08-2020-0312,0
doi:10.1108/ebr-06-2024-0190,1047,0.000000,Millennials’ experiences and satisfaction with chatbots: a study of self-service technology in emerging markets,2025,10.1108/ebr-06-2024-0190,European Business Review,article,"Lubbe, Isolde; Roberts-Lombard, Mornay; Langerman, Josef",forward,openalex,doi:10.1108/ijrdm-08-2020-0312,0
doi:10.1108/ejim-03-2024-0317,1048,0.000000,Reconfiguring competitive advantage: a resource dynamic framework for generative AI adoption in digital content marketing,2025,10.1108/ejim-03-2024-0317,European Journal of Innovation Management,article,"Lanfranchi, G.; Cioli, Alessandra; Amanti, Andrea; Marinelli, Luca",forward,openalex,doi:10.1007/s11747-020-00749-9,0
doi:10.1108/ejim-06-2025-0827,1049,0.000000,Exploring the relationship between GenAI-CRM and market effectiveness: the moderating role of top management support and technology turbulence,2025,10.1108/ejim-06-2025-0827,European Journal of Innovation Management,article,"Kumar, Vinod; kumar, Sachin; Čepel, Martin; Troise, Ciro; Chatterjee, Sheshadri",forward,openalex,doi:10.1007/s11747-019-00696-0,0
doi:10.1108/ejim-08-2024-0887,1050,0.000000,Discovering the phygital customer experience: which digital technologies influence leading companies’ processes?,2025,10.1108/ejim-08-2024-0887,European Journal of Innovation Management,article,"Barile, Domenica; Secundo, Giustina; Vecchio, Pasquale Del",forward,openalex,doi:10.1016/j.techfore.2023.122342|doi:10.1108/ijrdm-08-2020-0312|doi:10.6092/issn.2611-0563/13120,0
doi:10.1108/ejm-01-2022-0066,1051,0.000000,The impact of providing non-human identity cues about sales agents on consumer responses: the role of social presence and speciesism activation,2025,10.1108/ejm-01-2022-0066,European Journal of Marketing,article,"Cicco, Roberta De; Elmashhara, Maher Georges; Silva, Susana Costa e; Hammerschmidt, Maik",forward,openalex,doi:10.1007/s11747-019-00696-0,0
doi:10.1108/ejm-01-2023-0009,1052,0.000000,"A consumer perspective of AI certification – the current certification landscape, consumer approval and directions for future research",2023,10.1108/ejm-01-2023-0009,European Journal of Marketing,article,"Blösser, Myrthe; Weihrauch, Andrea",forward,openalex,doi:10.1007/s11747-019-00696-0,0
doi:10.1108/ejm-01-2023-0037,1053,0.000000,More than just a chat: a taxonomy of consumers’ relationships with conversational AI agents and their well-being implications,2023,10.1108/ejm-01-2023-0037,European Journal of Marketing,article,"Alabed, Amani; Javornik, Ana; Gregory‐Smith, Diana; Casey, Rebecca",forward,openalex,doi:10.1007/s11747-019-00696-0,0
doi:10.1108/ejm-02-2023-0082,1054,0.000000,It just would not work for me: perceived preference heterogeneity and consumer response to AI-driven product recommendations,2025,10.1108/ejm-02-2023-0082,European Journal of Marketing,article,"Sun, Luping; Tang, Yanfei; Ma, Xinyi",forward,openalex,doi:10.1007/s11747-019-00696-0,0
doi:10.1108/ejm-03-2022-0185,1055,0.000000,Color effects on AI influencers’ product recommendations,2023,10.1108/ejm-03-2022-0185,European Journal of Marketing,article,"Chan, Ka Wing; Septianto, Felix; Kwon, Junbum; Kamal, Revathi Sridhar",forward,openalex,doi:10.1016/j.bushor.2019.12.002,0
doi:10.1108/ejm-04-2019-0308,1056,0.000000,The architecture of the phygital customer journey: a dynamic interplay between systems of insights and systems of engagement,2021,10.1108/ejm-04-2019-0308,European Journal of Marketing,article,"Mele, Cristina; Spena, Tiziana Russo",backward,crossref|openalex,doi:10.1016/j.techfore.2023.122342|doi:10.1155/hbe2/6675139,0
doi:10.1108/ejm-05-2022-0373,1057,0.000000,Understanding the link between an IMC technology capability and organisational integration and performance,2023,10.1108/ejm-05-2022-0373,European Journal of Marketing,article,"Kerr, Gayle; Valos, Michael; Luxton, Sandra; Allen, Rebecca S.",forward,openalex,doi:10.1007/978-3-658-22681-7_3|doi:10.1016/j.chb.2020.106657,0
doi:10.1108/ejm-06-2024-0535,1058,0.000000,"Navigating technological disruptions: the interplay of AI-based stakeholder engagement, marketing agility, and firm performance",2025,10.1108/ejm-06-2024-0535,European Journal of Marketing,article,"Tehrani, Ali N.; Roy, Sanjit Kumar",forward,openalex,doi:10.1007/s11747-019-00696-0|doi:10.1007/s11747-020-00749-9,0
doi:10.1108/ejm-07-2025-0534,1059,0.000000,Artificially sincere? How chatbot language style shapes consumer perceptions across brand contexts,2026,10.1108/ejm-07-2025-0534,European Journal of Marketing,article,"Sands, Sean; Ferraro, Carla; Demsar, Vlad; Leckie, Civilai; Campbell, Colin",forward,openalex,doi:10.1007/s11747-020-00749-9|doi:10.1016/j.bushor.2019.12.002,0
doi:10.1108/ejm-12-2019-0941,1060,0.000000,Using AI predicted personality to enhance advertising effectiveness,2021,10.1108/ejm-12-2019-0941,European Journal of Marketing,article,"Shumanov, Michael; Cooper, Holly B.; Ewing, Mike",forward,openalex,doi:10.1007/s11747-019-00696-0|doi:10.1080/00913367.2020.1795954,0
doi:10.1108/ejm-12-2019-0942,1061,0.000000,“Hey Alexa–order groceries for me” – the effect of consumer–VAI emotional attachment on satisfaction and repurchase intention,2021,10.1108/ejm-12-2019-0942,European Journal of Marketing,article,"Singh, Reema",forward,openalex,doi:10.1007/s11747-019-00696-0|doi:10.1007/s11747-020-00749-9,0
doi:10.1108/ejm-12-2019-0949,1062,0.000000,Unreal influence: leveraging AI in influencer marketing,2022,10.1108/ejm-12-2019-0949,European Journal of Marketing,article,"Sands, Sean; Campbell, Colin L.; Plangger, Kirk; Ferraro, Carla",forward,openalex,doi:10.1016/j.bushor.2019.12.002,0
doi:10.1108/ejms-05-2024-0047,1063,0.000000,Perceived attributes of artificial intelligence (AI) toward consumers’ AI attitudes and purchase intention in an AI powered retail shopping space,2025,10.1108/ejms-05-2024-0047,European Journal of Management Studies,article,"Arachchi, H.A. Dimuthu Maduranga; Samarasinghe, Gameela",forward,openalex,doi:10.1007/s11747-019-00696-0,0
doi:10.1108/emjb-05-2025-0199,1064,0.000000,From funnels to feedback loops: rethinking customer-centric digital marketing with AI and behavioural psychology in new ventures,2025,10.1108/emjb-05-2025-0199,EuroMed Journal of Business,article,"Palmucci, Dario Natale; Jabeen, Fauzia; Santoro, Gabriele",forward,openalex,doi:10.1007/s11747-019-00696-0|doi:10.1007/s11747-020-00749-9,0
doi:10.1108/emjb-07-2021-0105,1065,0.000000,Big data analytics in strategic sales performance: mediating role of CRM capability and moderating role of leadership support,2022,10.1108/emjb-07-2021-0105,EuroMed Journal of Business,article,"Chatterjee, Sheshadri; Chaudhuri, Ranjan; Vrontis, Demetris",backward,openalex,doi:10.58830/ozgur.pub610.c2592|doi:10.58830/ozgur.pub610.c2595,0
doi:10.1108/emjb-11-2020-0117,1066,0.000000,Marketing accountability and marketing automation: evidence from Portugal,2021,10.1108/emjb-11-2020-0117,EuroMed Journal of Business,article,"Silva, Susana Costa e; Corbo, Leonardo; Vlačić, Božidar; Fernandes, Mariana",backward|forward,crossref|openalex,doi:10.1007/s12599-015-0370-8|doi:10.1016/j.indmarman.2019.12.008|doi:10.1142/s0219622024500081|doi:10.1142/s0219622025500981,0
doi:10.1108/emjb-12-2024-0353,1067,0.000000,Using artificial intelligence in digital branding: a two-phase qualitative approach,2026,10.1108/emjb-12-2024-0353,EuroMed Journal of Business,article,"Jalilvand, Mohammad Reza; Ataei, Jamileh",forward,openalex,doi:10.1007/978-3-030-72080-3_20|doi:10.1177/18393349211037684,0
doi:10.1108/fs-10-2021-0210,1068,0.000000,Artificial intelligence in retail – a systematic literature review,2022,10.1108/fs-10-2021-0210,foresight,review,"Heins, Caroline",forward,openalex,doi:10.1016/j.bushor.2019.12.002|doi:10.1108/ijrdm-08-2020-0312,0
doi:10.1108/fs-10-2021-0218,1069,0.000000,Investigating the impact of artificial intelligence on consumer’s purchase intention in e-retailing,2022,10.1108/fs-10-2021-0218,foresight,article,"Bhagat, Rohit; Chauhan, V. S.; Bhagat, P.",forward,openalex,doi:10.1007/s11747-020-00749-9,0
doi:10.1108/idd-04-2024-0054,1070,0.000000,I genuinely recognize you: how technological engagement and privacy increase the online purchase intent of consumers,2024,10.1108/idd-04-2024-0054,Information Discovery and Delivery,article,"Nayyar, Varun",forward,openalex,doi:10.1108/itp-09-2019-0480,0
doi:10.1108/idd-05-2025-0120,1071,0.000000,Mapping the intellectual structure of artificial intelligence-enabled customer engagement: a bibliometric analysis and framework-based review for future research directions,2026,10.1108/idd-05-2025-0120,Information Discovery and Delivery,article,"Tagra, Priyanka; Rani, Sangita",forward,openalex,doi:10.1108/ijrdm-08-2020-0312,0
doi:10.1108/idd-09-2025-0239,1072,0.000000,Demystifying the impact of artificial intelligence word-of-mouth (AI-WOM) and knowledge management on social media engagement: comparing Vietnam and China,2026,10.1108/idd-09-2025-0239,Information Discovery and Delivery,article,"Nguyen, Khoi Minh; Thi, Kim Ngoc Nguyen; Hoang, Ngoc Bich; Dang, Linh Dan; Nguyen, Anh Kiet Truong; Đinh, Đức Minh; Nguyen, Ngan Thanh",forward,openalex,doi:10.1007/s11747-019-00696-0,0
doi:10.1108/idd-11-2023-0132,1073,0.000000,Chatbot integration for online shopping: a bibliometric review and future research agenda,2024,10.1108/idd-11-2023-0132,Information Discovery and Delivery,article,"Sharma, Namita; Arora, Meenal; Tandon, Urvashi; Mittal, Amit",forward,openalex,doi:10.1007/978-3-030-12453-3_143|doi:10.1108/ijrdm-08-2020-0312,0
doi:10.1108/ijbm-03-2025-0225,1074,0.000000,Insurance chatbot adoption and continued usage in emerging markets: impact of human-agent access,2026,10.1108/ijbm-03-2025-0225,International Journal of Bank Marketing,article,"Pandey, Shweta; Chawla, Deepak; Puri, Sandeep",forward,openalex,doi:10.1007/s11747-019-00696-0,0
doi:10.1108/ijbm-09-2021-0440,1075,0.000000,Managers' understanding of artificial intelligence in relation to marketing financial services: insights from a cross-country study,2021,10.1108/ijbm-09-2021-0440,International Journal of Bank Marketing,article,"Mogaji, Emmanuel; Nguyen, Nguyen Phong",forward,openalex,doi:10.1007/s11747-019-00696-0|doi:10.1177/18393349211037684,0
doi:10.1108/ijbm-09-2021-0451,1076,0.000000,"Sophia Sophia tell me more, which is the most risk-free plan of all? AI anthropomorphism and risk aversion in financial decision-making",2022,10.1108/ijbm-09-2021-0451,International Journal of Bank Marketing,article,"Cui, Yuanyuan",forward,openalex,doi:10.1177/18393349211037684,0
doi:10.1108/ijchm-09-2025-1442,1077,0.000000,From interaction to impact: developing the AI touchpoint experience scale,2026,10.1108/ijchm-09-2025-1442,International Journal of Contemporary Hospitality Management,article,"Chu, Heng; Ji, Chunli; Tang, Yan; Prentice, Catherine; Liu, Xiaojun",forward,openalex,doi:10.1007/s11747-019-00696-0,0
doi:10.1108/ijchm-11-2025-1700,1078,0.000000,Persuading the proxy: a framework for AI-mediated marketing decisions,2026,10.1108/ijchm-11-2025-1700,International Journal of Contemporary Hospitality Management,article,"Bilgihan, Anil; Lorenz, Melanie P.; Zhang, Ye; Ostinelli, Massimiliano",forward,openalex,doi:10.1007/s11747-020-00749-9,0
doi:10.1108/ijis-06-2024-0148,1079,0.000000,Customer experience in digital transformation: the influence of intelligent chatbots toward a sustainable market,2025,10.1108/ijis-06-2024-0148,International Journal of Innovation Science,article,"Gomes, Sofia; Lopes, Jo�ão M.; Trancoso, Tiago",forward,openalex,doi:10.1108/ijrdm-08-2020-0312,0
doi:10.1108/ijoem-03-2022-0478,1080,0.000000,Conceptual model generation of the relationship between digital marketing capability and business performance: evidence from Turkey,2025,10.1108/ijoem-03-2022-0478,International Journal of Emerging Markets,article,"Acayıp, Esma; Kirselioglu, Dilsad; Akel, Gökhan",forward,openalex,doi:10.1016/j.indmarman.2020.07.022,0
doi:10.1108/ijoem-08-2021-1214,1081,0.000000,Reinforcing customer journey through artificial intelligence: a review and research agenda,2021,10.1108/ijoem-08-2021-1214,International Journal of Emerging Markets,article,"Rana, Jyoti; Gaur, Loveleen; Singh, Gurmeet; Awan, Usama; Rasheed, Muhammad Imran",forward,openalex,doi:10.1007/s11747-019-00696-0|doi:10.1016/j.bushor.2019.12.002|doi:10.1177/0008125619859317,0
doi:10.1108/ijoes-02-2026-0150,1082,0.000000,Generative AI in marketing: mapping evolving ethical concerns through social network analysis,2026,10.1108/ijoes-02-2026-0150,International Journal of Ethics and Systems,article,"Ngo, Vu Minh; Vu, Tri Minh",forward,openalex,doi:10.1007/s11747-019-00696-0|doi:10.1007/s11747-020-00749-9|doi:10.1177/18393349211037684,0
doi:10.1108/ijphm-09-2023-0086,1083,0.000000,Attitude and behavior towards chatbots: case of the beauty care industry,2024,10.1108/ijphm-09-2023-0086,International Journal of Pharmaceutical and Healthcare Marketing,article,"Dassouli, Sara; Satt, Harit; Senhaji, Nissrine",forward,openalex,doi:10.1108/ijrdm-08-2020-0312,0
doi:10.1108/ijqss-08-2025-0220,1084,0.000000,Artificial intelligence (AI) powered marketing strategy: a systematic literature review and future research direction,2026,10.1108/ijqss-08-2025-0220,International Journal of Quality and Service Sciences,review,"Sujood; Kumar, A Ananda; Singh, Shuchita; Srivastava, Nidhi; Srivastava, Arpita; Jain, Amrita; Ayaz, Mohd; Solomon, Priya; Kumar, Atul",forward,openalex,doi:10.1007/s11747-019-00696-0|doi:10.1007/s11747-020-00749-9|doi:10.1108/wjemsd-08-2020-0099,0
doi:10.1108/ijrdm-03-2025-0171,1085,0.000000,Understanding customer experience and engagement in digital assistant-based retail interactions,2025,10.1108/ijrdm-03-2025-0171,International Journal of Retail & Distribution Management,article,"Rahman, Md. Shahinur; Sabbir, Md. Mahiuddin; Zhang, Jing",forward,openalex,doi:10.1108/ijrdm-08-2020-0312,0
doi:10.1108/ijrdm-04-2023-0237,1086,0.000000,Perceived experiential value and continued use intention of e-retail chatbots,2024,10.1108/ijrdm-04-2023-0237,International Journal of Retail & Distribution Management,article,"Mpinganjira, Mercy; Dlodlo, Nobukhosi; Idemudia, Efosa C.",forward,openalex,doi:10.1108/ijrdm-08-2020-0312,0
doi:10.1108/ijrdm-05-2022-0163,1087,0.000000,Using chatbots in e-retailing – how to mitigate perceived risk and enhance the flow experience,2022,10.1108/ijrdm-05-2022-0163,International Journal of Retail & Distribution Management,article,"Silva, Susana Costa e; Cicco, Roberta De; Vlačić, Božidar; Elmashhara, Maher Georges",forward,openalex,doi:10.1108/ijrdm-08-2020-0312,0
doi:10.1108/ijrdm-05-2024-0203,1088,0.000000,Framework for adoption of generative AI for information search of retail products and services,2024,10.1108/ijrdm-05-2024-0203,International Journal of Retail & Distribution Management,article,"Gupta, Astha Sanjeev; Mukherjee, Jaydeep",forward,openalex,doi:10.1108/ijrdm-08-2020-0312,0
doi:10.1108/ijrdm-05-2024-0216,1089,0.000000,"Braving digital retail frontier through artificial intelligence: rhetoric, reality, institutionalization",2025,10.1108/ijrdm-05-2024-0216,International Journal of Retail & Distribution Management,article,"Liyanage, Tharaka; Gunasekara, Ishini; Sipnara, Sasuni; Givindi, Rithmi; Ranathunga, Sanduni",forward,openalex,doi:10.1007/s11747-019-00696-0,0
doi:10.1108/ijrdm-07-2024-0334,1090,0.000000,Leveraging AI to drive online impulse buying: a SOBC perspective,2025,10.1108/ijrdm-07-2024-0334,International Journal of Retail & Distribution Management,article,"Shamim, Khalid; Misra, Subhas Chandra",forward,openalex,doi:10.1108/ijrdm-08-2020-0312,0
doi:10.1108/ijrdm-08-2020-0312,1091,0.000000,Usability and responsiveness of artificial intelligence chatbot on online customer experience in e-retailing,2021,10.1108/ijrdm-08-2020-0312,International Journal of Retail & Distribution Management,article,"Chen, Ja‐Shen; Le, Tran-Thien-Y; Florence, Devina",backward|forward,crossref|openalex,doi:10.1007/s11747-019-00696-0|doi:10.1177/0008125619859317|doi:10.4018/979-8-3693-7909-7.ch016,0
doi:10.1108/ijrdm-08-2024-0390,1092,0.000000,Exploring drivers of customer engagement with voice interface in E-retail,2025,10.1108/ijrdm-08-2024-0390,International Journal of Retail & Distribution Management,article,"Gupta, Astha Sanjeev; Mukherjee, Jaydeep",forward,openalex,doi:10.1108/ijrdm-08-2020-0312,0
doi:10.1108/ijrdm-09-2020-0350,1093,0.000000,Artificial intelligence in retail: applications and value creation logics,2021,10.1108/ijrdm-09-2020-0350,International Journal of Retail & Distribution Management,article,"Cao, Lanlan",forward,openalex,doi:10.1177/0008125619859317,0
doi:10.1108/ijrdm-10-2020-0410,1094,0.000000,Data-driven digital advertising: benefits and risks of online behavioral advertising,2021,10.1108/ijrdm-10-2020-0410,International Journal of Retail & Distribution Management,article,"Aiolfi, Simone; Bellini, Silvia; Pellegrini, Davide",backward,openalex,doi:10.58830/ozgur.pub610.c2592|doi:10.58830/ozgur.pub610.c2595,0
doi:10.1108/ijrdm-11-2018-0251,1095,0.000000,Indian shopper motivation to use artificial intelligence,2019,10.1108/ijrdm-11-2018-0251,International Journal of Retail & Distribution Management,article,"Chopra, Komal",backward,crossref|openalex,doi:10.1108/ijrdm-08-2020-0312,0
doi:10.1108/ijrdm-11-2022-0456,1096,0.000000,Importance of AI attributes in Indian retail stores: a conjoint analysis approach,2024,10.1108/ijrdm-11-2022-0456,International Journal of Retail & Distribution Management,article,"Srivastava, Kavita; Pal, Divyanshi",forward,openalex,doi:10.1108/ijrdm-08-2020-0312|doi:10.1177/0008125619859317,0
doi:10.1108/ijrdm-11-2024-0636,1097,0.000000,Understanding customer collaboration with virtual agents: service task as a moderator,2025,10.1108/ijrdm-11-2024-0636,International Journal of Retail & Distribution Management,article,"Matos, Celso Augusto de; Laurentino, Renato; Veiga, Ricardo Teixeira",forward,openalex,doi:10.1108/ijrdm-08-2020-0312,0
doi:10.1108/ijrdm-12-2019-0406,1098,0.000000,Millennials' attitude toward chatbots: an experimental study in a social relationship perspective,2020,10.1108/ijrdm-12-2019-0406,International Journal of Retail & Distribution Management,article,"Cicco, Roberta De; Silva, Susana Costa e; Alparone, Francesca Romana",backward,crossref|openalex,doi:10.1108/ijrdm-08-2020-0312,0
doi:10.1108/ijrdm-12-2021-0610,1099,0.000000,Evaluation and adoption of artificial intelligence in the retail industry,2023,10.1108/ijrdm-12-2021-0610,International Journal of Retail & Distribution Management,article,"Fu, Hsin‐Pin; Chang, Tien‐Hsiang; Lin, Sheng‐Wei; Teng, Ying-Hua; Huang, Yingzi",forward,openalex,doi:10.1108/ijrdm-08-2020-0312,0
doi:10.1108/ijrdm-12-2022-0493,1100,0.000000,The role of artificial intelligence in improving the omnichannel customer experience,2023,10.1108/ijrdm-12-2022-0493,International Journal of Retail & Distribution Management,article,"Calvo, Ana Valeria Castro; Valdez, Ana Dolores Franco; Frasquet, Marta",forward,openalex,doi:10.1007/s11747-019-00696-0|doi:10.1177/0008125619859317,0
doi:10.1108/ijsms-06-2024-0147,1101,0.000000,"Generative A.I. in sport advertising: effects of source-message (in)congruence, model types and A.I. awareness",2025,10.1108/ijsms-06-2024-0147,International Journal of Sports Marketing and Sponsorship,article,"Lee, J. Lucy; Choi, Si Hoon; Jeong, Suzy; Ko, Namho",forward,openalex,doi:10.1080/00913367.2019.1654421,0
doi:10.1108/ijssp-01-2025-0003,1102,0.000000,Bridging the chatbot connection: the role of AI-driven chatbot affordances in e-commerce purchase intentions,2025,10.1108/ijssp-01-2025-0003,International Journal of Sociology and Social Policy,article,"Yatawara, Kalindu Mithila Bandara; Sampath, Tharaindu; Kalupahana, Poorni Lakshani; Rathnayake, Sanduni; Jayasuriya, Nisha; Rathnayake, Nilmini",forward,openalex,doi:10.1108/ijrdm-08-2020-0312,0
doi:10.1108/imds-03-2024-0251,1103,0.000000,Conceptualization of privacy concerns and their influence on consumers’ resistance to AI-based recommender systems in e-commerce,2025,10.1108/imds-03-2024-0251,Industrial Management & Data Systems,article,"Chen, Ting; Liu, Fuzhen; Shen, Xiao‐Liang; Wu, Jiang; Liu, Yiyuan",forward,openalex,doi:10.1007/s11747-019-00696-0,0
doi:10.1108/imds-05-2021-0300,1104,0.000000,"Artificial intelligence in business-to-business marketing: a bibliometric analysis of current research status, development and future directions",2021,10.1108/imds-05-2021-0300,Industrial Management & Data Systems,article,"Han, Runyue; Lam, Hugo K.S.; Zhan, Yuanzhu; Wang, Yichuan; Dwivedi, Yogesh K.; Tan, Kim Hua",forward,openalex,doi:10.1007/s11747-019-00696-0,0
doi:10.1108/imds-11-2022-0675,1105,0.000000,"IT-related resources, digital marketing capabilities and business performance: moderating effects of digital orientation and technological turbulence",2023,10.1108/imds-11-2022-0675,Industrial Management & Data Systems,article,"Ranjan, Piyush",forward,openalex,doi:10.1016/j.indmarman.2020.07.022,0
doi:10.1108/imr-02-2024-0049,1106,0.000000,Big-data AI analytics in value-chain innovation and international marketing strategy: insights from SMEs in cultural and creative industries,2025,10.1108/imr-02-2024-0049,International Marketing Review,article,"Zong, Zupan; Anwar, Muhammad Shahzad; Khan, Sana Akbar; Asmi, Fahad; Hussain, N.",forward,openalex,doi:10.1007/978-3-030-12453-3_143|doi:10.1007/s11747-020-00749-9,0
doi:10.1108/imr-03-2025-0128,1107,0.000000,"AI-driven dynamic capabilities in international marketing: framework, gaps and research directions",2025,10.1108/imr-03-2025-0128,International Marketing Review,article,"Chen, Yantai; Liu, Lu; Li, Jing; Singh, Sanjay Kumar",forward,openalex,doi:10.1007/s11747-019-00696-0|doi:10.1007/s11747-020-00749-9,0
doi:10.1108/imr-04-2024-0118,1108,0.000000,Understanding customers’ intentions to use AI-enabled services in online fashion stores – a longitudinal study,2025,10.1108/imr-04-2024-0118,International Marketing Review,article,"Zaman, Mustafeed; Jasim, K. Mohamed; Hasan, Rajibul; Akter, Shahriar; Vrontis, Demetris",forward,openalex,doi:10.1007/s11747-019-00696-0,0
doi:10.1108/imr-04-2024-0132,1109,0.000000,A bibliometric approach to the evolution of artificial intelligence in digital marketing,2025,10.1108/imr-04-2024-0132,International Marketing Review,article,"Nalbant, Kemal Gökhan; Aydın, Sevgi",forward,openalex,doi:10.1007/978-3-030-12453-3_151|doi:10.1007/978-3-030-72080-3_20|doi:10.1007/s11747-019-00696-0|doi:10.1007/s11747-020-00749-9|doi:10.1016/j.indmarman.2020.07.022|doi:10.1108/wjemsd-08-2020-0099|doi:10.1177/0008125619859317|doi:10.1177/18393349211037684,0
doi:10.1108/imr-10-2024-0420,1110,0.000000,Ready. Set. AI: a systematic literature review exploring AI antecedents in international marketing,2025,10.1108/imr-10-2024-0420,International Marketing Review,review,"Siljeur, Justin; Quiel, Julia; Kanbach, Dominik K.; Kraus, Sascha",forward,openalex,doi:10.1007/s11747-019-00696-0|doi:10.1007/s11747-020-00749-9|doi:10.1016/j.bushor.2019.12.002,0
doi:10.1108/imr-10-2024-0433,1111,0.000000,The effects of AI-generated advertisements on customer engagement and emotions based on Hofstede’s cultural dimensions: a study from the generation Z international optic,2025,10.1108/imr-10-2024-0433,International Marketing Review,article,"Priporas, Constantinos‐Vasilios; Hussain, Shahzeb; Rahman, Hafızur",forward,openalex,doi:10.1080/00913367.2019.1654421,0
doi:10.1108/imr-12-2021-0372,1112,0.000000,International relationship management during social distancing: the role of AI-integrated social CRM by MNEs during the Covid-19 pandemic,2023,10.1108/imr-12-2021-0372,International Marketing Review,article,"Chatterjee, Sheshadri; Chaudhuri, Ranjan; Thrassou, Alkis; Vrontis, Demetris",forward,openalex,doi:10.1108/wjemsd-08-2020-0099,0
doi:10.1108/intr-01-2021-0030,1113,0.000000,Artificial intelligent chatbots as brand promoters: a two-stage structural equation modeling-artificial neural network approach,2021,10.1108/intr-01-2021-0030,Internet Research,article,"Lee, Crystal T.; Pan, Ling-Yen; Hsieh, Sara H.",forward,openalex,doi:10.1007/s11747-020-00749-9,0
doi:10.1108/intr-01-2021-0049,1114,0.000000,The algorithmic persuasion framework in online communication: conceptualization and a future research agenda,2022,10.1108/intr-01-2021-0049,Internet Research,article,"Zarouali, Brahim; Boerman, Sophie C.; Voorveld, Hilde; Noort, Guda van",forward,openalex,doi:10.1016/j.ausmj.2020.04.002|doi:10.1080/00913367.2020.1795954,0
doi:10.1108/intr-01-2025-0116,1115,0.000000,Anthropomorphic AI traits and roles in customer journeys: a systematic review and the interaction–activation–outcome framework,2026,10.1108/intr-01-2025-0116,Internet Research,article,"Amin, Md Al; Elhoushy, Sayed; Licsandru, Tana Cristina; Lyngdoh, Teidorlang",forward,openalex,doi:10.1007/s11747-019-00696-0,0
doi:10.1108/intr-05-2024-0818,1116,0.000000,From browsing to buying: unpacking the impact of AI on E-commerce shoppers’ well-being,2026,10.1108/intr-05-2024-0818,Internet Research,article,"Sá, Gonçalo; Tam, Carlos; Aparício, Manuela",forward,openalex,doi:10.1007/s11747-020-00749-9|doi:10.1108/ijrdm-08-2020-0312,0
doi:10.1108/intr-12-2023-1156,1117,0.000000,"In AI, we do not trust! The nexus between awareness of falsity in AI-generated CSR ads and online brand engagement",2024,10.1108/intr-12-2023-1156,Internet Research,article,"Aljarah, Ahmad; Ibrahim, Blend; López, Manuela",forward,openalex,doi:10.1016/j.ausmj.2020.04.002,0
doi:10.1108/itp-01-2023-0022,1118,0.000000,Artificial intelligence or human: when and why consumers prefer AI recommendations,2023,10.1108/itp-01-2023-0022,Information Technology and People,article,"Jin, Fei; Zhang, Xiaodan",forward,openalex,doi:10.1007/s11747-019-00696-0,0
doi:10.1108/itp-05-2025-0625,1119,0.000000,Taming the “techno-monster”: marketing managers' perceptions of AI systems and humanization challenges,2026,10.1108/itp-05-2025-0625,Information Technology and People,article,"Megdadi, Omar; Kadirov, Djavlonbek; Tjiptono, Fandy",forward,openalex,doi:10.1007/s11747-019-00696-0|doi:10.1007/s11747-020-00749-9,0
doi:10.1108/itp-09-2019-0480,1120,0.000000,Exploring determinants of consumers' attitudes toward real-time bidding (RTB) advertising,2020,10.1108/itp-09-2019-0480,Information Technology and People,article,"Zhang, Sixuan; Wakefield, Robin L.; Huang, Jinsong; Li, Xi",backward|forward,crossref|openalex,doi:10.1007/978-3-031-96930-0_11|doi:10.1007/978-3-319-25023-6_1|doi:10.1016/j.chb.2020.106657,0
doi:10.1108/jbim-02-2023-0073,1121,0.000000,Augmenting machine learning with human insights: the model development for B2B personalization,2023,10.1108/jbim-02-2023-0073,Journal of Business and Industrial Marketing,article,"Yaghtin, Shahrzad; Mero, Joel",forward,openalex,doi:10.1007/s11747-019-00696-0,0
doi:10.1108/jbim-02-2024-0074,1122,0.000000,"Transforming business-to-business marketing from tradition to digitalization: a taxonomic review of current trends, methodologies and future paths",2025,10.1108/jbim-02-2024-0074,Journal of Business and Industrial Marketing,article,"Shashi, Shashi; Ertz, Myriam; Cerchione, Roberto; Kumar, Vikas",forward,openalex,doi:10.1016/j.indmarman.2019.12.008,0
doi:10.1108/jbim-02-2025-0097,1123,0.000000,The impact of generative AI technology on B2B sales process and performance: an empirical study,2025,10.1108/jbim-02-2025-0097,Journal of Business and Industrial Marketing,article,"Rodríguez, Michael; Deeter‐Schmelz, Dawn R.; Krush, Michael T.",forward,openalex,doi:10.1007/s11747-019-00696-0,0
doi:10.1108/jbim-03-2024-0205,1124,0.000000,AI-driven competitive advantage: the role of personality traits and organizational culture in key account management,2025,10.1108/jbim-03-2024-0205,Journal of Business and Industrial Marketing,article,"Mehta, Prashant; Chakraborty, Debarun; Rana, Nripendra P.; Mishra, Anubhav; Khorana, Sangeeta; Kooli, Kaouther",forward,openalex,doi:10.1016/j.indmarman.2020.07.022,0
doi:10.1108/jbim-04-2021-0218,1125,0.000000,Understanding salesperson intention to use AI feedback and its influence on business-to-business sales outcomes,2021,10.1108/jbim-04-2021-0218,Journal of Business and Industrial Marketing,article,"Hall, Kelly R.; Harrison, Dana E.; Ajjan, Haya; Marshall, Greg W.",forward,openalex,doi:10.1007/s11747-019-00696-0,0
doi:10.1108/jbim-05-2021-0266,1126,0.000000,How the digital transformation from COVID-19 affected the relational approaches in B2B,2022,10.1108/jbim-05-2021-0266,Journal of Business and Industrial Marketing,article,"Corsaro, Daniela; D’Amico, V.",backward|forward,crossref|openalex,doi:10.1016/j.indmarman.2019.12.008|doi:10.1142/s0219622025500981,0
doi:10.1108/jbim-07-2021-0332,1127,0.000000,Artificial intelligence in customer relationship management: literature review and future research directions,2022,10.1108/jbim-07-2021-0332,Journal of Business and Industrial Marketing,article,"Ledro, Cristina; Nosella, Anna; Vinelli, Andrea",backward|forward,crossref|openalex,doi:10.1016/j.bushor.2019.12.002|doi:10.1080/0965254x.2022.2148269|doi:10.1177/0008125619859317|doi:10.58830/ozgur.pub610.c2592|doi:10.58830/ozgur.pub610.c2595,0
doi:10.1108/jbim-07-2025-0698,1128,0.000000,"Managerial attitudes toward AI: evaluating transparency, sense of control and fairness perceptions",2026,10.1108/jbim-07-2025-0698,Journal of Business and Industrial Marketing,article,"Falkenreck, Christine; Leszczyński, Grzegorz; Gaczek, Piotr",forward,openalex,doi:10.1007/s11747-019-00696-0,0
doi:10.1108/jbim-09-2020-0448,1129,0.000000,Artificial intelligence adoption in business-to-business marketing: toward a conceptual framework,2021,10.1108/jbim-09-2020-0448,Journal of Business and Industrial Marketing,article,"Chen, Lujie; Jiang, Mengqi; Jia, Fu; Liu, Guoquan",forward,openalex,doi:10.1016/j.bushor.2019.12.002,0
doi:10.1108/jbim-09-2021-0421,1130,0.000000,Digitalization in B2B marketing: omnichannel management from a PLS-SEM approach,2022,10.1108/jbim-09-2021-0421,Journal of Business and Industrial Marketing,article,"Alonso, Javier; Pablo-Martí, Federico; Núñez‐Barriopedro, Estela; Valiño, Pedro Cuesta",forward,openalex,doi:10.1016/j.indmarman.2020.07.022,0
doi:10.1108/jbim-10-2018-0295,1131,0.000000,Artificial intelligence (AI) and its implications for market knowledge in B2B marketing,2019,10.1108/jbim-10-2018-0295,Journal of Business and Industrial Marketing,article,"Paschen, Jeannette; Kietzmann, Jan; Kietzmann, Tim C.",backward,crossref|openalex,doi:10.1080/1051712x.2021.1920702|doi:10.58830/ozgur.pub610.c2592|doi:10.58830/ozgur.pub610.c2595,0
doi:10.1108/jbim-11-2022-0497,1132,0.000000,How e-commerce platforms build channel power: the role of AI resources and market-based assets,2023,10.1108/jbim-11-2022-0497,Journal of Business and Industrial Marketing,article,"Deng, Guangkuan; Zhang, Jianyu; Xu, Ying",forward,openalex,doi:10.1007/s11747-019-00696-0,0
doi:10.1108/jcm-01-2025-7509,1133,0.000000,Unveiling the dynamics of customer experience with AI-powered chatbots in online retail: a neuroscientific study,2026,10.1108/jcm-01-2025-7509,Journal of Consumer Marketing,article,"Roemer, Ellen; Trynczyk, Mike; Eisel-Ende, Carina",forward,openalex,doi:10.1108/ijrdm-08-2020-0312|doi:10.1177/0008125619859317,0
doi:10.1108/jcm-03-2020-3701,1134,0.000000,"The millennial customer journey: a Phygital mapping of emotional, behavioural, and social experiences",2021,10.1108/jcm-03-2020-3701,Journal of Consumer Marketing,article,"Mele, Cristina; Spena, Tiziana Russo; Tregua, Marco; Amitrano, Cristina Caterina",backward,crossref|openalex,doi:10.1016/j.techfore.2023.122342|doi:10.1155/hbe2/6675139,0
doi:10.1108/jcm-03-2022-5234,1135,0.000000,Investigating consumers’ adoption of AI chatbots for apparel shopping,2024,10.1108/jcm-03-2022-5234,Journal of Consumer Marketing,article,"Myin, Mon Thu A; Watchravesringkan, Kittichai",forward,openalex,doi:10.1007/s11747-019-00696-0,0
doi:10.1108/jcm-03-2025-7704,1136,0.000000,Marketing with anthropomorphised AI: insights from consumers,2025,10.1108/jcm-03-2025-7704,Journal of Consumer Marketing,article,"Charles, Vincent; Rana, Nripendra P.; Jain, Varsha",forward,openalex,doi:10.1007/s11747-019-00696-0|doi:10.1177/0008125619859317,0
doi:10.1108/jcm-04-2021-4577,1137,0.000000,Privacy considerations for online advertising: a stakeholder’s perspective to programmatic advertising,2022,10.1108/jcm-04-2021-4577,Journal of Consumer Marketing,article,"Cooper, Dylan A.; Yalcin, Taylan; Nistor, Cristina; Macrini, Matthew; Pehlivan, Ekin",backward,crossref|openalex,doi:10.1007/978-3-031-96930-0_11|doi:10.3390/jtaer21060179|doi:10.4018/979-8-3693-7041-4.ch006,0
doi:10.1108/jcm-04-2024-6806,1138,0.000000,Anthropomorphism and transparency interplay on consumer behaviour in generative AI-driven marketing communication,2025,10.1108/jcm-04-2024-6806,Journal of Consumer Marketing,article,"Wang, Yitong; Sauka, Kudzai; Situmeang, Frederik",forward,openalex,doi:10.1007/s11747-020-00749-9,0
doi:10.1108/jcm-06-2024-6929,1139,0.000000,Examining the impact of anthropomorphism and AI-chatbots service quality on online customer flow experience – exploring the moderating role of telepresence,2025,10.1108/jcm-06-2024-6929,Journal of Consumer Marketing,article,"Alalwan, Ali Abdallah; Algharabat, Raed; Samen, Amjad Abu El; Albanna, Hanaa; Al‐Okaily, Manaf",forward,openalex,doi:10.1007/s11747-019-00696-0,0
doi:10.1108/jcm-10-2024-7280,1140,0.000000,AI credibility and customer satisfaction: a neuroscience-based approach,2025,10.1108/jcm-10-2024-7280,Journal of Consumer Marketing,article,"Zubair, Muhammad; Iqbal, Sidra; Kashif, Muhammad; Kosonogov, Vladimir; Шестакова, Анна",forward,openalex,doi:10.1108/ijrdm-08-2020-0312,0
doi:10.1108/jeee-06-2022-0169,1141,0.000000,"Turning digital technology to immersive marketing strategy: a strategic perspective on flexibility, agility and adaptability for businesses",2022,10.1108/jeee-06-2022-0169,Journal of Entrepreneurship in Emerging Economies,article,"Yawised, Kritcha; Apasrawirote, Darlin; Chatrangsan, Maneerut; Muneesawang, Paisarn",forward,openalex,doi:10.1016/j.indmarman.2020.07.022,0
doi:10.1108/jeee-06-2025-0333,1142,0.000000,AI adoption and sustainable competitive advantage in SMEs: the roles of marketing analytics and innovation,2026,10.1108/jeee-06-2025-0333,Journal of Entrepreneurship in Emerging Economies,article,"Mahfoud, Noura; El-Adly, Mohammed",forward,openalex,doi:10.1007/s11747-019-00696-0,0
doi:10.1108/jeee-07-2022-0207,1143,0.000000,The impact of artificial intelligence in marketing on the performance of business organizations: evidence from SMEs in an emerging economy,2023,10.1108/jeee-07-2022-0207,Journal of Entrepreneurship in Emerging Economies,article,"Abrokwah-Larbi, Kwabena; Awuku-Larbi, Yaw",forward,openalex,doi:10.1007/s11747-019-00696-0|doi:10.1007/s11747-020-00749-9|doi:10.1016/j.bushor.2019.12.002|doi:10.1177/0008125619859317,0
doi:10.1108/jeim-05-2020-0185,1144,0.000000,Does marketing analytics capability boost firms' competitive marketing performance in data-rich business environment?,2021,10.1108/jeim-05-2020-0185,Journal of Enterprise Information Management,article,"Rahman, Muhammad Sabbir; Hossain, Md Afnan; Fattah, Fadi Abdel Muniem Abdel",forward,openalex,doi:10.1007/s11747-019-00696-0|doi:10.1016/j.bushor.2019.12.002|doi:10.1016/j.eswa.2018.11.002,0
doi:10.1108/jeim-09-2022-0316,1145,0.000000,Perceived anthropomorphism and purchase intention using artificial intelligence technology: examining the moderated effect of trust,2023,10.1108/jeim-09-2022-0316,Journal of Enterprise Information Management,article,"Malhotra, Gunjan; Ramalingam, Mahesh",forward,openalex,doi:10.1007/s11747-019-00696-0,0
doi:10.1108/jeim-10-2024-0551,1146,0.000000,Unlocking the precursors of customer service experience using artificial intelligence-driven chatbot: calibration of gratification theory and expectation confirmation model,2025,10.1108/jeim-10-2024-0551,Journal of Enterprise Information Management,article,"Rahi, Samar; Ngah, Abdul Hafaz; Alnasr, Firas; Alghizzawi, Mahmoud; Rasheed, Rizwana; Rashid, Aamir",forward,openalex,doi:10.1108/ijrdm-08-2020-0312,0
doi:10.1108/jeim-12-2021-0530,1147,0.000000,“Hacking marketing”: how do firms develop marketers' expertise and practices in a digital era?,2023,10.1108/jeim-12-2021-0530,Journal of Enterprise Information Management,article,"Hafezieh, Najmeh; Pollock, Neil; Ryan, Annmarie",forward,openalex,doi:10.1016/j.indmarman.2020.07.022,0
doi:10.1108/jfmm-01-2025-0050,1148,0.000000,AI-powered digital assistants in luxury shopping: examining customer experience factors and multisensory cues in China,2025,10.1108/jfmm-01-2025-0050,Journal of Fashion Marketing and Management,article,"Xiang, Jingyi; Qin, Chengbin; Han, Haiyang",forward,openalex,doi:10.1177/0008125619859317,0
doi:10.1108/jfmm-01-2026-0056,1149,0.000000,"E-commerce, physical stores and new technologies in the evolution of fashion retail business models",2026,10.1108/jfmm-01-2026-0056,Journal of Fashion Marketing and Management,article,"Guercini, Simone; Sádaba, Teresa; Mir-Bernal, Pedro",forward,openalex,doi:10.1007/s11747-019-00696-0,0
doi:10.1108/jhti-10-2025-1250,1150,0.000000,AI-driven marketing's mystery: forging destination love and image for brand equity,2026,10.1108/jhti-10-2025-1250,Journal of Hospitality and Tourism Insights,article,"Ghorbanzadeh, Davood; Jones, H.; Khan, Shahzad Ahmad; Chandra, Jennifer; Alhitmi, Hitmi Khalifa; Prasad, KDV",forward,openalex,doi:10.1007/s11747-020-00749-9,0
doi:10.1108/jhtt-03-2025-0206,1151,0.000000,Navigating the digital horizon: how AI-powered chatbots are redefining engagement in online travel agencies (OTAs),2026,10.1108/jhtt-03-2025-0206,Journal of Hospitality and Tourism Technology,article,"Malik, Garima; Singh, Dharmendra; Jha, Aruna",forward,openalex,doi:10.1108/ijrdm-08-2020-0312,0
doi:10.1108/jhtt-11-2023-0374,1152,0.000000,Chatbot symbolic recovery and customer forgiveness: a moderated mediation model,2024,10.1108/jhtt-11-2023-0374,Journal of Hospitality and Tourism Technology,article,"Zaki, Heba; Al‐Romeedy, Bassam Samir",forward,openalex,doi:10.1108/ijrdm-08-2020-0312,0
doi:10.1108/jkm-07-2023-0634,1153,0.000000,"Past, present and future of AI in marketing and knowledge management",2024,10.1108/jkm-07-2023-0634,Journal of Knowledge Management,article,"Marvi, Reza; Foroudi, Pantea; Cuomo, Maria Teresa",forward,openalex,doi:10.1007/s11747-019-00696-0|doi:10.1007/s11747-020-00749-9|doi:10.1016/j.bushor.2019.12.002|doi:10.1177/0008125619859317,0
doi:10.1108/jm2-01-2023-0004,1154,0.000000,Impact of service agents on customer satisfaction and loyalty: mediating role of Chatbots,2023,10.1108/jm2-01-2023-0004,Journal of Modelling in Management,article,"Naqvi, Muhammad Hasnain Abbas; Hongyu, Zhang; Naqvi, Mishal Hasnain; Li, Kun",forward,openalex,doi:10.1108/ijrdm-08-2020-0312,0
doi:10.1108/jm2-01-2023-0016,1155,0.000000,Role of artificial intelligence in customer engagement: a systematic review and future research directions,2024,10.1108/jm2-01-2023-0016,Journal of Modelling in Management,review,"Gupta, Yuvika; Khan, Farheen",forward,openalex,doi:10.1007/s11747-019-00696-0|doi:10.1177/0008125619859317,0
doi:10.1108/jm2-09-2025-0469,1156,0.000000,Scientometric analysis of artificial intelligence in sales and the position of Iran,2026,10.1108/jm2-09-2025-0469,Journal of Modelling in Management,article,"Andayesh, Seifallah; asadolahidehkordi, elahe; Sana, Shib Sankar",forward,openalex,doi:10.1007/s11747-019-00696-0|doi:10.1007/s11747-020-00749-9,0
doi:10.1108/jmh-09-2025-320,1157,0.000000,Marketing automation and decision making: the role of heuristics and AI in marketing,2025,10.1108/jmh-09-2025-320,Journal of Management History,article,"Giardino, Pier Luigi",forward,openalex,doi:10.1007/s11747-019-00696-0|doi:10.1007/s11747-020-00749-9|doi:10.1016/j.bushor.2019.12.002,0
doi:10.1108/josm-02-2024-0081,1158,0.000000,Assertive or submissive? How consumers respond to different dominance patterns in smart voice-based service encounters,2025,10.1108/josm-02-2024-0081,Journal of service management,article,"Koch, Troels; Foehr, Jonas; Riefle, Lara; Germelmann, Claas Christian",forward,openalex,doi:10.1007/s11747-020-00749-9,0
doi:10.1108/josm-03-2018-0082,1159,0.000000,Frontline Service Technology infusion: conceptual archetypes and future research directions,2019,10.1108/josm-03-2018-0082,Journal of service management,article,"Keyser, Arne De; Köcher, Sarah; Alkire, Linda; Verbeeck, Cédric; Kandampully, Jay",backward,crossref|openalex,doi:10.1155/hbe2/6675139,0
doi:10.1108/josm-04-2025-0182,1160,0.000000,Addressing vulnerability in customer experience with AI-agents,2026,10.1108/josm-04-2025-0182,Journal of service management,article,"Jha, Gautam; Wright, Jesse; Singhal, Aishwarya; Zhang, Yaofu; Burton, Jamie; McColl‐Kennedy, Janet R.",forward,openalex,doi:10.1007/s11747-019-00696-0|doi:10.1007/s11747-020-00749-9,0
doi:10.1108/josm-05-2019-0160,1161,0.000000,"Half human, half machine – augmenting service employees with AI for interpersonal emotion regulation",2020,10.1108/josm-05-2019-0160,Journal of service management,article,"Henkel, Alexander P.; Bromuri, Stefano; İren, Deniz; Urovi, Visara",forward,openalex,doi:10.1007/s11747-019-00696-0,0
doi:10.1108/josm-06-2019-0175,1162,0.000000,Human-like communication in conversational agents: a literature review and research agenda,2020,10.1108/josm-06-2019-0175,Journal of service management,article,"Pinxteren, Michelle M. E. van; Pluymaekers, Mark; Lemmink, Jos",backward,crossref|openalex,doi:10.1080/23311975.2024.2427428,0
doi:10.1108/josm-06-2019-0203,1163,0.000000,Managing the human–chatbot divide: how service scripts influence service experience,2020,10.1108/josm-06-2019-0203,Journal of service management,article,"Sands, Sean; Ferraro, Carla; Campbell, Colin; Tsao, Hsiu‐Yuan",backward,crossref|openalex,doi:10.1108/ijrdm-08-2020-0312,0
doi:10.1108/josm-06-2021-0238,1164,0.000000,Programmatic advertising in online retailing: consumer perceptions and future avenues,2022,10.1108/josm-06-2021-0238,Journal of service management,article,"Ciuchita, Robert; Gummerus, Johanna; Holmlund, Maria; Linhart, Eva Larissa",backward|forward,crossref|openalex,doi:10.1007/978-3-031-96930-0_11|doi:10.1016/j.chb.2020.106657|doi:10.1016/j.techfore.2019.03.020|doi:10.4018/979-8-3693-7041-4.ch006,0
doi:10.1108/josm-06-2022-0192,1165,0.000000,Some agents are more similar than others: customer orientation of frontline robots and employees,2023,10.1108/josm-06-2022-0192,Journal of service management,article,"Calleja, David Leiño; Schepers, Jeroen; Nijssen, Edwin J.",forward,openalex,doi:10.1007/s11747-020-00749-9,0
doi:10.1108/josm-10-2021-0405,1166,0.000000,Piloting personalization research through data-rich environments: a literature review and future research agenda,2022,10.1108/josm-10-2021-0405,Journal of service management,article,"Mehmood, Khalid; Verleye, Katrien; Keyser, Arne De; Larivière, Bart",forward,openalex,doi:10.1007/s11747-020-00749-9|doi:10.1177/0008125619859317,0
doi:10.1108/josm-10-2023-0443,1167,0.000000,Leveraging artificial intelligence in firm-generated online customer communities: a framework and future research agenda,2024,10.1108/josm-10-2023-0443,Journal of service management,article,"Marti, Candice L.; Liu, Huimin; Kour, Gurpreet; Bilgihan, Anil; Xu, Yu",forward,openalex,doi:10.1177/0008125619859317,0
doi:10.1108/josm-11-2019-0341,1168,0.000000,AI feel you: customer experience assessment via chatbot interviews,2020,10.1108/josm-11-2019-0341,Journal of service management,article,"Sidaoui, Karim; Jaakkola, Matti; Burton, Jamie",backward,crossref|openalex,doi:10.1108/ijrdm-08-2020-0312,0
doi:10.1108/josm-12-2023-0523,1169,0.000000,AI concierge in the customer journey: what is it and how can it add value to the customer?,2024,10.1108/josm-12-2023-0523,Journal of service management,article,"Liu, Stephanie Q.; Vakeel, Khadija Ali; Smith, Nicholas; Alavipour, Roya Sadat; Wei, Chunhao; Wirtz, Jochen",backward,crossref|openalex,doi:10.1080/23311975.2024.2427428,0
doi:10.1108/jpbm-09-2025-6302,1170,0.000000,How consumers respond when brands disclose using AI in creating social media content: examining brand personification and communication strategies,2026,10.1108/jpbm-09-2025-6302,Journal of Product & Brand Management,article,"Wu, Linwan",forward,openalex,doi:10.1016/j.ausmj.2020.04.002,0
doi:10.1108/jrim-01-2022-0023,1171,0.000000,Artificial intelligence-enabled personalization in interactive marketing: a customer journey perspective,2022,10.1108/jrim-01-2022-0023,Journal of Research in Interactive Marketing,article,"Gao, Youjiang; Liu, Hongfei",backward|forward,crossref|openalex,doi:10.1007/s11747-019-00696-0|doi:10.1007/s11747-020-00749-9|doi:10.1016/j.bushor.2019.12.002|doi:10.1155/hbe2/6675139|doi:10.1177/0008125619859317,0
doi:10.1108/jrim-01-2023-0030,1172,0.000000,Artificial intelligence in interactive marketing: a conceptual framework and research agenda,2023,10.1108/jrim-01-2023-0030,Journal of Research in Interactive Marketing,article,"Peltier, James W.; Dahl, Andrew J.; Schibrowsky, John A.",forward,openalex,doi:10.1007/s11747-019-00696-0|doi:10.1007/s11747-020-00749-9,0
doi:10.1108/jrim-02-2024-0098,1173,0.000000,Adaptive learning engine for driving marketing channel performance: a machine learning approach,2025,10.1108/jrim-02-2024-0098,Journal of Research in Interactive Marketing,article,"Dairo, Adeolu; Szűcs, Krisztián",forward,openalex,doi:10.1007/s11747-019-00696-0|doi:10.1007/s11747-020-00749-9,0
doi:10.1108/jrim-02-2025-0066,1174,0.000000,Examining the effect of AI advertising involvement disclosure on advertising value and purchase intentions,2025,10.1108/jrim-02-2025-0066,Journal of Research in Interactive Marketing,article,"Bui, Hien Thu",forward,openalex,doi:10.1177/18393349211037684,0
doi:10.1108/jrim-02-2025-0076,1175,0.000000,Harnessing artificial intelligence (AI) for interactive branding,2026,10.1108/jrim-02-2025-0076,Journal of Research in Interactive Marketing,article,"Deryl, Maria DSouza; Verma, Sanjeev; Srivastava, Vartika; Paul, J.C.",forward,openalex,doi:10.1007/s11747-019-00696-0,0
doi:10.1108/jrim-02-2025-0106,1176,0.000000,Recommendation agents (RAs) in interactive online retailing: an investigation on consumers’ shunning recommended products,2025,10.1108/jrim-02-2025-0106,Journal of Research in Interactive Marketing,article,"Song, Xi; Liu, Matthew Tingchi; Lee, Voon‐Hsien; Mo, Ziying",forward,openalex,doi:10.1007/s11747-019-00696-0,0
doi:10.1108/jrim-02-2026-0130,1177,0.000000,"Retrieval-augmented generation in marketing: an integrative literature review of architectures, applications and strategic implications",2026,10.1108/jrim-02-2026-0130,Journal of Research in Interactive Marketing,article,"Nzita, Mayemba K.; Wait, Marius",forward,openalex,doi:10.1007/s11747-019-00696-0|doi:10.1007/s11747-020-00749-9,0
doi:10.1108/jrim-03-2022-0082,1178,0.000000,AI-powered touch points in the customer journey: a systematic literature review and research agenda,2022,10.1108/jrim-03-2022-0082,Journal of Research in Interactive Marketing,review,"Ai-zhong, HE; Zhang, Yu",forward,openalex,doi:10.1007/s11747-019-00696-0|doi:10.1007/s11747-020-00749-9,0
doi:10.1108/jrim-03-2022-0089,1179,0.000000,Birds of a feather flock together: matched personality effects of product recommendation chatbots and users,2022,10.1108/jrim-03-2022-0089,Journal of Research in Interactive Marketing,article,"Jin, Eunjoo; Eastin, Matthew S.",forward,openalex,doi:10.1080/00913367.2020.1795954,0
doi:10.1108/jrim-04-2021-0106,1180,0.000000,How consumer opinions are affected by marketers: an empirical examination by deep learning approach,2021,10.1108/jrim-04-2021-0106,Journal of Research in Interactive Marketing,article,"Yu, Billy T.W.",forward,openalex,doi:10.1007/s11747-019-00696-0,0
doi:10.1108/jrim-05-2023-0149,1181,0.000000,Multirooming: generating e-satisfaction throughout omnichannel consumer journey design and online customer experience,2023,10.1108/jrim-05-2023-0149,Journal of Research in Interactive Marketing,article,"Tena, Miguel Ángel Moliner; Tortosa-Edo, Vicent",forward,openalex,doi:10.1108/ijrdm-08-2020-0312,0
doi:10.1108/jrim-06-2022-0164,1182,0.000000,Effects of the anthropomorphic image of intelligent customer service avatars on consumers' willingness to interact after service failures,2023,10.1108/jrim-06-2022-0164,Journal of Research in Interactive Marketing,article,"Yao, Qi; Kuai, Ling; Jiang, Lan",backward,crossref|openalex,doi:10.1080/23311975.2024.2427428,0
doi:10.1108/jrim-06-2023-0176,1183,0.000000,Corporate digital responsibility (CDR) in the age of AI: implications for interactive marketing,2023,10.1108/jrim-06-2023-0176,Journal of Research in Interactive Marketing,article,"Kunz, Werner H.; Wirtz, Jochen",forward,openalex,doi:10.1007/s11747-019-00696-0,0
doi:10.1108/jrim-06-2025-0306,1184,0.000000,"Automated interactions, authentic bonds? AI disclosure, consumer perceptions and loyalty dynamics on social media platforms",2025,10.1108/jrim-06-2025-0306,Journal of Research in Interactive Marketing,article,"Zhao, Liang; Chen, Zhi; Wang, Yong",forward,openalex,doi:10.1007/s11747-019-00696-0|doi:10.1007/s11747-020-00749-9,0
doi:10.1108/jrim-06-2025-0341,1185,0.000000,Interactive personalization and consumer adoption of generative AI word-of-mouth: an emotional arousal perspective,2026,10.1108/jrim-06-2025-0341,Journal of Research in Interactive Marketing,article,"Ma, Jiaxin; Huang, haifan; Zhang, Depeng; Li, Zhongxiang",forward,openalex,doi:10.1007/s11747-019-00696-0,0
doi:10.1108/jrim-08-2024-0371,1186,0.000000,Deep learning application for marketing engagement – its thematic evolution,2024,10.1108/jrim-08-2024-0371,Journal of Research in Interactive Marketing,article,"Yu, Billy T.W.; Liu, S.",forward,openalex,doi:10.1007/s11747-020-00749-9,0
doi:10.1108/jrim-10-2021-0265,1187,0.000000,Digital consumer engagement: examining the impact of native advertising exposure in a social network,2022,10.1108/jrim-10-2021-0265,Journal of Research in Interactive Marketing,article,"Sussman, Kristen L.; Bright, Laura F.; Wilcox, Gary B.",backward,openalex,doi:10.58830/ozgur.pub610.c2592|doi:10.58830/ozgur.pub610.c2595,0
doi:10.1108/jrim-12-2018-0157,1188,0.000000,The marketing organization’s journey to become data-driven,2019,10.1108/jrim-12-2018-0157,Journal of Research in Interactive Marketing,article,"Johnson, D. S.; Muzellec, Laurent; Sihi, Debika; Zahay, Debra",backward,crossref|openalex,doi:10.4018/979-8-3693-3455-3.ch001,0
doi:10.1108/jrme-02-2025-0029,1189,0.000000,Digital marketing capabilities and SME performance: the influence of market orientation and the complementarity effect on customer relationship management capabilities,2025,10.1108/jrme-02-2025-0029,Journal of Research in Marketing and Entrepreneurship,article,"Hazzam, Joe; Dobson, Paul; Singh, Bharati; Ibrahim, Blend; Aljarah, Ahmad",forward,openalex,doi:10.1016/j.indmarman.2020.07.022,0
doi:10.1108/jsit-06-2025-0261,1190,0.000000,Investigating AI-based service quality in online shopping: a dual lens of perceived value and need for cognition,2026,10.1108/jsit-06-2025-0261,Journal of Systems and Information Technology,article,"Sharma, Namita; Tandon, Urvashi",forward,openalex,doi:10.1007/s11747-020-00749-9,0
doi:10.1108/jsit-09-2021-0206,1191,0.000000,Inducing AI-powered chatbot use for customer purchase: the role of information value and innovative technology,2023,10.1108/jsit-09-2021-0206,Journal of Systems and Information Technology,article,"Lê, Xuân Cù",forward,openalex,doi:10.1108/ijrdm-08-2020-0312,0
doi:10.1108/jsm-01-2019-0043,1192,0.000000,AI voice bots: a services marketing research agenda,2020,10.1108/jsm-01-2019-0043,Journal of Services Marketing,article,"Klaus, Philipp; Zaichkowsky, Judy",forward,openalex,doi:10.1007/s11747-019-00696-0|doi:10.1177/0008125619859317,0
doi:10.1108/jsm-01-2019-0047,1193,0.000000,Artificial intelligence: disrupting what we know about services,2020,10.1108/jsm-01-2019-0047,Journal of Services Marketing,article,"Bock, Dora E.; Wolter, Jeremy S.; Ferrell, O. C.",forward,openalex,doi:10.1007/s11747-019-00696-0,0
doi:10.1108/jsm-04-2022-0126,1194,0.000000,Business types matter: new insights into the effects of anthropomorphic cues in AI chatbots,2023,10.1108/jsm-04-2022-0126,Journal of Services Marketing,article,"Youn, Kibum; Cho, Moonhee",forward,openalex,doi:10.1007/s11747-019-00696-0|doi:10.1007/s11747-020-00749-9,0
doi:10.1108/jsm-06-2023-0210,1195,0.000000,Permissibility vs. Feasibility: AI in service from a CX perspective,2023,10.1108/jsm-06-2023-0210,Journal of Services Marketing,article,"Giebelhausen, Michael; Poehlman, T. Andrew",forward,openalex,doi:10.1007/s11747-020-00749-9,0
doi:10.1108/jsm-08-2023-0286,1196,0.000000,The transformative potential of AI-enabled personalization across cultures,2024,10.1108/jsm-08-2023-0286,Journal of Services Marketing,article,"Mehmood, Khalid; Verleye, Katrien; Keyser, Arne De; Larivière, Bart",forward,openalex,doi:10.1007/s11747-019-00696-0,0
doi:10.1108/jsm-09-2025-0687,1197,0.000000,Augmented reality as a supplementary service in the phygital marketplace: Evidence of hedonic primacy and social influence variability,2026,10.1108/jsm-09-2025-0687,Journal of Services Marketing,article,"Soon, Pei-Shan; Lim, Weng Marc",forward,openalex,doi:10.1016/j.techfore.2023.122342,0
doi:10.1108/jsm-09-2025-0709,1198,0.000000,Is phygital the new normal? A literature review of the evolution of services marketing,2026,10.1108/jsm-09-2025-0709,Journal of Services Marketing,article,"Brochado, Ana; Vos, Svetlana De; Qesja, Bora; Soleimani, Samaneh; Ahmadi, Sarah Renee Brodhead; Haykal, Kay-Anne; Lipnickas, Gediminas; Harris, Joanne; Hill, Sally Rao",forward,openalex,doi:10.1016/j.techfore.2023.122342,0
doi:10.1108/jsm-10-2024-0525,1199,0.000000,"Chatbots, service failure recovery, and online customer experience through lenses of frustration – aggression theory and signaling theory",2025,10.1108/jsm-10-2024-0525,Journal of Services Marketing,article,"Ozuem, Wilson; Ranfagni, Silvia; Willis, Michelle; Salvietti, Giada; Howell, Kerry E.",forward,openalex,doi:10.1007/s11747-019-00696-0|doi:10.1108/ijrdm-08-2020-0312,0
doi:10.1108/jsm-10-2024-0539,1200,0.000000,"AI, human or a blend? How the educational content creator influences consumer engagement and brand-related outcomes",2025,10.1108/jsm-10-2024-0539,Journal of Services Marketing,article,"Cicco, Roberta De; Francioni, Barbara; Curina, Ilaria; Cioppi, Marco",forward,openalex,doi:10.1080/00913367.2019.1654421,0
doi:10.1108/jsm-12-2024-0634,1201,0.000000,Anthropomorphism in service chatbots and their effects on purchase Intentions: an experimental design,2025,10.1108/jsm-12-2024-0634,Journal of Services Marketing,article,"El-Naggar, Donia; Hammad, Hadeer; El‐Bassiouny, Noha",forward,openalex,doi:10.1007/s11747-020-00749-9,0
doi:10.1108/jsm-12-2025-0884,1202,0.000000,An extended privacy calculus model for AI-driven digital marketing: understanding consumers’ data-sharing decisions,2026,10.1108/jsm-12-2025-0884,Journal of Services Marketing,article,"Ezzaouia, Imane",forward,openalex,doi:10.1007/s11747-019-00696-0,0
doi:10.1108/jstp-01-2023-0015,1203,0.000000,Serving customers through chatbots: positive and negative effects on customer experience,2024,10.1108/jstp-01-2023-0015,Journal of Service Theory and Practice,article,"Ranieri, Angelo; Bernardo, Irene Di; Mele, Cristina",forward,openalex,doi:10.1108/ijrdm-08-2020-0312,0
doi:10.1108/jstp-03-2023-0097,1204,0.000000,"Artificial intelligence and value co-creation: a review, conceptual framework and directions for future research",2023,10.1108/jstp-03-2023-0097,Journal of Service Theory and Practice,article,"Chandra, B. Ravi; Rahman, Zillur",forward,openalex,doi:10.1007/s11747-019-00696-0|doi:10.1007/s11747-020-00749-9,0
doi:10.1108/jstp-03-2023-0108,1205,0.000000,AI credibility and consumer-AI experiences: a conceptual framework,2023,10.1108/jstp-03-2023-0108,Journal of Service Theory and Practice,article,"Khan, Abdul Wahid; Mishra, Abhishek",forward,openalex,doi:10.1007/s11747-019-00696-0|doi:10.1108/ijrdm-08-2020-0312,0
doi:10.1108/jstp-08-2024-0258,1206,0.000000,"Impact of human and AI-agent services on customer learning, immersion and loyalty: the role of interactivity",2025,10.1108/jstp-08-2024-0258,Journal of Service Theory and Practice,article,"Chatterjee, Ravi; George, Sneha Rose; Verma, Jennifer; Heggde, Githa S.; Gadhavi, Dharmesh D.",forward,openalex,doi:10.1007/s11747-020-00749-9,0
doi:10.1108/jstpm-04-2024-0137,1207,0.000000,The determinant factors of continuance use of customer service chatbot in Indonesia e-commerce: extended expectation confirmation theory,2024,10.1108/jstpm-04-2024-0137,Journal of Science and Technology Policy Management,article,"Sundjaja, Arta Moro; Utomo, Prio; Colline, Fredella",forward,openalex,doi:10.1108/ijrdm-08-2020-0312,0
doi:10.1108/jstpm-11-2023-0201,1208,0.000000,Study of adoption of artificial intelligence technology-driven natural large language model-based chatbots by firms for customer service interaction,2024,10.1108/jstpm-11-2023-0201,Journal of Science and Technology Policy Management,article,"Bhattacharyya, Som Sekhar",forward,openalex,doi:10.1108/ijrdm-08-2020-0312,0
doi:10.1108/k-01-2024-0145,1209,0.000000,The effect of bank artificial intelligence on consumer purchase intentions,2024,10.1108/k-01-2024-0145,Kybernetes,article,"Armutçu, Barış; Tan, Ahmet; Ho, Shirie Pui Shan; Chow, Matthew Yau Choi; Gleason, Kimberly C.",forward,openalex,doi:10.1177/0008125619859317,0
doi:10.1108/k-02-2023-0245,1210,0.000000,Artificial intelligence in customer retention: a bibliometric analysis and future research framework,2023,10.1108/k-02-2023-0245,Kybernetes,article,"Singh, Chetanya; Dash, Manoj Kumar; Sahu, Rajendra; Kumar, Anil",forward,openalex,doi:10.1007/s11747-019-00696-0|doi:10.1177/0008125619859317,0
doi:10.1108/k-09-2022-1239,1211,0.000000,Artificial intelligence service agents: a silver lining in rural India,2023,10.1108/k-09-2022-1239,Kybernetes,article,"Ravi, Hariharan; Vedapradha, R.",forward,openalex,doi:10.1007/s11747-019-00696-0,0
doi:10.1108/k-11-2021-1119,1212,0.000000,Chatbots in the frontline: drivers of acceptance,2022,10.1108/k-11-2021-1119,Kybernetes,article,"Aslam, Wajeeha; Siddiqui, Danish Ahmed; Arif, Imtiaz; Farhat, Kashif",forward,openalex,doi:10.1007/s11747-019-00696-0,0
doi:10.1108/lodj-10-2025-0965,1213,0.000000,Risk tolerance and strategic vision driving AI adoption for service personalization: an upper echelon perspective,2026,10.1108/lodj-10-2025-0965,Leadership & Organization Development Journal,article,"Zhang, Jianliang; Ullah, Sami; Sami, Abdul; Kukreti, Mohit; Su, Yuhao; Dangwal, Aarti",forward,openalex,doi:10.1007/s11747-019-00696-0,0
doi:10.1108/mbe-07-2021-0094,1214,0.000000,Identifying research trends of machine learning in business: a topic modeling approach,2022,10.1108/mbe-07-2021-0094,Measuring Business Excellence,article,"Pramanik, Paritosh; Jana, Rabin K.",forward,openalex,doi:10.1016/j.compeleceng.2020.106723|doi:10.1016/j.indmarman.2020.07.022,0
doi:10.1108/md-03-2024-0582,1215,0.000000,Does artificial intelligence always contribute to marketing performance?,2025,10.1108/md-03-2024-0582,Management Decision,article,"Zhang, Linghua; Zhang, Jing; Ye, Manxi",forward,openalex,doi:10.1007/s11747-020-00749-9,0
doi:10.1108/md-05-2022-0673,1216,0.000000,Do they see eye to eye? Managing customer experience in phygital high-tech retail,2023,10.1108/md-05-2022-0673,Management Decision,article,"PUSCEDDU, GIANLUCA; Moi, Ludovica; Cabiddu, Francesca",backward,crossref|openalex,doi:10.1155/hbe2/6675139,0
doi:10.1108/md-07-2022-0909,1217,0.000000,Marketing automation and the scope of marketers' heuristics,2023,10.1108/md-07-2022-0909,Management Decision,article,"Guercini, Simone",forward,openalex,doi:10.1007/s11747-020-00749-9|doi:10.1007/s12599-015-0370-8,0
doi:10.1108/md-07-2024-1635,1218,0.000000,How locus of causality shapes human-AI decision-making,2025,10.1108/md-07-2024-1635,Management Decision,article,"Gaczek, Piotr; Leszczyński, Grzegorz; Kot, Mateusz; Pozharliev, Rumen",forward,openalex,doi:10.1007/s11747-019-00696-0,0
doi:10.1108/md-10-2023-1964,1219,0.000000,"AI-powered growth hacking: benefits, challenges and pathways",2024,10.1108/md-10-2023-1964,Management Decision,article,"Santoro, Gabriele; Jabeen, Fauzia; Klieštik, Tomáš; Bresciani, Stefano",forward,openalex,doi:10.1007/s11747-020-00749-9,0
doi:10.1108/mip-01-2025-0048,1220,0.000000,Unveiling the factors influencing AIGC intention among marketers and its impact on marketing creativity,2026,10.1108/mip-01-2025-0048,Marketing Intelligence & Planning,article,"Meng, Tao; Li, Xiaofei; Cao, Jiang; Zou, Xinlu",forward,openalex,doi:10.1007/s11747-019-00696-0|doi:10.1108/ijrdm-08-2020-0312|doi:10.1177/0008125619859317,0
doi:10.1108/mip-01-2025-0049,1221,0.000000,The AI revolution: decoding and mapping the future of marketing,2026,10.1108/mip-01-2025-0049,Marketing Intelligence & Planning,article,"Kukreti, Rajat; Yadav, Mayank",forward,openalex,doi:10.1007/s11747-020-00749-9,0
doi:10.1108/mip-02-2025-0100,1222,0.000000,Scale development and validation on perceived artificial intelligence usefulness (PAIU) in the context of online shopping,2026,10.1108/mip-02-2025-0100,Marketing Intelligence & Planning,article,"Gupta, Shreya; Singh, Tejinderpal",forward,openalex,doi:10.3389/fpsyg.2022.856663,0
doi:10.1108/mip-04-2023-0145,1223,0.000000,Transforming customer engagement with artificial intelligence E-marketing: an E-retailer perspective in the era of retail 4.0,2024,10.1108/mip-04-2023-0145,Marketing Intelligence & Planning,article,"Behera, Rajat Kumar; Bala, Pradip Kumar; Rana, Nripendra P.; Algharabat, Raed; Kumar, K. S. Kavi",forward,openalex,doi:10.1016/j.indmarman.2019.12.008,0
doi:10.1108/mip-04-2023-0180,1224,0.000000,Augmented reality in marketing: a close look at the current landscape and future possibilities,2024,10.1108/mip-04-2023-0180,Marketing Intelligence & Planning,article,"Javeed, Syed; Rasool, Gowhar; Pathania, Anjali",backward,crossref|openalex,doi:10.4018/979-8-3693-3455-3.ch012,0
doi:10.1108/mip-04-2025-0298,1225,0.000000,The prospect of AI-enhanced agile marketing: boosting marketing ROI through customer engagement and sales performance,2026,10.1108/mip-04-2025-0298,Marketing Intelligence & Planning,article,"Pu, Luoxi; Radics, Robert; Umar, Muhammad; Jeremiah, Faith; Quan, Zhi",forward,openalex,doi:10.1007/s11747-020-00749-9|doi:10.1016/j.indmarman.2020.07.022,0
doi:10.1108/mip-05-2025-0387,1226,0.000000,Beyond first impressions: how chatbot familiarity reshapes Gen Z's evolving customer experience?,2025,10.1108/mip-05-2025-0387,Marketing Intelligence & Planning,article,"Baati, Ons; Sfar, Nadia; Sboui, Mariem",forward,openalex,doi:10.1108/ijrdm-08-2020-0312,0
doi:10.1108/mip-06-2023-0268,1227,0.000000,Does humanizing help? Exploring the role of anthropomorphism and privacy concerns in shoppers adoption of voice-commerce,2025,10.1108/mip-06-2023-0268,Marketing Intelligence & Planning,article,"Sharma, Hitesh; Sharma, Dheeraj",forward,openalex,doi:10.1007/s11747-020-00749-9,0
doi:10.1108/mip-07-2024-0525,1228,0.000000,Insights from customers’ chats with bots and human agents,2025,10.1108/mip-07-2024-0525,Marketing Intelligence & Planning,article,"Astvansh, Vivek",forward,openalex,doi:10.1007/s11747-019-00696-0,0
doi:10.1108/mip-09-2023-0490,1229,0.000000,Use of gamification and hyper-personalization in the coupon industry: does it impact the consumer’s intention to redeem?,2024,10.1108/mip-09-2023-0490,Marketing Intelligence & Planning,article,"Nayal, Preeti; Sharma, Arun; Pandey, Neeraj; Shankar, Amit",forward,openalex,doi:10.1177/0008125619859317,0
doi:10.1108/mip-09-2023-0494,1230,0.000000,The dark side of artificial intelligence in marketing: meta-analytics review,2024,10.1108/mip-09-2023-0494,Marketing Intelligence & Planning,article,"Barari, Mojtaba; Ferm, Lars‐Erik Casper; Quach, Sara; Thaichon, Park; Ngo, Liem Viet",forward,openalex,doi:10.1007/s11747-019-00696-0|doi:10.1016/j.ausmj.2020.04.002,0
doi:10.1108/mip-09-2024-0623,1231,0.000000,The AI chatbot anthropomorphism dilemma,2025,10.1108/mip-09-2024-0623,Marketing Intelligence & Planning,article,"Nikolov, Atanas Nik; Iyer, Pramod; Rokonuzzaman, Md; Batra, Gunjan; Eskridge, Bradley; Sen, S",forward,openalex,doi:10.1007/s11747-020-00749-9,0
doi:10.1108/mip-10-2023-0526,1232,0.000000,ChatGPT’s applications in marketing: a topic modeling approach,2024,10.1108/mip-10-2023-0526,Marketing Intelligence & Planning,article,"Tafesse, Wondwesen; Wien, Anders Hauge",forward,openalex,doi:10.1007/s11747-020-00749-9,0
doi:10.1108/mip-11-2021-0399,1233,0.000000,Digital marketing capability: the mystery of business capabilities,2022,10.1108/mip-11-2021-0399,Marketing Intelligence & Planning,article,"Apasrawirote, Darlin; Yawised, Kritcha; Muneesawang, Paisarn",forward,openalex,doi:10.1016/j.indmarman.2020.07.022|doi:10.1016/j.jik.2020.08.001,0
doi:10.1108/msar-09-2025-0354,1234,0.000000,The mediation role played by AI adoption in the relationship between information processing requirements and marketing performance,2026,10.1108/msar-09-2025-0354,Management & Sustainability An Arab Review,article,"Shaban, Youssef; Soliman, Hisham; Garcia, Victor Temprano",forward,openalex,doi:10.1007/s11747-019-00696-0|doi:10.1016/j.bushor.2019.12.002|doi:10.1177/0008125619859317,0
doi:10.1108/nbri-03-2025-0037,1235,0.000000,"Understanding digital assistant attributes, customer perceived values and purchase intention in AI-driven retail interaction: a qualitative enquiry",2026,10.1108/nbri-03-2025-0037,Nankai Business Review International,article,"Rahman, Md. Shahinur; Zhang, Jing; Hossain, Gazi Md. Shakhawat",forward,openalex,doi:10.1108/ijrdm-08-2020-0312,0
doi:10.1108/nbri-06-2021-0041,1236,0.000000,Enhancing customer satisfaction with chatbots: the influence of anthropomorphic communication styles and anthropomorphised roles,2022,10.1108/nbri-06-2021-0041,Nankai Business Review International,article,"Xu, Ying; Zhang, Jianyu; Chi, Rui; Deng, Guangkuan",forward,openalex,doi:10.1007/s11747-019-00696-0|doi:10.1007/s11747-020-00749-9,0
doi:10.1108/qmr-01-2017-0014,1237,0.000000,Digital technology and marketing management capability: achieving growth in SMEs,2017,10.1108/qmr-01-2017-0014,Qualitative Market Research An International Journal,article,"Foroudi, Pantea; Gupta, Suraksha; Nazarian, Alireza; Duda, Marta",backward,crossref|openalex,doi:10.1080/10696679.2023.2166535,0
doi:10.1108/qmr-03-2021-0040,1238,0.000000,Consumers’ perception on artificial intelligence applications in marketing communication,2021,10.1108/qmr-03-2021-0040,Qualitative Market Research An International Journal,article,"Chen, Huan; Chan-Olmsted, Slyvia; Kim, Julia; Sanabria, Irene Mayor",backward|forward,crossref|openalex,doi:10.1007/s11747-019-00696-0|doi:10.1080/00913367.2019.1654421|doi:10.1177/0008125619859317|doi:10.3390/jtaer21060179,0
doi:10.1108/qmr-06-2023-0086,1239,0.000000,Developing artificial intelligence enabled Marketing 4.0 framework: an Industry 4.0 perspective,2024,10.1108/qmr-06-2023-0086,Qualitative Market Research An International Journal,article,"Mukhopadhyay, Shameek; Singh, Rohit Kumar; Jain, Tinu",forward,openalex,doi:10.1007/s11747-019-00696-0|doi:10.1007/s11747-020-00749-9|doi:10.1177/0008125619859317,0
doi:10.1108/qmr-08-2023-0102,1240,0.000000,Phygital customer journey: a practice-based approach,2024,10.1108/qmr-08-2023-0102,Qualitative Market Research An International Journal,article,"Mele, Cristina; Bernardo, Irene Di; Ranieri, Angelo; Spena, Tiziana Russo",backward,crossref|openalex,doi:10.1155/hbe2/6675139,0
doi:10.1108/s1479-351220240000036010,1241,0.000000,Use of Chatbots and its Role in Enhancing Customer Experience: A Study of the Banking Industry,2024,10.1108/s1479-351220240000036010,,book-chapter,"Salem, Mohammed",forward,openalex,doi:10.1108/ijrdm-08-2020-0312,0
doi:10.1108/s1548-643520230000020015,1242,0.000000,Anthropomorphism in Artificial Intelligence: A Review of Empirical Work Across Domains and Insights for Future Research,2023,10.1108/s1548-643520230000020015,,book-chapter,"Uysal, Ertuğrul; Alavi, Sascha; Bezençon, Valéry",forward,openalex,doi:10.1007/s11747-019-00696-0|doi:10.1007/s11747-020-00749-9,0
doi:10.1108/s2043-052320240000023002,1243,0.000000,B2B Marketing Rational Decision Using Big Data and AI Technology,2024,10.1108/s2043-052320240000023002,,book-chapter,"A-Zayani, Aysha; Mubarak, Muneer Al",forward,openalex,doi:10.1007/s11747-019-00696-0,0
doi:10.1108/sbm-03-2026-0081,1244,0.000000,Smart shelves and digital storefronts: an agent-based simulation of AI-enabled dynamic pricing in licenced sport merchandise retail,2026,10.1108/sbm-03-2026-0081,Sport Business and Management An International Journal,article,"Han, Li; Zhang, Xufeng; Bao, Shenghui",forward,openalex,doi:10.1007/s11747-020-00749-9,0
doi:10.1108/seamj-02-2024-0020,1245,0.000000,AI-powered marketing strategies: elevating e-commerce brand recognition in Malaysia,2025,10.1108/seamj-02-2024-0020,Southeast Asia A Multidisciplinary Journal,article,"Azmi, Azlin Mohd; Wahab, Siti Norida; Hamid, Abu Bakar Abdul; Sayuti, Nazura Mohamed; Medjedel, Elkhansa",forward,openalex,doi:10.1007/s11747-019-00696-0|doi:10.1007/s11747-020-00749-9,0
doi:10.1108/sjme-06-2023-0154,1246,0.000000,Artificial intelligence and predictive marketing: an ethical framework from managers’ perspective,2024,10.1108/sjme-06-2023-0154,Spanish Journal of Marketing - ESIC,article,"Naz, Hina; Kashif, Muhammad",forward,openalex,doi:10.1007/s11747-019-00696-0,0
doi:10.1108/sjme-08-2024-0228,1247,0.000000,Navigating the AI revolution in customer service: a bibliometric analysis,2025,10.1108/sjme-08-2024-0228,Spanish Journal of Marketing - ESIC,article,"Khanna, Akanksha; Sarasan, Sachu; Sunil, M P",forward,openalex,doi:10.1007/s11747-019-00696-0|doi:10.1177/0008125619859317,0
doi:10.1108/sjme-10-2022-0213,1248,0.000000,"How AI encourages consumers to share their secrets? The role of anthropomorphism, personalisation, and privacy concerns and avenues for future research",2023,10.1108/sjme-10-2022-0213,Spanish Journal of Marketing - ESIC,article,"Kronemann, Bianca; Kizgin, Hatice; Rana, Nripendra P.; Dwivedi, Yogesh K.",forward,openalex,doi:10.1007/s11747-019-00696-0,0
doi:10.1108/sl-04-2016-0018,1249,0.000000,The new marketing solutions that will drive strategy implementation,2016,10.1108/sl-04-2016-0018,Strategy and Leadership,article,"Grossberg, Kenneth Alan",backward,crossref|openalex,doi:10.1142/s0219622024500081|doi:10.1142/s0219622025500981,0
doi:10.1108/tqm-02-2022-0080,1250,0.000000,The effects of chatbots’ attributes on customer relationships with brands: PLS-SEM and importance–performance map analysis,2022,10.1108/tqm-02-2022-0080,The TQM Journal,article,"Magno, Francesca; Dossena, Giovanna",forward,openalex,doi:10.1016/j.bushor.2019.12.002,0
doi:10.1108/tqm-02-2024-0085,1251,0.000000,Influencing factors and consequences of chatbot initial trust in AI telecommunication services: a study on Generation Z,2024,10.1108/tqm-02-2024-0085,The TQM Journal,article,"Sboui, Mariem; Baati, Ons; Sfar, Nadia",forward,openalex,doi:10.1016/j.bushor.2019.12.002,0
doi:10.1108/tqm-05-2023-0137,1252,0.000000,A multiple-case study on the adoption of customer relationship management and big data analytics in the automotive industry,2023,10.1108/tqm-05-2023-0137,The TQM Journal,article,"Hu, Lala; Basiglio, Angela",backward,openalex,doi:10.58830/ozgur.pub610.c2592|doi:10.58830/ozgur.pub610.c2595,0
doi:10.1108/wjemsd-08-2020-0099,1253,0.000000,Application of AI technology in modern digital marketing environment,2021,10.1108/wjemsd-08-2020-0099,World Journal of Entrepreneurship Management and Sustainable Development,article,"Nair, Kiran; Gupta, Ruchi",backward|forward,crossref|openalex,doi:10.1007/s11747-019-00696-0|doi:10.1109/gcitc60406.2023.10425868,0
doi:10.1108/yc-01-2024-1958,1254,0.000000,Impact of virtual influencers on customer engagement of Generation Z consumers: a presence perspective,2024,10.1108/yc-01-2024-1958,Young Consumers Insight and Ideas for Responsible Marketers,article,"Lin, Qiaoling; Ng, Siew Imm; Basha, Norazlyn Kamal; Luo, Xi; Li, Yingxia",forward,openalex,doi:10.1007/s11747-019-00696-0,0
doi:10.1108/yc-08-2024-2199,1255,0.000000,Using SOR theory to examine the impact of AI Chatbot quality on Gen Z’s satisfaction and advocacy within the fast-food sector,2025,10.1108/yc-08-2024-2199,Young Consumers Insight and Ideas for Responsible Marketers,article,"Elayat, Ahmed Mostafa Abdelwaged; Elalfy, Reem Mohamed",forward,openalex,doi:10.1007/s11747-019-00696-0|doi:10.1016/j.bushor.2019.12.002,0
doi:10.1108/yc-08-2024-2207,1256,0.000000,They misused me! Digital literacy’s dual role in AI marketing manipulation and unethical young consumer behavior,2025,10.1108/yc-08-2024-2207,Young Consumers Insight and Ideas for Responsible Marketers,article,"Qadri, Usman Ahmad; Moustafa, Alsadig Mohamed Ahmed; Ghani, Mazuri Abd",forward,openalex,doi:10.1007/s11747-019-00696-0|doi:10.1177/18393349211037684,0
doi:10.1108/yc-10-2024-2297,1257,0.000000,Artificial intelligence in social media: a catalyst for impulse buying behavior?,2025,10.1108/yc-10-2024-2297,Young Consumers Insight and Ideas for Responsible Marketers,article,"Amin, Afiqah",forward,openalex,doi:10.1007/978-3-030-12453-3_143,0
doi:10.1109/access.2019.2924425,1258,0.000000,Towards the Adoption of Machine Learning-Based Analytical Tools in Digital Marketing,2019,10.1109/access.2019.2924425,IEEE Access,article,"Miklošík, Andrej; Kuchta, Martin; Evans, Nina; Žák, Štefan",backward|forward,crossref|openalex,doi:10.1007/s12599-015-0370-8|doi:10.1016/j.compeleceng.2020.106723|doi:10.1016/j.jik.2020.08.001|doi:10.1108/978-1-83549-568-120251012,0
doi:10.1109/access.2019.2948401,1259,0.000000,Computer Estimation of Customer Similarity With Facebook Lookalikes: Advantages and Disadvantages of Hyper-Targeting,2019,10.1109/access.2019.2948401,IEEE Access,article,"Semerádová, Tereza; Weinlich, Petr",forward,openalex,doi:10.1016/j.eswa.2018.11.002,0
doi:10.1109/access.2020.2970463,1260,0.000000,An Effective Budget Management Framework for Real-Time Bidding in Online Advertising,2020,10.1109/access.2020.2970463,IEEE Access,article,"Liu, Mengjuan; Yue, Wei; Qiu, Lizhou; Jiaxing, Li",backward,crossref|openalex,doi:10.4018/979-8-3693-7041-4.ch006,0
doi:10.1109/access.2020.2998754,1261,0.000000,Impact of Big Data and Machine Learning on Digital Transformation in Marketing: A Literature Review,2020,10.1109/access.2020.2998754,IEEE Access,article,"Miklošík, Andrej; Evans, Nina",backward|forward,crossref|openalex,doi:10.1016/j.bushor.2019.12.002|doi:10.1108/978-1-83549-568-120251012|doi:10.52970/grmilf.v3i1.398,0
doi:10.1109/access.2022.3202896,1262,0.000000,Machine Learning and Marketing: A Systematic Literature Review,2022,10.1109/access.2022.3202896,IEEE Access,review,"Duarte, Vannessa; Zúñiga-Jara, Sergio; Contreras, Sergio",forward,openalex,doi:10.1007/s11747-020-00749-9|doi:10.1016/j.bushor.2019.12.002,0
doi:10.1109/access.2024.3441514,1263,0.000000,A Systematic Review on Responsible Multimodal Sentiment Analysis in Marketing Applications,2024,10.1109/access.2024.3441514,IEEE Access,review,"César, Inês; Pereira, Ivo; Rodrigues, Fátima; Miguéis, Vera; Nicola, Susana; Madureira, Ana; Reis, José Luís; Santos, José Paulo Marques dos; Oliveira, Daniel Alves de",forward,openalex,doi:10.1016/j.techfore.2023.122342,0
doi:10.1109/access.2025.3554549,1264,0.000000,"Exploring the Intersection of Big Data and AI With CRM Through Descriptive, Network, and Contextual Methods",2025,10.1109/access.2025.3554549,IEEE Access,article,"Ozay, Dervis; Jahanbakth, Mohammad; Wang, Shouyi",forward,openalex,doi:10.1016/j.bushor.2019.12.002|doi:10.1016/j.eswa.2018.11.002|doi:10.1108/ijrdm-08-2020-0312|doi:10.1177/0008125619859317,0
doi:10.1109/access.2025.3586713,1265,0.000000,Enhancing Consumer Insights Through Multimodal Artificial Intelligence and Affective Computing,2025,10.1109/access.2025.3586713,IEEE Access,article,"César, Inês; Pereira, Ivo; Rodrigues, Fátima; Miguéis, Vera; Nicola, Susana; Madureira, Ana; Reis, José Luís; Santos, José Paulo Marques dos; Coelho, Duarte; Oliveira, Daniel Alves de",forward,openalex,doi:10.1016/j.techfore.2023.122342,0
doi:10.1109/acdsa59508.2024.10467979,1266,0.000000,"ai’s role in marketing for smes: knowledge, barriers and application potentials",2024,10.1109/acdsa59508.2024.10467979,,conference-paper,"Weber, Michelle L.; Bulut, Eylem; Bies, Laura; Greff, Tobias; Werth, Dirk",forward,openalex,doi:10.1007/s11747-019-00696-0|doi:10.1177/0008125619859317,0
doi:10.1109/acdsa67686.2026.11468041,1267,0.000000,Artificial Intelligence Effect on Customer Experience and Loyalty Among E-Commerce Users,2026,10.1109/acdsa67686.2026.11468041,,conference-paper,"Fauziah, Nada; Susanti, Leni",forward,openalex,doi:10.1108/ijrdm-08-2020-0312,0
doi:10.1109/acoit62457.2024.10939722,1268,0.000000,Artificial intelligence (AI) Powered Strategies for optimizing A/B Testing,2024,10.1109/acoit62457.2024.10939722,,conference-paper,"Soundarapandian, R.",forward,openalex,doi:10.1016/j.bushor.2019.12.002,0
doi:10.1109/aibthings66987.2025.11296154,1269,0.000000,Towards Transparent and Compliant AI Marketing with a Dataset and Benchmark for Detecting AI Washing,2025,10.1109/aibthings66987.2025.11296154,,conference-paper,"Sonani, Raj; Velugubantla, Venkatesh; Amanmadov, Nurmyrat; Nagineni, Anusha Chowdary; Alla, Vamsi",forward,openalex,doi:10.1007/s11747-019-00696-0,0
doi:10.1109/aic57670.2023.10263813,1270,0.000000,Analysis Role of ML and Big Data Play in Driving Digital Marketing's Paradigm Shift,2023,10.1109/aic57670.2023.10263813,,conference-paper,"Ravisankar, A.; Ponniah, Meera; Tripathi, Vikas; Kulshreshtha, Kushagra; Srivastava, Arun Pratap; Singh, Vikram",forward,openalex,doi:10.1504/ijbdm.2020.106876,0
doi:10.1109/aisei68628.2026.11572802,1271,0.000000,Emotional Response Analysis to AI-Generated Advertising Imagery: A Data-Driven Intelligent Systems Approach,2026,10.1109/aisei68628.2026.11572802,,conference-paper,"Barakat, Fadwa Hamdi; Alakash, Hamza; Saeed, Enas Nazmi; Sarhan, Safaa",forward,openalex,doi:10.1007/s11747-019-00696-0,0
doi:10.1109/apwconcse.2017.00011,1272,0.000000,A Consumer Analytics Framework for Enabling Data-Driven Marketing Intervention Methods,2017,10.1109/apwconcse.2017.00011,,conference-paper,"Camilleri, Edwin; Miah, Shah Jahan",backward,crossref|openalex,doi:10.4018/979-8-3693-3455-3.ch012,0
doi:10.1109/atit58178.2022.10024198,1273,0.000000,Making Real Time Bidding Solution for Video ADS,2022,10.1109/atit58178.2022.10024198,,conference-paper,"Ivohin, Eugen; Biriukov, Dmytro; Makhno, Mykhailo",backward,crossref|openalex,doi:10.4018/979-8-3693-7041-4.ch003,0
doi:10.1109/atscm67505.2025.11473600,1274,0.000000,Artificial Intelligence in Content Marketing Strategies for Effective Customer Prospective: Systematic Literature Review,2025,10.1109/atscm67505.2025.11473600,,review,"Moumni, Lamiae; Yahiou, Mohammed; Alla, Lhoussaine",forward,openalex,doi:10.1007/s11747-019-00696-0,0
doi:10.1109/atscm67505.2025.11473625,1275,0.000000,Navigating Negative Customer Experiences in the Digital Era: The Role of AI in Shaping Brand-Consumer Relationships,2025,10.1109/atscm67505.2025.11473625,,conference-paper,"Houari, Rita; Berrada, Abla",forward,openalex,doi:10.1007/s11747-020-00749-9,0
doi:10.1109/atscm67505.2025.11473646,1276,0.000000,Benchmarking the capabilities of LLMs in sales argumentation: Aligning sales arguments with customers purchase motives,2025,10.1109/atscm67505.2025.11473646,,conference-paper,"Elhissoufi, Mustapha; Nfaoui, Elhabib; Alla, Lhoussaine; Ed-Daakouri, Ikram",forward,openalex,doi:10.1007/s11747-020-00749-9,0
doi:10.1109/atscm67505.2025.11473836,1277,0.000000,Generative AI in Smart Customer Experience Management: A Bibliometric Insight,2025,10.1109/atscm67505.2025.11473836,,conference-paper,"Ed-Daakouri, Ikram; Alla, Lhoussaine; Nfaoui, Elhabib; Elhissoufi, Mustapha",forward,openalex,doi:10.1007/s11747-020-00749-9,0
doi:10.1109/caida51941.2021.9425079,1278,0.000000,AI Support Marketing: Understanding the Customer Journey towards the Business Development,2021,10.1109/caida51941.2021.9425079,,conference-paper,"Tanveer, Muhammad; Khan, Najib; Ahmad, Abdul-Rahim",forward,openalex,doi:10.1007/s11747-019-00696-0|doi:10.1007/s11747-020-00749-9|doi:10.1177/0008125619859317,0
doi:10.1109/ccge67142.2026.11581647,1279,0.000000,"Customer Behavior Analysis Using Artificial Intelligence, Machine Learning, and Data Analytics",2026,10.1109/ccge67142.2026.11581647,,conference-paper,"Prasad, Jayshree Rajesh; Nasit, Zankhan; Walunj, Jitendra; Jadhav, Dnyan; Bhole, Charul; Bhosle, Amol A.",forward,openalex,doi:10.2478/picbe-2018-0072,0
doi:10.1109/cicn.2017.8319380,1280,0.000000,Augmenting e-commerce product recommendations by analyzing customer personality,2017,10.1109/cicn.2017.8319380,,conference-paper,"Marwade, Anwesh; Kumar, Nakul; Mundada, Shubham; Aghav, Jagannath",backward,crossref|openalex,doi:10.1007/978-3-030-72080-3_20,0
doi:10.1109/cict64037.2024.10899515,1281,0.000000,Integration of Artificial Intelligence in Digital Marketing in the New Era,2024,10.1109/cict64037.2024.10899515,,conference-paper,"Kanojia, Pooja; Malhotra, Rupa Khanna; Tiwari, Ayushi",forward,openalex,doi:10.1177/0008125619859317,0
doi:10.1109/cifer.2019.8759106,1282,0.000000,A Decision Support Method to Increase the Revenue of Ad Publishers in Waterfall Strategy,2019,10.1109/cifer.2019.8759106,,conference-paper,"Afshar, Reza Refaei; Zhang, Yingqian; Fırat, Murat; Kaymak, Uzay",forward,openalex,doi:10.1007/978-3-319-25023-6_1|doi:10.5220/0007395502560265,0
doi:10.1109/cises58720.2023.10183618,1283,0.000000,Effectiveness of Digital Marketing to Protect Customer's Through Artificial Intelligence,2023,10.1109/cises58720.2023.10183618,,conference-paper,"Singh, Ajay Kumar; Sharma, Vivek Kumar; Pandey, Shweta; Gehlot, Anita; Gusain, Akshita; Das, Purushottam",forward,openalex,doi:10.1007/978-3-030-12453-3_151|doi:10.1007/978-3-030-72080-3_20,0
doi:10.1109/colcom62950.2024.10720305,1284,0.000000,Revolutionizing In-House Digital Marketing with End-to-End Marketing Automation Powered by AI and SaaS,2024,10.1109/colcom62950.2024.10720305,,conference-paper,"Gujar, Praveen; Paliwal, Gunjan; Panyam, Sriram",forward,openalex,doi:10.1177/0008125619859317,0
doi:10.1109/comsds65569.2025.10971302,1285,0.000000,AI-Driven Personalization in Organizational Communication,2025,10.1109/comsds65569.2025.10971302,,conference-paper,"Shakhov, Denis; Баташев, Руслан Вахаевич; Abdullayev, Ilyоs",forward,openalex,doi:10.1177/0008125619859317,0
doi:10.1109/confluence51648.2021.9377156,1286,0.000000,"Big Data-Driven Marketing enabled Business Performance : A Conceptual Framework of Information, Strategy and Customer Lifetime Value",2021,10.1109/confluence51648.2021.9377156,,conference-paper,"Tripathi, Anuj; Bagga, Teena; Sharma, Shubham; Vishnoi, Sushant Kumar",forward,openalex,doi:10.1504/ijbdm.2019.10023294|doi:10.1504/ijbdm.2020.106876,0
doi:10.1109/csnt69054.2026.11502159,1287,0.000000,Utilizing Artificial Intelligence in Consumer Purchase Decision-Making,2026,10.1109/csnt69054.2026.11502159,,conference-paper,"Budianto, Philip Antonius; Jhon, Brandon; Mailangkay, Adele B L",forward,openalex,doi:10.1007/s11747-020-00749-9,0
doi:10.1109/dasa68193.2025.11499043,1288,0.000000,Impact of Artificial Intelligence Applications on Customers’ Value Co-Creation: Telecommunication Sector,2025,10.1109/dasa68193.2025.11499043,,conference-paper,"Alhanatleh, Hasan; Alzghoul, Amro; Abualganam, Khaled",forward,openalex,doi:10.1007/s11747-020-00749-9,0
doi:10.1109/defi67526.2025.11551641,1289,0.000000,The Application of Artificial Intelligence in Marketing: Potentials and Challenges in The Digital Age,2025,10.1109/defi67526.2025.11551641,,conference-paper,"Le, Phuoc Cuu Long; Ho, Than Ai Van; Nguyen, Thi Minh Chi",forward,openalex,doi:10.1007/s11747-019-00696-0,0
doi:10.1109/dese63988.2024.10912049,1290,0.000000,Generative AI and Deep Learning Based Method Detecting Purchasers from Missing Data Social Media,2024,10.1109/dese63988.2024.10912049,,conference-paper,"Gammoudi, Feriel; Omri, Mohamed Nazih",forward,openalex,doi:10.1016/j.compeleceng.2020.106723,0
doi:10.1109/ecai69016.2026.11613668,1291,0.000000,Understanding AI Adoption in Digital Marketing: An SEM Approach,2026,10.1109/ecai69016.2026.11613668,,conference-paper,"Madhavi, Thaya; Kumar, Pagadala Naveen",forward,openalex,doi:10.1007/s11747-020-00749-9,0
doi:10.1109/ectidamtncon53731.2022.9720418,1292,0.000000,Artificial Intelligence for Digital Business Performance,2022,10.1109/ectidamtncon53731.2022.9720418,"2022 Joint International Conference on Digital Arts, Media and Technology with ECTI Northern Section Conference on Electrical, Electronics, Computer and Telecommunications Engineering (ECTI DAMT &amp; NCON)",conference-paper,"Meepung, Tippawan; Kannikar, Phudit",forward,openalex,doi:10.1108/wjemsd-08-2020-0099,0
doi:10.1109/eiceeai60672.2023.10590420,1293,0.000000,Predicting Customer Behavior Using Neural Network Optimized by Grasshopper Algorithm,2023,10.1109/eiceeai60672.2023.10590420,,conference-paper,"Loaeibi, Zoheir; Alqammaz, Abdullah; Sara, Massar; Boostani, Reza",forward,openalex,doi:10.1016/j.jik.2020.08.001,0
doi:10.1109/emergin63207.2024.10961942,1294,0.000000,The Expanding Scope of Artificial Intelligence (AI) in Sales Processes: A Study on AI Applications and Their Impact on Improved Sustainable Process Enablement,2024,10.1109/emergin63207.2024.10961942,,conference-paper,"Palaniswamy, Nalini; Anandavel, V.",forward,openalex,doi:10.1007/s11747-019-00696-0,0
doi:10.1109/fuzz-ieee.2019.8858975,1295,0.000000,Fuzzy Logic based Pricing combined with Adaptive Search for Reserve Price Optimization in Online Ad Auctions,2019,10.1109/fuzz-ieee.2019.8858975,IEEE International Conference on Fuzzy Systems (FUZZ-IEEE),conference-paper,"Rhuggenaath, Jason; Akçay, Alp; Zhang, Yingqian; Kaymak, Uzay",backward,crossref|openalex,doi:10.1109/cifer.2019.8759106,0
doi:10.1109/gcat52182.2021.9587676,1296,0.000000,Camelot: AI-Powered Campaign Management System,2021,10.1109/gcat52182.2021.9587676,2021 2nd Global Conference for Advancement in Technology (GCAT),conference-paper,"Kulkarni, Piyusha; Bhoj, R. L.; Rajapure, Sourabh; Gujar, Shubham; Verma, Devika; Ranjan, Rakesh",forward,openalex,doi:10.1016/j.bushor.2019.12.002,0
doi:10.1109/gcet64327.2024.10934166,1297,0.000000,Enhancing Business Performance Through Data-Driven Digital Marketing and Big Data Capabilities,2024,10.1109/gcet64327.2024.10934166,,conference-paper,"Aljumah, Ahmad Ibrahim; Nuseir, Mohammed T.; Refae, Ghaleb A. El; Al‐Hiyari, Ahmad; Mahho, M Issam",forward,openalex,doi:10.1016/j.indmarman.2020.07.022,0
doi:10.1109/gcitc60406.2023.10425868,1298,0.000000,Analysis of Artificial Intelligence Towards the Digital Marketing Revolution,2023,10.1109/gcitc60406.2023.10425868,,conference-paper,"Srinivas, Dharmula; Yadav, Brijendra Singh; Masood, Gazala; Thakor, Miteshkumar Babuji; Tiwari, Tripti; Chandan, Radha Raman",forward|seed,openalex|seed,doi:10.1007/978-3-030-12453-3_143|doi:10.1007/978-3-030-12453-3_151|doi:10.1007/978-3-030-72080-3_20|doi:10.1007/s11747-019-00696-0|doi:10.1007/s11747-020-00749-9|doi:10.1016/j.bushor.2019.12.002|doi:10.1108/wjemsd-08-2020-0099|doi:10.1177/0008125619859317|doi:10.1177/18393349211037684,0
doi:10.1109/hite63532.2024.10777251,1299,0.000000,Personalized Email Marketing: A Machine Learning Approach for Higher Engagement and Conversion Rates,2024,10.1109/hite63532.2024.10777251,,conference-paper,"Abdullah, Abdullah; Hafeez, Nida; Nasir, Muhammad Umar; Shabbir, Maryam; Mehmood, Shahid",forward,openalex,doi:10.1016/j.indmarman.2020.07.022,0
doi:10.1109/iatmsi60426.2024.10502481,1300,0.000000,AI enabled Business Process Optimization and Digital Marketing,2024,10.1109/iatmsi60426.2024.10502481,,conference-paper,"Abdulla, Aysha; Hussain, Omer Bin",forward,openalex,doi:10.1007/978-3-030-12453-3_143|doi:10.1007/978-3-030-12453-3_151,0
doi:10.1109/iatmsi68868.2026.11465849,1301,0.000000,Machine Learning Approaches for Consumer Behaviour Prediction in Marketing,2026,10.1109/iatmsi68868.2026.11465849,,conference-paper,"Mishra, Rajiv; Saurabh, Sweta; Dwivedi, Sachi; Singh, Vikas",forward,openalex,doi:10.1016/j.compeleceng.2020.106723,0
doi:10.1109/ic-aiai48757.2019.00010,1302,0.000000,Artificial Intelligence Marketing: Chatbots,2019,10.1109/ic-aiai48757.2019.00010,,conference-paper,"Arsenijevic, Uros; Jović, Marija",backward,openalex,doi:10.58830/ozgur.pub610.c2592|doi:10.58830/ozgur.pub610.c2595,0
doi:10.1109/ic3i56241.2022.10072425,1303,0.000000,Applications of Artificial Intelligence (AI) in Marketing Management,2022,10.1109/ic3i56241.2022.10072425,,conference-paper,"Pathak, Abhishek Kumar; Sharma, Sameer Dev",forward,openalex,doi:10.1007/s11747-019-00696-0|doi:10.1177/0008125619859317,0
doi:10.1109/ic3se62002.2024.10593306,1304,0.000000,Enhancing Advertising Initiatives: Using Machine Learning Algorithms to Engage Targeted Customer,2024,10.1109/ic3se62002.2024.10593306,,conference-paper,"Kunekar, Pankaj; Usman, Mohammed; Veena, Ch; Singla, Atul; Anute, Nilesh; Polke, Nikhil",forward,openalex,doi:10.1007/s11747-019-00696-0,0
doi:10.1109/ic3se62002.2024.10593574,1305,0.000000,Intelligent Marketing: Using AI to Segment and Target Customers,2024,10.1109/ic3se62002.2024.10593574,,conference-paper,"Luthra, Lavisha; N., Abdul Rezha Efrat; Sharma, Shikha; Krishna, M Hari; Limbore, Nilesh Vitthal; Sobti, Rajeev",forward,openalex,doi:10.1007/s11747-019-00696-0|doi:10.1007/s11747-020-00749-9,0
doi:10.1109/icaaeei63658.2024.10899167,1306,0.000000,Towards AI Chatbot Effectiveness: Crucial Elements Impacting User Engagement and Satisfaction,2024,10.1109/icaaeei63658.2024.10899167,,conference-paper,"Lestarini, Dinda; Raflesia, Sarifah Putri",forward,openalex,doi:10.1108/ijrdm-08-2020-0312,0
doi:10.1109/icac2n63387.2024.10895494,1307,0.000000,Analysis of Machine Learning Classifiers’ Efficacy for Social Media Ads Classification,2024,10.1109/icac2n63387.2024.10895494,,conference-paper,"Sharma, Ravi; Varshney, Prerna; Srivastava, Deepanshi; Bharati, K. F.",forward,openalex,doi:10.1016/j.compeleceng.2020.106723,0
doi:10.1109/icac3n60023.2023.10541384,1308,0.000000,Marketing Automation Through AI: A Decision Support Strategy,2023,10.1109/icac3n60023.2023.10541384,,conference-paper,"Rajpurohit, Shruti; Kaushik, Jitendra; Karad, Sunita Mangesh",forward,openalex,doi:10.1007/s12599-015-0370-8,0
doi:10.1109/icaccm61117.2024.11059001,1309,0.000000,Machine Learning Models for Enhancing Customer Segmentation and Targeting in Business Intelligence,2024,10.1109/icaccm61117.2024.11059001,,conference-paper,"Chavva, Madhu; Meenakshi, N.; Sindhuja, M.; Veera, Sathiesh; Bhanushali, Mahesh Manohar; Srivastava, Prateek",forward,openalex,doi:10.1016/j.compeleceng.2020.106723,0
doi:10.1109/icaccm61117.2024.11059223,1310,0.000000,AI and Machine Learning in Digital Marketing: Revolutionizing Customer Engagement and Decision Making,2024,10.1109/icaccm61117.2024.11059223,,conference-paper,"Srinivas, Dwarakanath; Sharma, Monika; Brahmbhatt, Anandkumar; Patra, Purnendu Kumar; Shaikh, Ajim; Sattanathan, Sivakumar",forward,openalex,doi:10.1108/wjemsd-08-2020-0099,0
doi:10.1109/icacite53722.2022.9823675,1311,0.000000,Role of Artificial Intelligence in Reshaping Retail,2022,10.1109/icacite53722.2022.9823675,2022 2nd International Conference on Advance Computing and Innovative Technologies in Engineering (ICACITE),conference-paper,"Malik, Reena; Jindal, Tanvi; Sharma, Ambuj",forward,openalex,doi:10.1007/s11747-019-00696-0,0
doi:10.1109/icacite53722.2022.9823902,1312,0.000000,The Application of Effective Machine Learning Tools in Digital Marketing for Enhancing Brand Presence and Image Among the Fast-Moving Consumer Goods in the Developing Countries,2022,10.1109/icacite53722.2022.9823902,2022 2nd International Conference on Advance Computing and Innovative Technologies in Engineering (ICACITE),conference-paper,"Nirmal, Ekanath Sitaram; Narang, Pravin; Rajeswari, T.S.; Usman, Mohammed; Subha, B.; Jadhav, Vandana",forward,openalex,doi:10.1016/j.jik.2020.08.001,0
doi:10.1109/icacite57410.2023.10182754,1313,0.000000,The Rising Importance of AI in Boosting the Efficiency of Online Advertising in Developing Countries,2023,10.1109/icacite57410.2023.10182754,,conference-paper,"Shameem, A.; Ramachandran, K. K.; Sharma, Amod; Singh, Rajesh; Selvaraj, Franklin John; Manoharan, Geetha",forward,openalex,doi:10.1007/s12599-015-0370-8,0
doi:10.1109/icacite57410.2023.10183113,1314,0.000000,Maximizing the Potential of Artificial Intelligence in Digital Marketing,2023,10.1109/icacite57410.2023.10183113,,conference-paper,"Kumar, Pramod; Tomar, Parveen Kumar; Bharti, Shikha; Naredla, Suman; Ibrahim, Read Khalid; Alazzam, Malik Bader",forward,openalex,doi:10.1007/s11747-020-00749-9,0
doi:10.1109/icadcs70036.2026.11583576,1315,0.000000,Predictive Modelling of Brand Attachment in Hyper-Personalised Marketing Using Machine Learning,2026,10.1109/icadcs70036.2026.11583576,,conference-paper,"M, Gayathri; Therasa, C.; D, Surya Balaji",forward,openalex,doi:10.1177/0008125619859317,0
doi:10.1109/icaiccit64383.2024.10912388,1316,0.000000,A Transformative Impact of IoT and AI by Predictive Analytics on Modern Marketing Strategies: A Study of its Significance &amp; Accuracy,2024,10.1109/icaiccit64383.2024.10912388,,conference-paper,"Dahake, Nihar Suresh; Gajghate, Abhijit; Dahake, Parihar Suresh; Bansod, Saket",forward,openalex,doi:10.1007/s11747-019-00696-0|doi:10.1016/j.bushor.2019.12.002,0
doi:10.1109/icaicta.2018.8541320,1317,0.000000,Designing Interaction for Chatbot-Based Conversational Commerce with User-Centered Design,2018,10.1109/icaicta.2018.8541320,,conference-paper,"Pricilla, Catherine; Lestari, Dessi Puji; Dharma, Dody",backward,crossref|openalex,doi:10.1108/ijrdm-08-2020-0312,0
doi:10.1109/icbdml68582.2026.11544176,1318,0.000000,Machine Learning-Based Customer Segmentation and Targeting for Marketing Optimization,2026,10.1109/icbdml68582.2026.11544176,,conference-paper,"Bansal, Anu; Arora, Nitish; Kumar, Lalit; Bansal, Ajit; Singh, Palvinder; Rana, Preeti",forward,openalex,doi:10.1007/s11747-020-00749-9,0
doi:10.1109/icbiti65527.2025.11500929,1319,0.000000,Optimizing Marketing Campaigns Using Machine Learning,2025,10.1109/icbiti65527.2025.11500929,,conference-paper,"Alshurideh, Muhammad; Haider, Siham; Korany, Hossam; Aburumman, Asad; Ahmed, Gouher; Mukattash, Ibrahim; AL-Malahmeh, Zaid Akram; Ghurabli, Zainab Al",forward,openalex,doi:10.1177/18393349211037684,0
doi:10.1109/iccams65118.2025.11234094,1320,0.000000,Predictive Modelling of Consumer Behaviour in Marketing Utilising Machine Learning Techniques,2025,10.1109/iccams65118.2025.11234094,,conference-paper,"Devi, Dipsikha; Vinutha, N.; Vidhya, K; R, Manju Priya.",forward,openalex,doi:10.1016/j.compeleceng.2020.106723,0
doi:10.1109/iccca66364.2025.11325118,1321,0.000000,Aiding Marketing using Artificial Intelligence,2025,10.1109/iccca66364.2025.11325118,,conference-paper,"Neetika; Chauhan, Pradeep S.; Yadav, Mithlesh Kumar; Kumar, Shobhit; Tyagi, Sachin Kumar; Abrol, Vrinda; Agarwal, Nidhi",forward,openalex,doi:10.1007/s11747-020-00749-9,0
doi:10.1109/iccci56745.2023.10128433,1322,0.000000,Predicting User Click Behavior on Social Media Ads Using Machine Learning,2023,10.1109/iccci56745.2023.10128433,,conference-paper,"Kumar, Ashish; Kishan, Divyanshu; Kandpal, Harshit; Saraswat, Himanshu; Singh, Jyotiraditya",forward,openalex,doi:10.1016/j.compeleceng.2020.106723,0
doi:10.1109/icci61671.2024.10485047,1323,0.000000,Using Data Analytics Techniques for Enhancing Social Media Marketing Processes,2024,10.1109/icci61671.2024.10485047,,conference-paper,"Ghareeb, Nora Barakat; Aboutabl, Amal Elsayed; Shalash, Sara Osama; Mostafa, Aya M.",forward,openalex,doi:10.1016/j.compeleceng.2020.106723,0
doi:10.1109/iccns62192.2024.10776195,1324,0.000000,AI-Driven Marketing Strategies: Unlocking Growth Potential and Operational Efficiency in the Digital Communication Landscape,2024,10.1109/iccns62192.2024.10776195,,conference-paper,"Saboune, Farah",forward,openalex,doi:10.1007/s11747-020-00749-9,0
doi:10.1109/iccns62192.2024.10776448,1325,0.000000,Analyzing the Effect of Artificial Intelligence on Message Personalization and Media Monitoring in the United Arab Emirates-Based Public Relations,2024,10.1109/iccns62192.2024.10776448,,conference-paper,"Jeljeli, Riadh; Farhi, Faycal; Setoutah, Samira; Boudhane, Yamine; Zamoum, Khaled; Zahra, Alaaldin; Farhi, Mouna",forward,openalex,doi:10.1007/s11747-020-00749-9,0
doi:10.1109/iccr61006.2024.10532873,1326,0.000000,Machine Learning Applications in Social Media Marketing: Innovating Customer Engagement and Brand Building,2024,10.1109/iccr61006.2024.10532873,,conference-paper,"Kurdi, Barween Al; Alshurideh, Muhammad Turki; Hamadneh, Samer; Kalra, Deepak; Marwaha, Sunita; Alzoubi, Haitham M.",forward,openalex,doi:10.1016/j.compeleceng.2020.106723,0
doi:10.1109/iccr61006.2024.10533067,1327,0.000000,"Integrating the Triple Pillar: AI Marketing's Pathway to Enhancing Industry 5.0 Through Sustainability, Resilience, and Customer Engagement",2024,10.1109/iccr61006.2024.10533067,,conference-paper,"Alenezi, Ali Mohammad; Alsmairat, Mohammad A.K.; Ljepava, Nikolina",forward,openalex,doi:10.1007/s11747-019-00696-0|doi:10.1007/s11747-020-00749-9|doi:10.1016/j.ausmj.2020.04.002,0
doi:10.1109/iccraids67816.2026.11519716,1328,0.000000,Leveraging Artificial Intelligence Generated Content (AIGC) for Digital Content Marketing Strategy: A Case Study of a Pre-Launch Skincare Brand in Indonesia,2026,10.1109/iccraids67816.2026.11519716,,conference-paper,"Ciputra, Mikael Bryan; Sanjaya, Brianna; Setiawan, Joseph; Felix, Antonius; Zulfikar, Akbar Lufi; Swandari, Selly",forward,openalex,doi:10.1007/s11747-019-00696-0|doi:10.1016/j.bushor.2019.12.002,0
doi:10.1109/iccraids67816.2026.11519734,1329,0.000000,Artificial Intelligence-Driven Marketing Strategies for Enhancing Customer Engagement in Digital Islamic Banking Services Within the Indonesian Digital Economy: A PLS-SEM Modelling Studies,2026,10.1109/iccraids67816.2026.11519734,,conference-paper,"Sari, Rini Kurnia; Alfarizi, Muhammad",forward,openalex,doi:10.1201/9781032720104-15,0
doi:10.1109/iccsea54677.2022.9936374,1330,0.000000,Role of Artificial Intelligence in Online Shopping and its Impact on Consumer purchasing behaviour and Decision,2022,10.1109/iccsea54677.2022.9936374,"2022 Second International Conference on Computer Science, Engineering and Applications (ICCSEA)",conference-paper,"Jangra, Gaurav; Jangra, Monika",forward,openalex,doi:10.1007/s11747-019-00696-0|doi:10.1016/j.bushor.2019.12.002,0
doi:10.1109/icdm.2019.00029,1331,0.000000,Large-Scale Personalized Delivery for Guaranteed Display Advertising with Real-Time Pacing,2019,10.1109/icdm.2019.00029,,conference-paper,"Fang, Zhen; Li, Yang; Liu, Chuanren; Zhu, Wenxiang; Zheng, Yu; Zhou, Wenjun",backward,crossref|openalex,doi:10.1080/0965254x.2022.2148269,0
doi:10.1109/icdsbs63635.2025.11031615,1332,0.000000,AI-Enabled Predictive Analytics in Marketing: Transforming Customer Engagement and Brand Strategy,2025,10.1109/icdsbs63635.2025.11031615,,conference-paper,"Dahake, Parihar Suresh; Nakshane, Sarvesh; Mohare, Rahul; Ingle, Akhilesh",forward,openalex,doi:10.1177/18393349211037684,0
doi:10.1109/icdsis61070.2024.10594126,1333,0.000000,Research on the Application of Personalized Recommendation Algorithm Based on Big Data Analysis in Digital Marketing,2024,10.1109/icdsis61070.2024.10594126,,conference-paper,"Li, Ruiqi; Ma, Haiying",forward,openalex,doi:10.1007/s11747-019-00696-0,0
doi:10.1109/icdt61202.2024.10489346,1334,0.000000,Strategic Integration Of Artificial Intelligence In Customer Relationship Management: A Path To Personalization,2024,10.1109/icdt61202.2024.10489346,,conference-paper,"Averineni, Anuradha; M, Freddy Chris; Vamsi, Vinnakota Sai; Manikanta, Addanki Murali; Reddy, A. R. C.; Reddy, Koyya Durga Sravan",forward,openalex,doi:10.1177/0008125619859317,0
doi:10.1109/icdxa61007.2024.10470483,1335,0.000000,Customer Propensity Model: Marketing Campaign,2024,10.1109/icdxa61007.2024.10470483,,conference-paper,"Manimaran, Sentheni; Lim, Khai Yin",backward,openalex,doi:10.58830/ozgur.pub610.c2592|doi:10.58830/ozgur.pub610.c2595,0
doi:10.1109/icdxa69105.2025.11329777,1336,0.000000,"The Influence of Using AI-Chatbot on Consumer Trust and Experience in Online Retail (Alfagift), and its Role in Driving Repurchase Intention",2025,10.1109/icdxa69105.2025.11329777,,conference-paper,"Putra, Adryanda Narendra; Sunandi, Raphael Ryan; Bahri, Ronny Samsul",forward,openalex,doi:10.1108/ijrdm-08-2020-0312,0
doi:10.1109/iceca58529.2023.10395492,1337,0.000000,Predictive Analytics in E-Commerce Leveraging Data Mining for Customer Insights,2023,10.1109/iceca58529.2023.10395492,,conference-paper,"Rajeshkumar, C.; Rajakumari, K.",backward,crossref|openalex,doi:10.4018/979-8-3693-3455-3.ch012,0
doi:10.1109/iceccme57830.2023.10252550,1338,0.000000,Development of Artificial Intelligence as a Breakthrough for Personalization in Marketing,2023,10.1109/iceccme57830.2023.10252550,,conference-paper,"Kushnarevych, Andrii; Kollárová, Daniela",backward,crossref|openalex,doi:10.4018/979-8-3693-3455-3.ch012,0
doi:10.1109/iceccme62383.2024.10796059,1339,0.000000,"A Survey of Generative AI: A Game Changer for Free Streaming Services and Ad Personalization with Current Techniques, Identifying Research Gaps and Addressing Challenges",2024,10.1109/iceccme62383.2024.10796059,,conference-paper,"Ramagundam, Shashishekhar; Karne, Niharika",forward,openalex,doi:10.3389/fpsyg.2022.856663,0
doi:10.1109/iceconf65644.2025.11379515,1340,0.000000,A Hybrid Intelligence Approach for Customer-Centric Product Development and Marketing,2025,10.1109/iceconf65644.2025.11379515,,conference-paper,"Mehter, Afsara Khanam; Kumar, V.V. Ravi; Mehta, Mrigakshi",forward,openalex,doi:10.1007/s11747-019-00696-0|doi:10.1016/j.jik.2020.08.001|doi:10.1177/18393349211037684,0
doi:10.1109/icercs63125.2024.10895563,1341,0.000000,Exploring Organizational Adoption of Innovative Technologies in Consumer Online Purchase,2024,10.1109/icercs63125.2024.10895563,,conference-paper,"Jayakumar, Mani; Jenefa, Leena; Badrinarayanan, M. K.; Sarah, K. Subaniya; S, Ashok Kumar; Kumar, R. Mohan",forward,openalex,doi:10.1016/j.bushor.2019.12.002,0
doi:10.1109/icesic61777.2024.10846326,1342,0.000000,The Implementation of Artificial Intelligence Tools In Retail Sector Among Consumers - A New Evolution Traditional to Morden,2024,10.1109/icesic61777.2024.10846326,,conference-paper,"Jenefa, Leena; S, Ashok Kumar; Yiong, Bibiana Lim Chiu; Jayakumar, Mani; B, Lenin Lokesh; Sakthivel, M.",forward,openalex,doi:10.1007/s11747-019-00696-0,0
doi:10.1109/icet66147.2025.11321368,1343,0.000000,AI-Powered Sentiment Analysis for Targeted Digital Marketing Campaigns with Big Data,2025,10.1109/icet66147.2025.11321368,,conference-paper,"Shahzad, Fiza; Rizwan, Kainat; Ajmal, Rana Hassan; Ali, Mir Wajid; Noreen, Shua",forward,openalex,doi:10.1007/s11747-020-00749-9,0
doi:10.1109/icetsis61505.2024.10459608,1344,0.000000,A Decision Model for Revolutionizing Digital Marketing Campaigns Powered by AI and Predictive Analytics,2024,10.1109/icetsis61505.2024.10459608,,conference-paper,"Yadav, Anusuya; Pandita, Deepika",forward,openalex,doi:10.1007/s11747-020-00749-9|doi:10.1108/wjemsd-08-2020-0099,0
doi:10.1109/icicacs60521.2024.10499134,1345,0.000000,The Application of Computer Algorithms in Marketing Data Analysis and Prediction,2024,10.1109/icicacs60521.2024.10499134,,conference-paper,"Jiao, Pengfei; Guo, Chunxiang",forward,openalex,doi:10.1016/j.jik.2020.08.001,0
doi:10.1109/icict57646.2023.10134254,1346,0.000000,A Study on Artificial Intelligence-based Natural Language Processing for Online Shopping Services,2023,10.1109/icict57646.2023.10134254,,conference-paper,"Parthipan, N; Ramar, K.; Prasath, S Ragu; Santhosh, R.; Reshma, R.",forward,openalex,doi:10.3389/fpsyg.2022.856663,0
doi:10.1109/icidca56705.2023.10100132,1347,0.000000,The Efficacy of Artificial Intelligence in making Best Marketing Decisions,2023,10.1109/icidca56705.2023.10100132,,conference-paper,"Jhaveri, Miit; Chirputkar, Abhijit; Ashok, P",forward,openalex,doi:10.1007/s11747-019-00696-0|doi:10.1007/s11747-020-00749-9|doi:10.1016/j.bushor.2019.12.002|doi:10.1177/0008125619859317,0
doi:10.1109/iciics63763.2024.10859719,1348,0.000000,The Role of Chatbots and Virtual Assistants in Enhancing Customer Service and Engagement: A Stacked BiLSTM and A-GRU Technique,2024,10.1109/iciics63763.2024.10859719,,conference-paper,"Raj, Keerthan; Priya, K.; Senthilkumar, K; Natarajan, Sundarapandiyan; Arun, R.; Thoti, Kiran Kumar",forward,openalex,doi:10.1108/ijrdm-08-2020-0312,0
doi:10.1109/icimtech67074.2025.11265189,1349,0.000000,The Role of Artificial Intelligence in Enhancing Customer Experience in Digital Marketing: A Systematic Literature Review,2025,10.1109/icimtech67074.2025.11265189,,review,"Nuradrian, Raflin; Magdalena, Yulia",forward,openalex,doi:10.1108/wjemsd-08-2020-0099,0
doi:10.1109/icimtech67074.2025.11265633,1350,0.000000,AI Agents in Customer Service: Enhancing MSME Competitiveness through Automatic Systems,2025,10.1109/icimtech67074.2025.11265633,,conference-paper,"Lukiyanto, Kukuh; Sasongko, Davin Danika; Wijayaningtyas, Maranatha; Abidin, Zainal; Awang, Mariah",forward,openalex,doi:10.1007/s11747-020-00749-9,0
doi:10.1109/iciptm59628.2024.10563450,1351,0.000000,Artificial Intelligence Powered Paradigm Shift: Revolutionizing Digital Marketing,2024,10.1109/iciptm59628.2024.10563450,,conference-paper,"Patil, Bhavesh; Ashok, P; Chirputkar, Abhijit",forward,openalex,doi:10.1007/978-3-030-12453-3_151|doi:10.1177/0008125619859317,0
doi:10.1109/iciptm59628.2024.10563646,1352,0.000000,A Review of the Literature on the Effects of Big Data and Machine Learning on Digital Transformation in Marketing,2024,10.1109/iciptm59628.2024.10563646,,conference-paper,"Thangamayan, S.; Vijai, C.; Singh, Navdeep; Durga, V. Sathya; Aravinda, K; Sabah, Hawraa Ali",forward,openalex,doi:10.1504/ijbdm.2020.106876,0
doi:10.1109/icirdc65564.2024.00041,1353,0.000000,Digital Marketing Intelligent Strategy Based on Big Data Algorithms,2024,10.1109/icirdc65564.2024.00041,,conference-paper,"Sui, Yi; Li, Nan; Jiang, Jingjing; Zhang, Haibo",forward,openalex,doi:10.1016/j.jik.2020.08.001,0
doi:10.1109/icisaa62385.2024.10828777,1354,0.000000,Revolutionizing Marketing through Artificial Intelligence: An Analytical Compendium of Case Studies,2024,10.1109/icisaa62385.2024.10828777,,conference-paper,"Agarwal, Shrishti; Agarwal, Shipra; Mittal, Varsha; Anuradha",forward,openalex,doi:10.1007/s11747-019-00696-0|doi:10.1007/s11747-020-00749-9|doi:10.1016/j.bushor.2019.12.002|doi:10.1177/0008125619859317,0
doi:10.1109/iciss62896.2024.10751631,1355,0.000000,AI Recommendations: Friend or Foe? Unraveling the Impact on Consumer Benefits and Privacy,2024,10.1109/iciss62896.2024.10751631,,conference-paper,"Dewanthi, Desyra Sukma; Kristopo, Hari; Qomariyah, Nunung Nurul; Axel, Muhammad",forward,openalex,doi:10.1007/s11747-019-00696-0,0
doi:10.1109/iciss62896.2024.10751645,1356,0.000000,Using Machine Learning for Shaping the Future of Advertising for Telco Industry in Indonesia,2024,10.1109/iciss62896.2024.10751645,,conference-paper,"Neilson, Davin; Widagda, I Kadek Gita Pradnya; Agatsya, Gde Ngurah Randy; Qomariyah, Nunung Nurul; Bahana, Raymond",forward,openalex,doi:10.1016/j.jik.2020.08.001|doi:10.1504/ijbdm.2020.106876,0
doi:10.1109/icit58056.2023.10226042,1357,0.000000,Personalizing Product Recommendations using Collaborative Filtering in Online Retail: A Machine Learning Approach,2023,10.1109/icit58056.2023.10226042,,conference-paper,"Loukili, Manal; Messaoudi, Fayçal; Ghazi, Mohammed El",forward,openalex,doi:10.1177/0008125619859317,0
doi:10.1109/icitda64560.2024.10809919,1358,0.000000,The Role of AI Chatbots on E-Commerce Platforms: Understanding its Influence on Customer Trust and Dependability,2024,10.1109/icitda64560.2024.10809919,,conference-paper,"Christopher, Yabes; Sundjaja, Arta Moro; Mulvono",forward,openalex,doi:10.1108/ijrdm-08-2020-0312,0
doi:10.1109/icnte66387.2026.11437439,1359,0.000000,AI Integration in E-Commerce: Transforming Customer Interactions and Operational Strategies,2026,10.1109/icnte66387.2026.11437439,,conference-paper,"Jaiswal, Amit Kumar; Jain, Tanmay; Sourav, Ajit; Kumar, Abhinav",forward,openalex,doi:10.1007/s11747-019-00696-0|doi:10.1007/s11747-020-00749-9,0
doi:10.1109/icoict58202.2023.10262673,1360,0.000000,Customer Perception of AI Presence and Intention Toward AI-Recommended Products,2023,10.1109/icoict58202.2023.10262673,,conference-paper,"Nghiêm-Phú, Bình",forward,openalex,doi:10.1177/0008125619859317,0
doi:10.1109/icoict66265.2025.11192921,1361,0.000000,Blending Automation with Empathy: Customer Preferences for Human vs. AI Interaction in Service,2025,10.1109/icoict66265.2025.11192921,,conference-paper,"Mathur, Tanuj; Kadam, Sanjeev; Nair, Reshma; Shah, Jaymin",forward,openalex,doi:10.1007/s11747-019-00696-0,0
doi:10.1109/iconstem60960.2024.10568805,1362,0.000000,Analysis of Social Media Marketing Impact on Customer Behaviour using AI &amp; Machine Learning,2024,10.1109/iconstem60960.2024.10568805,,conference-paper,"Thamaraiselvi, P.; Masih, Jolly; Giri, Pratibha; Sridevi, J.; Shaikh, Irfan Abdul Karim; Prasad, M. V. Rama",forward,openalex,doi:10.1016/j.compeleceng.2020.106723,0
doi:10.1109/icoris52787.2021.9649533,1363,0.000000,Artificial Intelligence and Electronic Marketing Outcomes: An Empirical Study,2021,10.1109/icoris52787.2021.9649533,2021 3rd International Conference on Cybernetics and Intelligent System (ICORIS),conference-paper,"Dharmaputra, Rayina Triningsih; Fernando, Yudi; Aryshandy, Gita; Ikhsan, Ridho Bramulya",forward,openalex,doi:10.1108/wjemsd-08-2020-0099,0
doi:10.1109/icot54518.2021.9680666,1364,0.000000,Artificial Intelligence Impact on Digital Content Marketing Research,2021,10.1109/icot54518.2021.9680666,,conference-paper,"Hsu, Shang-Fang; Liou, Shyhnan",forward,openalex,doi:10.1016/j.bushor.2019.12.002|doi:10.1016/j.compeleceng.2020.106723,0
doi:10.1109/icpct64145.2025.10940271,1365,0.000000,IoT-Driven Data Analytics: Transforming Digital Marketing Campaigns with Real-Time Consumer Insights,2025,10.1109/icpct64145.2025.10940271,,conference-paper,"Jamalpur, Bhavana; Peddinti, Diwakar Reddy; Pawar, Sudarshan A.; Zagade, Aatish Dilip; Podduturi, Mahipal Reddy; Thakur, Jyotsana",forward,openalex,doi:10.1080/0965254x.2018.1493523,0
doi:10.1109/icpct64145.2025.10940951,1366,0.000000,Integrating Research on AI-Driven Hyper-Personalization: A Review and Framework for Scalable Social Media Campaigns,2025,10.1109/icpct64145.2025.10940951,,conference-paper,"Patil, Shalmali; Bhat, Aparna Krishna; Jain, Nilesh; Javalkar, Vishal",forward,openalex,doi:10.4018/979-8-3693-3455-3.ch012,0
doi:10.1109/icrito51393.2021.9596452,1367,0.000000,Exploring Technology and Organizational Capability from the Perspective of Marketing Intelligence,2021,10.1109/icrito51393.2021.9596452,,conference-paper,"Vishnoi, Sushant Kumar; Bagga, Teena; Tripathi, Anuj",forward,openalex,doi:10.1080/0965254x.2018.1493523,0
doi:10.1109/icrito61523.2024.10522362,1368,0.000000,Predicting Purchases and Personalizing the Customer Journey with Artificial Intelligence,2024,10.1109/icrito61523.2024.10522362,,conference-paper,"Malik, Varun; Mittal, Ruchi; Chaudhry, Rishi; Yadav, Suman Avdhesh",forward,openalex,doi:10.1177/0008125619859317,0
doi:10.1109/icscai61790.2024.10866411,1369,0.000000,Transforming Personalized Marketing: Harnessing the Power of Artificial Intelligence for Enhanced Consumer Targeting and Business Growth,2024,10.1109/icscai61790.2024.10866411,,conference-paper,"Seth, Kanika",forward,openalex,doi:10.1007/s11747-020-00749-9|doi:10.1177/0008125619859317|doi:10.1177/18393349211037684,0
doi:10.1109/icseiet58677.2023.10303309,1370,0.000000,Turning Data Into Insights: Leveraging Artificial Intelligence for Better Understanding of Social Media Consumer Behaviour,2023,10.1109/icseiet58677.2023.10303309,,conference-paper,"Panda, Vaishali; Mishra, Ashutosh; Sharma, Manish",forward,openalex,doi:10.1007/s11747-020-00749-9|doi:10.1177/0008125619859317,0
doi:10.1109/icsgrc65918.2025.11159801,1371,0.000000,Examining the Disruptive Influence of Artificial Intelligence on Digital Marketing and Advertising in the Philippines,2025,10.1109/icsgrc65918.2025.11159801,,conference-paper,"Ortega, John Heland Jasper C.",forward,openalex,doi:10.1007/978-3-030-12453-3_143|doi:10.1177/18393349211037684,0
doi:10.1109/ictas59620.2024.10507141,1372,0.000000,Towards Artificial Intelligence-Driven Marketing: An Adoption Framework for Lesotho,2024,10.1109/ictas59620.2024.10507141,,conference-paper,"Batani, John; Mothabeng, Matau Rosina; Mbunge, Elliot",forward,openalex,doi:10.1016/j.bushor.2019.12.002|doi:10.1016/j.compeleceng.2020.106723|doi:10.1108/wjemsd-08-2020-0099|doi:10.1177/0008125619859317,0
doi:10.1109/ictmod52902.2021.9739228,1373,0.000000,Assessing the Significance and Impact of Artificial Intelligence and Machine Learning in Placement of Advertisements,2021,10.1109/ictmod52902.2021.9739228,,conference-paper,"Bhatt, Vimal",forward,openalex,doi:10.1007/s11747-019-00696-0,0
doi:10.1109/ictmod59086.2023.10438124,1374,0.000000,State of the Art and Themes of the Research on Artificial intelligence (AI) Integrated Customer Relationship Management (CRM): Bibliometric Analysis and Topic Modelling,2023,10.1109/ictmod59086.2023.10438124,,conference-paper,"Ozay, Dervis; Jahanbakht, Mohammad; Componation, Paul J.; Shoomal, Atefeh",forward,openalex,doi:10.1016/j.bushor.2019.12.002|doi:10.1016/j.eswa.2018.11.002,0
doi:10.1109/ictmod59086.2023.10438160,1375,0.000000,Transforming Advertising: Harnessing AI for Personalised Customer-Centricity,2023,10.1109/ictmod59086.2023.10438160,,conference-paper,"Agarwal, Tripti; Gopalkrishnan, Santosh; Kale, Vinita; Periwal, Dipti; Kulkarni, Ashish A.; Tharkude, Dhanashree; Jaiwani, Megha",forward,openalex,doi:10.1007/s11747-020-00749-9|doi:10.1177/0008125619859317,0
doi:10.1109/icwr57742.2023.10139064,1376,0.000000,Designing an Integrated Methodology for Data- Driven Marketing Strategic Planning,2023,10.1109/icwr57742.2023.10139064,,conference-paper,"Pour, Mona Jami; Emami, Shahnaz Akbari",forward,openalex,doi:10.1007/s11747-020-00749-9,0
doi:10.1109/icwr65219.2025.11006187,1377,0.000000,From Decision Support to Decision Making: Autonomous AI Agents Shaping the Marketing,2025,10.1109/icwr65219.2025.11006187,,conference-paper,"Mirzayi, Sahar; Talajouran, Erfan",forward,openalex,doi:10.1007/s11747-019-00696-0|doi:10.1007/s11747-020-00749-9,0
doi:10.1109/iehns68708.2026.11607231,1378,0.000000,A Systematic Literature Review Combined with Empirical Machine Learning Experiments on the Use of Artificial Intelligence Tools in Digital Marketing,2026,10.1109/iehns68708.2026.11607231,,review,"ARDYANI, AMALIA WIDYA; Zarlis, Muhammad; T, Thoyyibah",forward,openalex,doi:10.1007/s11747-019-00696-0|doi:10.1007/s11747-020-00749-9|doi:10.1016/j.bushor.2019.12.002,0
doi:10.1109/iemecon69302.2025.11365741,1379,0.000000,Impact of Voice-Based Search Queries on Paid Ad Rankings in Digital Marketing Campaigns,2025,10.1109/iemecon69302.2025.11365741,,conference-paper,"Nain, Arvind; Kaur, Ravneet; Rawat, K. K.; D, Srinivas.; Kumar, Piyush; Samanta, Prasenjeet",forward,openalex,doi:10.1007/978-3-030-12453-3_151,0
doi:10.1109/iipem62726.2024.10925819,1380,0.000000,Role of AI and Machine Learning in Creating Personalized Marketing Experiences,2024,10.1109/iipem62726.2024.10925819,,conference-paper,"Singh, Priyanka; Sharma, Ruchi; Srivastava, Nandini",forward,openalex,doi:10.1007/s11747-020-00749-9,0
doi:10.1109/iipem65914.2025.11548294,1381,0.000000,Leveraging AI-Driven Social Media Recommendation Systems to Promote Rational Decision-Making in Impulse Goods Purchases,2025,10.1109/iipem65914.2025.11548294,,conference-paper,"Charan, Jitendra; Singla, Lalit; Girdharwal, Nitin; Gautam, Umesh; Kaur, Gurpreet; Sharma, Amit",forward,openalex,doi:10.1007/s11747-020-00749-9,0
doi:10.1109/iipem65914.2025.11548399,1382,0.000000,AI-Powered Strategies for Tackling Market Volatility Digital Marketing,2025,10.1109/iipem65914.2025.11548399,,conference-paper,"Khanna, S Durai; Shrivastava, Mukul Kumar; Sharma, Sonali; Puri, Anisha; SINGH, PARAMVEER",forward,openalex,doi:10.1016/j.ausmj.2020.04.002|doi:10.1108/wjemsd-08-2020-0099,0
doi:10.1109/iisec56263.2022.9998211,1383,0.000000,Impact of Machine Learning in Digital Marketing Applications,2022,10.1109/iisec56263.2022.9998211,,conference-paper,"Gürsoy, Güneş; Varol, Asaf; Varol, Serkan",forward,openalex,doi:10.1016/j.compeleceng.2020.106723,0
doi:10.1109/incoft60753.2023.10425169,1384,0.000000,Mapping AI-Driven Marketing: Review of Field and Directions for Future Research,2023,10.1109/incoft60753.2023.10425169,,conference-paper,"Kumar, Mohan; Yadav, Rohit; Suresh, Anita; Singh, Rakhi; Yadav, Mohit; Balodi, Arun; Vihari, Nitin Simha; Srivastava, Anugamini Priya",forward,openalex,doi:10.1007/s11747-019-00696-0|doi:10.1007/s11747-020-00749-9,0
doi:10.1109/intech64186.2025.11198381,1385,0.000000,Machine Learning-Driven Consumer Behavior Analysis an AI Approach for Intelligent Marketing,2025,10.1109/intech64186.2025.11198381,,conference-paper,"Lakshmi, B. Swarajya; Deore, Sujata K.; Chheda, Kajal; Chippagiri, Srinivas; Chandra, Saurabh; Katta, Sivakoteswararao",forward,openalex,doi:10.1177/18393349211037684,0
doi:10.1109/iraset64571.2025.11008301,1386,0.000000,The Role of AI Influencers in Shaping Consumer Behavior: Analyzing Impulsive Buying through Perceived Value and Positive Emotional Appeal,2025,10.1109/iraset64571.2025.11008301,,conference-paper,"Rumangkit, Stefanus; Irianto, Aloysius Bagas Pradipta; Paramadita, Siti; Purnomo, Lorio",forward,openalex,doi:10.1016/j.bushor.2019.12.002,0
doi:10.1109/iraset68627.2026.11538772,1387,0.000000,The Influence of AI-Powered Reviews on Consumer Purchase Intention and Decision in E-Commerce: An Adapted UTAUT2 Approach,2026,10.1109/iraset68627.2026.11538772,,conference-paper,"Saphira, Amanda; Cassandra, Cadelina; Prihandoko, Danang",forward,openalex,doi:10.1007/s11747-020-00749-9,0
doi:10.1109/isac364032.2025.11156432,1388,0.000000,AI-Powered Predictive Analytics in Consumer Behavior: A Machine Learning Approach for Marketing Strategy Optimization,2025,10.1109/isac364032.2025.11156432,,conference-paper,"Anute, Nilesh; Limbore, Nilesh Vitthal; Lahoti, Yuvraj; Kalshetti, Prashant",forward,openalex,doi:10.1007/s11747-019-00696-0,0
doi:10.1109/isacc65211.2025.10969226,1389,0.000000,The Future of Business with Generative AI Models and Insights,2025,10.1109/isacc65211.2025.10969226,,conference-paper,"Sharma, Manish; Selvi, V.; Chauhan, Rahul; Khan, Shamim Ahmad; Siddiqua, Ayasha; Balakumar, A.",forward,openalex,doi:10.1007/s11747-020-00749-9,0
doi:10.1109/iscbi69404.2026.11495781,1390,0.000000,AI-Driven Recommendation Systems to Enhance Customer Decision in E-Commerce,2026,10.1109/iscbi69404.2026.11495781,,conference-paper,"Nathanael, Felix; Ong, Kelvin; Tarunadjaja, Nicholas Nathaniel; Cassandra, Cadelina",forward,openalex,doi:10.1108/ijrdm-08-2020-0312,0
doi:10.1109/iscbi69404.2026.11496114,1391,0.000000,The Utilization of Artificial Intelligence (AI) in Enhancing the Effectiveness of Digital Marketing Strategies in E-Commerce Startups,2026,10.1109/iscbi69404.2026.11496114,,conference-paper,"Prabawaty, Teta Valestia; Utama, Iston Dwija",forward,openalex,doi:10.1007/978-3-030-12453-3_151,0
doi:10.1109/iwaiip58158.2023.10462818,1392,0.000000,A Review Transformation Customer Service with Customer Relationship Management (CRM) Based Chatbots,2023,10.1109/iwaiip58158.2023.10462818,,conference-paper,"Widyastuti, Nurul; Ferdiana, Ridi; Nugroho, Lukito Edi",forward,openalex,doi:10.1108/ijrdm-08-2020-0312,0
doi:10.1109/logistiqua61063.2024.10571540,1393,0.000000,Artificial Intelligence Integration in Transportation Marketing: A Literature Review,2024,10.1109/logistiqua61063.2024.10571540,,conference-paper,"Maliki, Sanae El; Abbou, Wiam Ben",forward,openalex,doi:10.1007/s11747-019-00696-0|doi:10.1108/wjemsd-08-2020-0099,0
doi:10.1109/logistiqua66323.2025.11122759,1394,0.000000,"Enhancing E-Commerce Loyalty with AI Chatbots: Unlocking the Power of Reliability, Trust, and Satisfaction",2025,10.1109/logistiqua66323.2025.11122759,,conference-paper,"Moukrim, Anas; Attaoui, Majdouline; Gaber, Hasnaa",forward,openalex,doi:10.1007/s11747-019-00696-0,0
doi:10.1109/mc.2025.3530304,1395,0.000000,From Predictive and Generative to Agentic AI: Shaping the Future of Marketing Operations and Strategies,2025,10.1109/mc.2025.3530304,Computer,article,"Kshetri, Nir",forward,openalex,doi:10.1007/s11747-020-00749-9,0
doi:10.1109/mis.2017.58,1396,0.000000,Computational Advertising: A Paradigm Shift for Advertising and Marketing?,2017,10.1109/mis.2017.58,IEEE Intelligent Systems,article,"Yang, Yanwu; Yang, Yinghui; Jansen, Bernard J.; Lalmas, Mounia",backward,crossref|openalex,doi:10.1016/j.chb.2020.106657|doi:10.1080/00913367.2019.1654421|doi:10.1080/00913367.2020.1795954,0
doi:10.1109/peeic59336.2023.10451643,1397,0.000000,The Role of Big Data Analytics in Enhancing Customer Interactions and Loyalty,2023,10.1109/peeic59336.2023.10451643,,conference-paper,"Sharma, Kanhaiya; Parashar, Deepak; BasavaRaju, Kanchapuram; Singh, Dinesh Kumar; Kazi, Aqsa; Kumar, Gunjan",backward,crossref|openalex,doi:10.4018/979-8-3693-3455-3.ch012,0
doi:10.1109/rcsm67767.2025.11507808,1398,0.000000,Leveraging Artificial Intelligence in Digital Marketing and Social Media Integration: A Case Study of Reliance Jio’s AI-Driven Customer Engagement Strategies,2025,10.1109/rcsm67767.2025.11507808,,conference-paper,"Nag, M. Sree Ram Kiran; Shukla, Ashutosh; Kharpate, Sayali; Tripathi, Upma; Singh, Neha; Tripathi, Suruchi; Sheel, Shreya; Dwivedi, Shweta; Talha, Mohd",forward,openalex,doi:10.1007/s11747-019-00696-0|doi:10.1007/s11747-020-00749-9,0
doi:10.1109/rcsm67767.2025.11507907,1399,0.000000,Marketing Management with Boosting Ensembles: From Prediction to Action,2025,10.1109/rcsm67767.2025.11507907,,conference-paper,"Jayanthi, L.; Srinivasan, M.; Vinoth, D.Vinoth D.; Reddy, Aluguvelli Kiran Kumar; J, Bharat Kumar G; Rajalakshmi, J.",forward,openalex,doi:10.1016/j.bushor.2019.12.002,0
doi:10.1109/rmkmate59243.2023.10368772,1400,0.000000,Artificial Intelligence Assisted Service Marketing Using Deep Assisted Neural Network,2023,10.1109/rmkmate59243.2023.10368772,,conference-paper,"Shanthana, S.; Gopal, Vidhya; Navulla, Durgaprasad; Seal, Sudeshna; Sohail, Mohammed Ali; Paul, G",forward,openalex,doi:10.1177/18393349211037684,0
doi:10.1109/saci66288.2025.11030115,1401,0.000000,Marketing Digital Shift: How Has Traditional Marketing Transformed into Digital Marketing and Why?,2025,10.1109/saci66288.2025.11030115,,conference-paper,"Deák, Balázs; Szabó, I. Borbásné",forward,openalex,doi:10.1016/j.techsoc.2020.101425,0
doi:10.1109/scse61872.2024.10550666,1402,0.000000,Impact of Deepfake Advertising Attributes on Consumers’ Hedonic &amp; Utilitarian Values and Brand Credibility,2024,10.1109/scse61872.2024.10550666,,conference-paper,"Arachchi, H.A. Dimuthu Maduranga; Samarasinghe, Gameela",forward,openalex,doi:10.1016/j.ausmj.2020.04.002,0
doi:10.1109/sibf68061.2025.11455307,1403,0.000000,From Digital Business Strategy to Consumer Loyalty: A Bibliometric Mapping of the Engagement Landscape,2025,10.1109/sibf68061.2025.11455307,,conference-paper,"Medjedel, Elkhansa",forward,openalex,doi:10.1177/0008125619859317,0
doi:10.1109/smartindustrycon61328.2024.10515670,1404,0.000000,Application of Intelligent Decision-Making Support Model in the Processes of Omnichannel Marketing,2024,10.1109/smartindustrycon61328.2024.10515670,,conference-paper,"Movsisian, Leon K.; Смоленцева, Т. Е.",forward,openalex,doi:10.1016/j.bushor.2019.12.002,0
doi:10.1109/smarttechcon57526.2023.10391334,1405,0.000000,The Crystal Ball of Marketing: How Predictive Analytics is Reshaping the Industry?,2023,10.1109/smarttechcon57526.2023.10391334,,conference-paper,"Dahake, Parihar Suresh; Chandak, Shravan; Mohare, Rahul; Wadhwani, Kanak; Bhadade, Pritam",backward,crossref|openalex,doi:10.4018/979-8-3693-3455-3.ch012,0
doi:10.1109/southeastcon52093.2024.10500176,1406,0.000000,"Navigating the AI Wave in Martech: A Systematic Literature Review of Developments, Challenges, and Ethics",2024,10.1109/southeastcon52093.2024.10500176,,review,"Manoharan, Jayakumar",forward,openalex,doi:10.1007/s11747-019-00696-0|doi:10.1007/s11747-020-00749-9|doi:10.1016/j.bushor.2019.12.002|doi:10.1177/0008125619859317|doi:10.1177/18393349211037684,0
doi:10.1109/stc-csit.2018.8526633,1407,0.000000,Model of the Effectiveness of Google Adwords Advertising Activities,2018,10.1109/stc-csit.2018.8526633,2018 IEEE 13th International Scientific and Technical Conference on Computer Sciences and Information Technologies (CSIT),conference-paper,"Szymański, Grzegorz; Lininski, Piotr",backward,crossref|openalex,doi:10.1007/978-3-030-93131-5_5,0
doi:10.1109/tem.2022.3203469,1408,0.000000,Why Do SMEs Adopt Artificial Intelligence-Based Chatbots?,2022,10.1109/tem.2022.3203469,IEEE Transactions on Engineering Management,article,"Sharma, Shavneet; Singh, Gurmeet; Islam, Nazrul; Dhir, Amandeep",forward,openalex,doi:10.1007/s11747-019-00696-0|doi:10.1108/ijrdm-08-2020-0312,0
doi:10.1109/tem.2023.3284532,1409,0.000000,Exploring the Role of AI in B2B Customer Journey Management: Towards an IPO Model,2023,10.1109/tem.2023.3284532,IEEE Transactions on Engineering Management,article,"Khvatova, Tatiana; Appio, Francesco Paolo; Ray, Subhasis; Schiavone, Francesco",forward,openalex,doi:10.1007/s11747-019-00696-0,0
doi:10.1109/temscon-aspac62480.2024.11024875,1410,0.000000,Revolutionizing Marketing Strategies: A Bibliometric Analysis of Artificial Intelligence Impact on Business Success,2024,10.1109/temscon-aspac62480.2024.11024875,,conference-paper,"Ambarura, Chiu Citra Anugrata; Rizqiyah, Riza",forward,openalex,doi:10.1007/s11747-019-00696-0|doi:10.1007/s11747-020-00749-9,0
doi:10.1109/tqcebt59414.2024.10545064,1411,0.000000,Analysing How Marketing Management and Artificial Intelligence are used to Change Customer Engagement,2024,10.1109/tqcebt59414.2024.10545064,,conference-paper,"Kulkarni, Yogesh; Mahamuni, Archana; Sane, Sandip; Kalshetti, Prashant; Patil, Kunal; Jarad, Rajendra",backward|forward,crossref|openalex,doi:10.1007/s11747-020-00749-9|doi:10.1109/iccraids67816.2026.11519734,0
doi:10.1109/tqcebt59414.2024.10545168,1412,0.000000,Artificial Intelligence (AI) in CRM (Customer Relationship Management): A Sentiment Analysis Approach,2024,10.1109/tqcebt59414.2024.10545168,,conference-paper,"Acharjee, Purnendu Bikash; Salunkhe, Harshal Anil; Thorat, Srushti; Dhote, Rakshanda; Khnbhadiya, Panjari; Manchanda, Aryan; Sharma, Nishtha",forward,openalex,doi:10.1177/0008125619859317,0
doi:10.1109/tqcebt59414.2024.10545209,1413,0.000000,Examining the Integration of Artificial Intelligence and Marketing Management to Transform Consumer Engagement,2024,10.1109/tqcebt59414.2024.10545209,,conference-paper,"Singh, Sarita Kumari; Ramachandran, K. K.; Gangadharan, S.; Patel, Jaksan D; Dabral, Amar Prakash; Chakravarthi, M. Kalyan",forward,openalex,doi:10.1007/s11747-019-00696-0,0
doi:10.1109/tribes52498.2021.9751646,1414,0.000000,Classification of Digital Marketing Targeted Data Using Machine Learning Techniques,2021,10.1109/tribes52498.2021.9751646,,conference-paper,"Sharma, Avinash; Srinivasulu, Asadi; Barua, Tarkeshwar; Tiwari, Abhishek",forward,openalex,doi:10.1016/j.jik.2020.08.001,0
doi:10.1109/ubmk.2019.8907112,1415,0.000000,Design and Development of Bid Management System for Google AdWords,2019,10.1109/ubmk.2019.8907112,2019 4th International Conference on Computer Science and Engineering (UBMK),conference-paper,"Mocan, Bora; Pak, Burcu Kuleli; Yoldaş, Sema Yıldız; Baz, Neşe",backward,openalex,doi:10.58830/ozgur.pub610.c2592|doi:10.58830/ozgur.pub610.c2595,0
doi:10.1109/upcon59197.2023.10434535,1416,0.000000,Machine Learning Algorithms for Customer Segmentation in Data-Driven Marketing Strategies,2023,10.1109/upcon59197.2023.10434535,,conference-paper,"Sharma, M. K.; Vijai, C.; Durga, CSL Vijaya; Singh, Navdeep; Almusawi, Muntather; Janagi, R",forward,openalex,doi:10.1504/ijbdm.2020.106876,0
doi:10.1109/upcon59197.2023.10434568,1417,0.000000,Artificial Intelligence for Customer Relationship Management: Personalization and Automation,2023,10.1109/upcon59197.2023.10434568,,conference-paper,"Riyaz, Mohammed; Sawant, Pravin D; Raju, Shathaboina; Nijhawan, Ginni; Deepika, N M; Muralidhar, L B",forward,openalex,doi:10.1007/s11747-019-00696-0,0
doi:10.1111/1467-8551.12829,1418,0.000000,The Rise of Human–Machine Collaboration: Managers’ Perceptions of Leveraging Artificial Intelligence for Enhanced B2B Service Recovery,2024,10.1111/1467-8551.12829,British Journal of Management,article,"Ameen, Nisreen; Pagani, Margherita; Pantano, Eleonora; Cheah, Jun‐Hwa; Tarba, Shlomo Y.; Xia, Senmao",forward,openalex,doi:10.1007/s11747-020-00749-9,0
doi:10.1111/ijcs.12956,1419,0.000000,Virtual influencers as an emerging marketing theory: A systematic literature review,2023,10.1111/ijcs.12956,International Journal of Consumer Studies,review,"Łaszkiewicz, Anna; Kalińska-Kula, Magdalena",forward,openalex,doi:10.1177/0008125619859317,0
doi:10.1111/ijcs.13008,1420,0.000000,Phygital luxury experiences. A correspondence analysis on retail technologies,2024,10.1111/ijcs.13008,International Journal of Consumer Studies,article,"Guzzetti, Alice; Crespi, Roberta; Belvedere, Valeria",backward|forward,crossref|openalex,doi:10.1007/978-3-319-68750-6_18|doi:10.1016/j.techfore.2023.122342|doi:10.1155/hbe2/6675139,0
doi:10.1111/ijcs.13027,1421,0.000000,Impact of artificial intelligence on customer engagement and advertising engagement: A review and future research agenda,2024,10.1111/ijcs.13027,International Journal of Consumer Studies,article,"Suraña‐Sánchez, Clara; Aramendia-Muneta, María Elena",forward,openalex,doi:10.1007/s11747-019-00696-0|doi:10.1016/j.indmarman.2020.07.022|doi:10.1080/00913367.2019.1654421|doi:10.1108/ijrdm-08-2020-0312|doi:10.1108/wjemsd-08-2020-0099|doi:10.1177/0008125619859317|doi:10.1177/18393349211037684,0
doi:10.1111/ijcs.70002,1422,0.000000,8‐T Framework for Artificial Intelligence‐Driven Branding: A Strategic Typology,2024,10.1111/ijcs.70002,International Journal of Consumer Studies,article,"Deryl, Maria DSouza; Verma, Sanjeev; Srivastava, Vartika",forward,openalex,doi:10.1007/s11747-019-00696-0|doi:10.1007/s11747-020-00749-9|doi:10.1016/j.bushor.2019.12.002|doi:10.1016/j.techsoc.2020.101425|doi:10.1080/0965254x.2022.2148269|doi:10.1108/wjemsd-08-2020-0099,0
doi:10.1111/ijcs.70045,1423,0.000000,Toward <scp>D2A</scp>: Enhancing Luxury Fashion With Seamless and Immersive Phygital Customer Experiences,2025,10.1111/ijcs.70045,International Journal of Consumer Studies,article,"Massi, Marta; Piancatelli, Chiara; Vocino, Andrea; Rojas‐Méndez, José I.",forward,openalex,doi:10.1016/j.techfore.2023.122342,0
doi:10.1111/ijcs.70136,1424,0.000000,Rethinking the Customer Journey: Impact of <scp>AI</scp> for Consumers and Businesses—A Systematic Literature Review and Research Agenda,2025,10.1111/ijcs.70136,International Journal of Consumer Studies,review,"Gouveia, Jorge; Santos, Susana",forward,openalex,doi:10.1016/j.bushor.2019.12.002,0
doi:10.1111/ijcs.70170,1425,0.000000,Artificial Intelligence in Brand Communication: A Comprehensive Literature Review and Research Outlook,2026,10.1111/ijcs.70170,International Journal of Consumer Studies,article,"Vyas, Yashti; Vishwakarma, Pankaj",forward,openalex,doi:10.1007/s11747-019-00696-0|doi:10.1007/s11747-020-00749-9|doi:10.1177/0008125619859317,0
doi:10.1111/ijcs.70173,1426,0.000000,Artificial Intelligence and Consumer Behaviour in Social Media: Systematic Literature Review and Future Research Agenda,2026,10.1111/ijcs.70173,International Journal of Consumer Studies,review,"Morales‐Muñoz, Andrea; Iniesta‐Bonillo, Mª. Ángeles; Estrella‐Ramón, Antonia; Herrada‐Lores, Sara",forward,openalex,doi:10.1016/j.compeleceng.2020.106723,0
doi:10.1111/joss.70102,1427,0.000000,Empowering Gen Z With <scp>AI</scp> : Embody <scp>ESG</scp> Values and Shaping the Future of Personalized Customer Experience,2026,10.1111/joss.70102,Journal of Sensory Studies,article,"Cao, Loc Tan; Tran, Loc Ba; Khuu, Quynh Thuy; Tran, Tuyen Thi Bich; Nguyen, Luan Trong",forward,openalex,doi:10.1177/0008125619859317,0
doi:10.1111/jpim.12741,1428,0.000000,"Marketing innovations and digital technologies: A systematic review, proposed framework, and future research agenda",2024,10.1111/jpim.12741,Journal of Product Innovation Management,review,"Athaide, Gerard A.; Jeon, Jaihyun; Raj, S. P.; Sivakumar, K.; Xiong, Guiyang",forward,openalex,doi:10.1007/s11747-019-00696-0|doi:10.1007/s11747-020-00749-9,0
doi:10.1117/12.3060820,1429,0.000000,Interaction optimization strategy of intelligent robots in social media marketing,2025,10.1117/12.3060820,,conference-paper,"Lan, Chengxia; Yang, Diansheng",forward,openalex,doi:10.1016/j.compeleceng.2020.106723,0
doi:10.1142/9789811269264_0038,1430,0.000000,Exploring consumers’ discernment ability of autogenerated advertisements,2023,10.1142/9789811269264_0038,,conference-paper,"Sahlin, Johannes; Sundell, Håkan; Mbiydzenyuy, Gideon; Alm, Håkan; Holgersson, Jesper; Suhonen, Christoffer; Hjelm, Tommy",forward,openalex,doi:10.1007/s11747-019-00696-0,0
doi:10.1142/9789813275478_0004,1431,0.000000,MARKETING 4.0: MOVING FROM TRADITIONAL TO DIGITAL,2019,10.1142/9789813275478_0004,WORLD SCIENTIFIC eBooks,book-chapter,"KARTAJAYA, HERMAWAN; KOTLER, PHILIP; HOOI, DEN HUAN",backward,openalex,doi:10.58830/ozgur.pub610.c2595,0
doi:10.1142/s0219622024500081,1432,0.000000,Evaluating the Critical Success Factors of Marketing Automation Through Cross-Case Analysis and DEMATEL,2024,10.1142/s0219622024500081,International Journal of Information Technology & Decision Making,article,"Mathur, Akshay; Singh, Saumya",forward,openalex,doi:10.1007/s12599-015-0370-8|doi:10.1016/j.indmarman.2019.12.008|doi:10.1057/dddmp.2015.29|doi:10.1080/1051712x.2021.1920702,0
doi:10.1142/s0219622025500981,1433,0.000000,Assessing Challenges and Opportunities of Marketing Automation in B2B Firms: An Integrated Approach,2025,10.1142/s0219622025500981,International Journal of Information Technology & Decision Making,article,"Mathur, Akshay; Singh, Saumya",forward,openalex,doi:10.1007/s12599-015-0370-8|doi:10.1016/j.bushor.2019.12.002|doi:10.1016/j.indmarman.2019.12.008|doi:10.1057/dddmp.2015.29|doi:10.1080/1051712x.2021.1920702,0
doi:10.1145/2783258.2783276,1434,0.000000,Predicting Winning Price in Real Time Bidding with Censored Data,2015,10.1145/2783258.2783276,,conference-paper,"Wu, Wush; Yeh, Mi-Yen; Chen⋆, Ming-Syan",backward,openalex,doi:10.5220/0007395502560265,0
doi:10.1145/2783258.2788582,1435,0.000000,Click-through Prediction for Advertising in Twitter Timeline,2015,10.1145/2783258.2788582,,conference-paper,"Li, Cheng; Lu, Yue; Mei, Qiaozhu; Wang, Dong; Pandey, Sandeep",backward,crossref|openalex,doi:10.1007/978-3-030-12453-3_143,0
doi:10.1145/3018661.3018702,1436,0.000000,Real-Time Bidding by Reinforcement Learning in Display Advertising,2017,10.1145/3018661.3018702,,conference-paper,"Cai, Han; Ren, Kan; Zhang, Weinan; Malialis, Kleanthis; Wang, Jun; Yu, Yong; Guo, Defeng",backward,crossref|openalex,doi:10.1109/cifer.2019.8759106,0
doi:10.1145/3209978.3210002,1437,0.000000,Conversational Recommender System,2018,10.1145/3209978.3210002,,conference-paper,"Sun, Yueming; Zhang, Yi",backward,crossref|openalex,doi:10.1080/00913367.2020.1795954,0
doi:10.1145/3240508.3241387,1438,0.000000,SoMin.ai,2018,10.1145/3240508.3241387,,conference-paper,"Farseev, Aleksandr; Lepikhin, Kirill; Schwartz, Hendrik; Ang, Eu Khoon; Powar, Kenny",backward,openalex,doi:10.58830/ozgur.pub610.c2592|doi:10.58830/ozgur.pub610.c2595,0
doi:10.1145/3269206.3272021,1439,0.000000,Real-Time Bidding with Multi-Agent Reinforcement Learning in Display Advertising,2018,10.1145/3269206.3272021,,conference-paper,"Jin, Junqi; Song, Chengru; Li, Han; Gai, Kun; Wang, Jun; Zhang, Weinan",backward,crossref|openalex,doi:10.1109/cifer.2019.8759106,0
doi:10.1145/3313831.3376415,1440,0.000000,Taking Data Out of Context to Hyper-Personalize Ads,2020,10.1145/3313831.3376415,,conference-paper,"Hanson, Julia; Wei, Miranda; Veys, Sophie; Kugler, Matthew B.; Strahilevitz, Lior; Ur, Blase",backward,crossref|openalex,doi:10.3390/jtaer21060179,0
doi:10.1145/3336191.3371882,1441,0.000000,ConvERSe'20: The WSDM 2020 Workshop on Conversational Systems for E-Commerce Recommendations and Search,2020,10.1145/3336191.3371882,,conference-paper,"Agichtein, Eugene; Hakkani‐Tür, Dilek; Kallumadi, Surya; Malmasi, Shervin",backward,crossref|openalex,doi:10.1108/ijrdm-08-2020-0312,0
doi:10.1145/3383845.3383865,1442,0.000000,Enhancing the effectiveness of mobile in-app programmatic advertising using publishers-controlled factors,2020,10.1145/3383845.3383865,,conference-paper,"Truong, Vinh; Nkhoma, Mathews; Pansuwong, Wanniwat",backward,crossref|openalex,doi:10.25139/jsk.v5i3.3077,0
doi:10.1145/3411764.3445117,1443,0.000000,Vinci: An Intelligent Graphic Design System for Generating Advertising Posters,2021,10.1145/3411764.3445117,,conference-paper,"Guo, Shunan; Jin, Zhuochen; Sun, Fuling; Li, Jingwen; Li, Zhaorui; Shi, Yang; Cao, Nan",forward,openalex,doi:10.1080/00913367.2019.1654421,0
doi:10.1145/3458026.3462149,1444,0.000000,"Information System-Marketing Manager Dyad Presence in Top Management Teams: A Study on Demographic Diversity, Power Disparity and Organizational Performance",2021,10.1145/3458026.3462149,,conference-paper,"Setor, Tenace Kwaku",forward,openalex,doi:10.1177/0008125619859317,0
doi:10.1145/3459637.3482073,1445,0.000000,Cformer,2021,10.1145/3459637.3482073,,conference-paper,"Hatefi, Arezoo; Vu, Xuan-Son; Bhuyan, Monowar; Drewes, Frank",forward,openalex,doi:10.1016/j.chb.2020.106657,0
doi:10.1145/3464385.3464695,1446,0.000000,The AI Style Experience: design and formative evaluation of a novel phygital technology for the retail environment,2021,10.1145/3464385.3464695,,conference-paper,"Ferrell, David Harrison Ii Harrison; Grando, Giorgio; Zancanaro, Massimo",forward,openalex,doi:10.1007/978-3-319-68750-6_18|doi:10.1007/s11747-019-00696-0,0
doi:10.1145/3545801.3545813,1447,0.000000,Future of Artificial Intelligence and Machine Learning in Marketing 4.0,2022,10.1145/3545801.3545813,,conference-paper,"Sundararajan, R.; Menon, Preetha; Jayakrishnan, Balaji",forward,openalex,doi:10.1007/s11747-019-00696-0,0
doi:10.1145/3549737.3549756,1448,0.000000,"Data Analysis in Digital Marketing using Machine learning and Artificial Intelligence Techniques, Ethical and Legal Dimensions, State of the Art.",2022,10.1145/3549737.3549756,,conference-paper,"Kaponis, Alexios; Μaragoudakis, Manolis",forward,openalex,doi:10.1007/978-3-030-72080-3_20,0
doi:10.1145/3584202.3584220,1449,0.000000,A systematic mapping study of using artificial intelligence and data analysis in digital marketing: Revealing the state of the art,2022,10.1145/3584202.3584220,,conference-paper,"Alimkhodjaeva, Nargiza",forward,openalex,doi:10.1016/j.jik.2020.08.001,0
doi:10.1145/3678726.3678735,1450,0.000000,An Exploratory Study of Artificial Intelligence-Generated Content (AIGC) and Brand Design,2024,10.1145/3678726.3678735,,conference-paper,"Wu, Chih‐Hung; Chou, Mei-Tzu",forward,openalex,doi:10.1007/s11747-020-00749-9,0
doi:10.1145/3695080.3695115,1451,0.000000,Digital Marketing Research trends: A bibliometric analysis from 2019 to 2024,2024,10.1145/3695080.3695115,,conference-paper,"Chu, Wenting",forward,openalex,doi:10.1016/j.techsoc.2020.101425,0
doi:10.1145/3695652.3695688,1452,0.000000,Research on the Influence of Short Video AI Personalized Recommendation on Consumers’ Impulsive Buying Behavior—Moderating Effects Based on Algorithmic Attitudes,2024,10.1145/3695652.3695688,,conference-paper,"Liang, Qingyu; Liu, Jintong",forward,openalex,doi:10.1007/s11747-019-00696-0,0
doi:10.1145/3708036.3708155,1453,0.000000,The Application of Artificial Intelligence in Marketing: A Comprehensive Review and Future Research Directions,2024,10.1145/3708036.3708155,,conference-paper,"Wang, Qin; Song, Jiaman",forward,openalex,doi:10.1007/s11747-019-00696-0,0
doi:10.1145/3711954.3711962,1454,0.000000,Technological Model Based on Artificial Intelligence (AI) for the Improvement and Optimization of Customer Service Experience through GPT,2024,10.1145/3711954.3711962,,conference-paper,"Vasquez, Mayly Chesca Orellana; Sánchez, Luís Felipe Ragel; Fernández, Alberto Alonso; Parejas, Rubén Ángel Ruiz",forward,openalex,doi:10.1007/s11747-019-00696-0,0
doi:10.1145/3719487.3719525,1455,0.000000,The Impact of AI in Retail Industry on Consumer Behavior,2024,10.1145/3719487.3719525,,conference-paper,"Weng, Ting-Sheng; Yang, Jie-Han TING",forward,openalex,doi:10.1007/s11747-019-00696-0,0
doi:10.1145/3726122.3726147,1456,0.000000,Artificial Intelligence in Marketing Communication and Customer Satisfaction,2024,10.1145/3726122.3726147,,conference-paper,"Alimkhodjaeva, Nargiza; Minarova, Murshida; Nabiev, Elshod; Aytieva, Sevara",forward,openalex,doi:10.1007/s11747-019-00696-0,0
doi:10.1145/3745133.3745139,1457,0.000000,Construction of E-commerce Personalized Marketing Model under the Framework of Big Data Technology,2025,10.1145/3745133.3745139,,conference-paper,"Zhao, Benyu; Hu, Yan",forward,openalex,doi:10.52970/grmilf.v3i1.398,0
doi:10.1145/3745238.3745413,1458,0.000000,Application of Artificial Intelligence and Data-Driven Smart Marketing in the Industrialization of Intangible Cultural Heritage Cuisine: A Case Study of Chaoshan Cuisine,2025,10.1145/3745238.3745413,,conference-paper,"He, Jing Jing; Liang, Naifeng",forward,openalex,doi:10.1007/s11747-020-00749-9,0
doi:10.1145/3760557.3760580,1459,0.000000,AI Applications in Brand Management: Building Sustainable and Socially Responsible Digital Marketing Strategies,2025,10.1145/3760557.3760580,,conference-paper,"Nguyen, Luan Trong; Nguyen, Giang Thi Tien; Vu, Uyen; Luu, Tran Tam",forward,openalex,doi:10.1007/s11747-019-00696-0,0
doi:10.1145/3785706.3785909,1460,0.000000,Integrating Algorithmic Precision and Emotive AI Design: Two Pathways to Consumer Behavior and Brand Loyalty in Automotive Marketing,2025,10.1145/3785706.3785909,,conference-paper,"Zhang, Lina; Liu, Weikai",forward,openalex,doi:10.1007/s11747-019-00696-0,0
doi:10.1145/3789037.3789039,1461,0.000000,Beyond Adoption: Understanding Consumer Continuance Intention in AI-Based Personalization,2025,10.1145/3789037.3789039,,conference-paper,"Nofianti, Siska Krisdiana",forward,openalex,doi:10.1007/s11747-019-00696-0,0
doi:10.1145/3795154.3795398,1462,0.000000,Multimodal Data-Driven Precision Marketing for Intangible Cultural Heritage (ICH) Cultural-Creative Products,2025,10.1145/3795154.3795398,,conference-paper,"Wei, Weihua; Wang, Qinghua",forward,openalex,doi:10.1007/s11747-020-00749-9,0
doi:10.1145/3795926.3795994,1463,0.000000,Commerce Ad Placement Strategy Optimization Based on Reinforcement Learning and Graph Neural Networks,2025,10.1145/3795926.3795994,,conference-paper,"Ding, Siqi; Wang, Jinliang",forward,openalex,doi:10.4018/979-8-3693-7041-4.ch006,0
doi:10.1145/3805712.3809984,1464,0.000000,Who Is Shopping With You? How Persona Design Shapes Cognitive and Social Engagement in AI Shopping Agents,2026,10.1145/3805712.3809984,,conference-paper,"Song, Hyungwoo; Kim, Kyusik; Jeon, Hyeonseok; Shin, Minjeong; Suh, Bongwon",forward,openalex,doi:10.1108/ijrdm-08-2020-0312,0
doi:10.1155/2022/6469054,1465,0.000000,Application of Decision Tree‐Based Classification Algorithm on Content Marketing,2022,10.1155/2022/6469054,Journal of Mathematics,article,"Liu, Yi; Yang, Shuo",forward,openalex,doi:10.1007/s12599-015-0370-8,0
doi:10.1155/2022/6751413,1466,0.000000,Research on Precision Marketing Strategy and Personalized Recommendation Method Based on Big Data Drive,2022,10.1155/2022/6751413,Wireless Communications and Mobile Computing,article,"Gu, Jinjiang",backward,openalex,doi:10.58830/ozgur.pub610.c2592|doi:10.58830/ozgur.pub610.c2595,0
doi:10.1155/2022/8294891,1467,0.000000,Accurate Digital Marketing Communication Based on Intelligent Data Analysis,2022,10.1155/2022/8294891,Scientific Programming,article,"Li, ZhuoJun",backward,openalex,doi:10.58830/ozgur.pub610.c2592|doi:10.58830/ozgur.pub610.c2595,0
doi:10.1155/2023/8859989,1468,0.000000,Modeling Nonusers’ Behavioral Intention towards Mobile Chatbot Adoption: An Extension of the UTAUT2 Model with Mobile Service Quality Determinants,2023,10.1155/2023/8859989,Human Behavior and Emerging Technologies,article,"Paraskevi, Gatzioufa; Saprikis, Vaggelis; Avlogiaris, Giorgos",forward,openalex,doi:10.1177/0008125619859317,0
doi:10.1155/hbe2/6675139,1469,0.000000,Balancing Human Interaction and System Digitization in the Phygital Ecosystem: A Metasynthesis Study,2026,10.1155/hbe2/6675139,Human Behavior and Emerging Technologies,article,"Bakhnoo, Mohammad; Rostamzadeh, Reza; Sangar, Amin Babazadeh; Sarhangi, Kamran",forward,openalex,doi:10.3390/joitmc7020114,0
doi:10.11591/ijai.v10.i4.pp810-817,1470,0.000000,Enhancing digital marketing performance through usage intention of AI-powered websites,2021,10.11591/ijai.v10.i4.pp810-817,IAES International Journal of Artificial Intelligence,article,"Suleiman, Dawud Adaviruku; Awan, Tahir Mumtaz; Javed, Maria",forward,openalex,doi:10.1007/978-3-030-12453-3_151|doi:10.1007/s11747-019-00696-0,0
doi:10.11591/ijai.v13.i1.pp639-647,1471,0.000000,Potentials of artificial intelligence in digital marketing and financial technology for small and medium enterprises,2023,10.11591/ijai.v13.i1.pp639-647,IAES International Journal of Artificial Intelligence,article,"Enshassi, Mohammed; Nathan, Robert Jeyakumar; Soekmawati, Soekmawati; Al‐mulali, Usama; Ismail, Hishamuddin",forward,openalex,doi:10.1007/978-3-030-12453-3_143|doi:10.1007/978-3-030-12453-3_151|doi:10.1016/j.bushor.2019.12.002,0
doi:10.11591/ijece.v14i4.pp4655-4663,1472,0.000000,"Email subjects generation with large language models: GPT-3.5, PaLM 2, and BERT",2024,10.11591/ijece.v14i4.pp4655-4663,International Journal of Power Electronics and Drive Systems/International Journal of Electrical and Computer Engineering,article,"Loukili, Soumaya; Fennan, Abdelhadi; Elaachak, Lotfi",forward,openalex,doi:10.1177/18393349211037684,0
doi:10.11648/j.ajcst.20240704.13,1473,0.000000,Navigating the Digital Marketing Field: The Role of AI and Emotional Storytelling in Consumer Engagement,2024,10.11648/j.ajcst.20240704.13,American Journal of Computer Science and Technology,article,"Manoharan, Jayakumar",forward,openalex,doi:10.1016/j.bushor.2019.12.002,0
doi:10.1177/0008125619859317,1474,0.000000,Understanding the Role of Artificial Intelligence in Personalized Engagement Marketing,2019,10.1177/0008125619859317,California Management Review,article,"Kumar, Vikas; Rajan, Bharath; Venkatesan, Rajkumar; Lecinski, Jim",backward,crossref|openalex,doi:10.1007/978-3-030-72080-3_20|doi:10.1007/s11747-020-00749-9|doi:10.1016/j.ausmj.2020.04.002|doi:10.1080/00913367.2019.1654421|doi:10.1080/10696679.2023.2166535|doi:10.1108/ijrdm-08-2020-0312|doi:10.1109/gcitc60406.2023.10425868,0
doi:10.1177/0008125620931857,1475,0.000000,Mastering the Digital Transformation of Sales,2020,10.1177/0008125620931857,California Management Review,article,"Guenzi, Paolo; Habel, Johannes",backward,crossref|openalex,doi:10.1016/j.techsoc.2020.101425,0
doi:10.1177/00194662261428166,1476,0.000000,Organisational Roles and AI Adoption in Brand Communication,2026,10.1177/00194662261428166,The Indian Economic Journal,article,"Thakur, Bhole Nath; Saravanan, D.",forward,openalex,doi:10.1007/s11747-019-00696-0|doi:10.1007/s11747-020-00749-9,0
doi:10.1177/0022242920953847,1477,0.000000,Consumers and Artificial Intelligence: An Experiential Perspective,2020,10.1177/0022242920953847,Journal of Marketing,article,"Puntoni, Stefano; Reczek, Rebecca Walker; Giesler, Markus; Botti, Simona",backward|forward,crossref|openalex,doi:10.1080/00913367.2022.2111728|doi:10.1177/0008125619859317,0
doi:10.1177/0022242920968810,1478,0.000000,Informational Challenges in Omnichannel Marketing: Remedies and Future Research,2020,10.1177/0022242920968810,Journal of Marketing,article,"Cui, Tony Haitao; Ghose, Anindya; Hałaburda, Hanna; Iyengar, Raghuram; Pauwels, Koen; Sriram, S.; Tucker, Catherine E.; Venkataraman, Sriraman",backward,openalex,doi:10.58830/ozgur.pub610.c2592|doi:10.58830/ozgur.pub610.c2595,0
doi:10.1177/00222429211045687,1479,0.000000,Blame the Bot: Anthropomorphism and Anger in Customer–Chatbot Interactions,2021,10.1177/00222429211045687,Journal of Marketing,article,"Crolic, Cammy; Thomaz, Felipe; Hadi, Rhonda; Stephen, Andrew T.",backward,crossref|openalex,doi:10.1080/00913367.2022.2111728,0
doi:10.1177/00222429211061636,1480,0.000000,The Rise of New Technologies in Marketing: A Framework and Outlook,2021,10.1177/00222429211061636,Journal of Marketing,article,"Hoffman, Donna L.; Moreau, C.; Stremersch, Stefan; Wedel, Michel",backward,crossref|openalex,doi:10.1080/10696679.2023.2166535,0
doi:10.1177/00222429211066972,1481,0.000000,Bad News? Send an AI. Good News? Send a Human,2021,10.1177/00222429211066972,Journal of Marketing,article,"Garvey, Aaron; Kim, TaeWoo; Duhachek, Adam",forward,openalex,doi:10.1007/s11747-019-00696-0,0
doi:10.1177/0022242921996646,1482,0.000000,An Emerging Theory of Avatar Marketing,2021,10.1177/0022242921996646,Journal of Marketing,article,"Miao, Fred; Kozlenkova, Irina V.; Wang, Haizhong; Xie, Tao; Palmatier, Robert W.",backward,crossref|openalex,doi:10.1080/23311975.2024.2427428,0
doi:10.1177/00222429231224748,1483,0.000000,The Caring Machine: Feeling AI for Customer Care,2023,10.1177/00222429231224748,Journal of Marketing,article,"Huang, Ming‐Hui; Rust, Roland T.",forward,openalex,doi:10.1007/s11747-020-00749-9,0
doi:10.1177/00222429251321417,1484,0.000000,Sales Pipeline Technology: Automated Lead Nurturing,2025,10.1177/00222429251321417,Journal of Marketing,article,"Habel, Johannes; Hartmann, Nathaniel N.; Wiseman, Phillip; Ahearne, Michael; Vaid, Shashank",forward,openalex,doi:10.1016/j.indmarman.2020.07.022,0
doi:10.1177/0022243720968547,1485,0.000000,A Near-Optimal Bidding Strategy for Real-Time Display Advertising Auctions,2020,10.1177/0022243720968547,Journal of Marketing Research,article,"Tunuguntla, Srinivas; Hoban, Paul R.",backward,crossref|openalex,doi:10.4018/979-8-3693-7041-4.ch006,0
doi:10.1177/00222437211070016,1486,0.000000,Thumbs Up or Down: Consumer Reactions to Decisions by Algorithms Versus Humans,2021,10.1177/00222437211070016,Journal of Marketing Research,article,"Yalcin, Gizem; Lim, Sarah; Puntoni, Stefano; Osselaer, Stijn M. J. van",forward,openalex,doi:10.1007/s11747-019-00696-0,0
doi:10.1177/00472875261441572,1487,0.000000,Artificial Intelligence or Human? How Advertising Creator Types Impact Tourists’ Preferences for Relaxing Versus Challenging Destination Activities,2026,10.1177/00472875261441572,Journal of Travel Research,article,"Yao, Yingzhu; Meng, Lu (Monroe); Kou, Sining; Han, Bing",forward,openalex,doi:10.1080/00913367.2019.1654421,0
doi:10.1177/0273475320925124,1488,0.000000,Do Technology-Based Sales Support Materials Make a Difference in Personal Selling? The Impact of Technology Usage by Gender in the Personal Selling Process,2020,10.1177/0273475320925124,Journal of Marketing Education,article,"Lee, Youngsu; Heinze, Timothy",forward,openalex,doi:10.1007/s11747-019-00696-0,0
doi:10.1177/02761467241254450,1489,0.000000,AI is Changing the World: For Better or for Worse?,2024,10.1177/02761467241254450,Journal of Macromarketing,article,"Grewal, Dhruv; Guha, Abhijit; Becker, Marc",forward,openalex,doi:10.1007/s11747-019-00696-0|doi:10.1007/s11747-020-00749-9,0
doi:10.1177/02761467241280364,1490,0.000000,Refocusing and Futuring Perspectives on AI in Marketing,2024,10.1177/02761467241280364,Journal of Macromarketing,article,"Hyman, Michael R.; Lukosius, Vaidas",forward,openalex,doi:10.1007/s11747-019-00696-0,0
doi:10.1177/02761467241285322,1491,0.000000,AI as a Convivial Tool,2024,10.1177/02761467241285322,Journal of Macromarketing,article,"Rindfleisch, Aric; Kim, Myoung; Lee, Erica Ji Hyun",forward,openalex,doi:10.1007/s11747-019-00696-0,0
doi:10.1177/02761467241285793,1492,0.000000,Building a Better World: The Role of AI Ethics and Social Responsibility,2024,10.1177/02761467241285793,Journal of Macromarketing,article,"Ferrell, O. C.; Ferrell, Linda",forward,openalex,doi:10.1007/s11747-019-00696-0|doi:10.1007/s11747-020-00749-9,0
doi:10.1177/02761467251411511,1493,0.000000,Conceptualizing a Business Model Typology of Phygital Customer Experience to Build and Manage Phygital Ecosystems,2026,10.1177/02761467251411511,Journal of Macromarketing,article,"Suh, Taewon",forward,openalex,doi:10.1007/978-3-319-68750-6_18|doi:10.1016/j.techfore.2023.122342,0
doi:10.1177/02761467261447188,1494,0.000000,The Emancipation Paradox: When AI-Enhanced Personalization Undermines Consumer Agency and What Socially Responsible Marketing Requires,2026,10.1177/02761467261447188,Journal of Macromarketing,article,"KARICHALIL, RUSHI ANANDAN; Kaul, Dimple",forward,openalex,doi:10.1007/s11747-019-00696-0,0
doi:10.1177/02761467261463135,1495,0.000000,The Trust-Power Paradox in Early Adoption of Generative AI: Toward Stakeholder Emancipation and Socially Responsible Marketing,2026,10.1177/02761467261463135,Journal of Macromarketing,article,"Guha, Mithila; Nusrat, Farhana",forward,openalex,doi:10.1007/s11747-019-00696-0,0
doi:10.1177/02761467261471796,1496,0.000000,Beyond the Knowledge Frontier: An Epistemological Framework for Marketing Strategy in the Age of Artificial Intelligence,2026,10.1177/02761467261471796,Journal of Macromarketing,article,"Anderson, Sidney",forward,openalex,doi:10.1007/s11747-019-00696-0|doi:10.1007/s11747-020-00749-9,0
doi:10.1177/07439156241297973,1497,0.000000,Experiential Narratives in Marketing: A Comparison of Generative AI and Human Content,2024,10.1177/07439156241297973,Journal of Public Policy & Marketing,article,"Wen, Yingting; Laporte, Sandra",forward,openalex,doi:10.1007/s11747-019-00696-0,0
doi:10.1177/07439156241309874,1498,0.000000,Generative AI in Marketing and Principles for Ethical Design and Deployment,2024,10.1177/07439156241309874,Journal of Public Policy & Marketing,article,"Hermann, Erik; Puntoni, Stefano",forward,openalex,doi:10.1007/s11747-020-00749-9,0
doi:10.1177/07439156251367762,1499,0.000000,Consumer Evaluations of Generative Artificial Intelligence Disclosures in Responses to Health Care Reviews,2025,10.1177/07439156251367762,Journal of Public Policy & Marketing,article,"Mousavi, Javad; Villanova, Daniel",forward,openalex,doi:10.1007/s11747-019-00696-0|doi:10.1007/s11747-020-00749-9,0
doi:10.1177/07673701241270105,1500,0.000000,De l’analyse à l’empathie et à la créativité : La révolution de l’IA dans la pratique et l’enseignement du marketing,2024,10.1177/07673701241270105,Recherche et Applications en Marketing (French Edition),article,"Pavone, Giulia; Meyer‐Waarden, Lars; Munzel, Andréas",forward,openalex,doi:10.1007/s11747-020-00749-9,0
doi:10.1177/08944393241258760,1501,0.000000,The Dark Sides of AI Advertising: The Integration of Cognitive Appraisal Theory and Information Quality Theory,2024,10.1177/08944393241258760,Social Science Computer Review,article,"Nguyen, Luan-Thanh; Dang, Tri-Quan; Đức, Đặng Thị Việt",forward,openalex,doi:10.1080/00913367.2019.1654421,0
doi:10.1177/09702385241277358,1502,0.000000,Artificial Intelligence in Digital Marketing: A Bibliometric Analysis and Future Research Directions,2024,10.1177/09702385241277358,Abhigyan,article,"Khandelwal, Yatika; Malhotra, S.K.; Sharma, Rattan; Sarin, Gaurav",forward,openalex,doi:10.1080/0965254x.2022.2148269,0
doi:10.1177/09702385261457699,1503,0.000000,From Automation to Co-creation: A Systematic Review of Generative and Predictive AI in Advertising and Its Implications in Education,2026,10.1177/09702385261457699,Abhigyan,review,"Sehgal, Sanjeewani; Gupta, Garima; Saini, Krish; Ojha, Tushita Narayan",forward,openalex,doi:10.1080/0965254x.2022.2148269,0
doi:10.1177/09711023241272308,1504,0.000000,Artificial Intelligence in Marketing: Two Decades Review,2024,10.1177/09711023241272308,NMIMS Management Review,article,"Jain, Richali; Kumar, Ajay",forward,openalex,doi:10.1007/s11747-020-00749-9|doi:10.1177/0008125619859317,0
doi:10.1177/09711023261427972,1505,0.000000,AI-Driven Decision-Making in Programmatic Advertising (PA) for Sustainable Digital Marketing,2026,10.1177/09711023261427972,NMIMS Management Review,article,"Gündüzyeli, Bora",backward|forward,crossref|openalex,doi:10.1007/s11747-019-00696-0|doi:10.1016/j.chb.2020.106657|doi:10.3390/jtaer21060179,0
doi:10.1177/09721509231197721,1506,0.000000,Impulse Purchase Intention in an AI-mediated Retail Environment: Extending the TAM with Attitudes Towards Technology and Innovativeness,2023,10.1177/09721509231197721,Global Business Review,article,"Arachchi, H.A. Dimuthu Maduranga; Samarasinghe, Gameela",forward,openalex,doi:10.1007/s11747-019-00696-0,0
doi:10.1177/09721509241251400,1507,0.000000,Contrasting the Efficacy of the Type of Influencer to the Type of Product: The Mediating Effect of Perceived Authenticity,2024,10.1177/09721509241251400,Global Business Review,article,"Abdelsattar, Wesam Osman; Shamma, Hamed M.; Amr, Mariam",forward,openalex,doi:10.1016/j.bushor.2019.12.002,0
doi:10.1177/09721509251414773,1508,0.000000,Agentic AI in Branding: Driving Hyper-personalization and Real-time Adaptation,2026,10.1177/09721509251414773,Global Business Review,article,"Puri, Sandeep; Pradhan, Jaideep A.; Bernabe, Bernadette G.; Ray, Arnab K.",forward,openalex,doi:10.1007/s11747-019-00696-0|doi:10.1007/s11747-020-00749-9,0
doi:10.1177/09722629221149854,1509,0.000000,Automation and AI-Enabled Customer Journey: A Bibliometric Analysis,2023,10.1177/09722629221149854,Vision The Journal of Business Perspective,article,"Rana, Jyoti; Jain, Ruchi; Santosh, KC",forward,openalex,doi:10.1108/ijrdm-08-2020-0312,0
doi:10.1177/09722629241278149,1510,0.000000,Three Decades of Digital Advertising: What the Bibliometrics Say and How AI Came into Play,2024,10.1177/09722629241278149,Vision The Journal of Business Perspective,article,"Kumar, Abhishek; Pandey, Mrinalini; Shreyaskar, Pankaj K. P.",forward,openalex,doi:10.1007/s11747-019-00696-0|doi:10.1007/s11747-020-00749-9|doi:10.1016/j.chb.2020.106657|doi:10.1080/00913367.2019.1654421|doi:10.1080/00913367.2022.2111728|doi:10.1080/0965254x.2022.2148269,0
doi:10.1177/09722629241291731,1511,0.000000,Generative Adversarial Networks in Fashion Retailing and Customer Purchase Intention: An Extension of Theory of Consumption Value,2024,10.1177/09722629241291731,Vision The Journal of Business Perspective,article,"Das, Priyo; Das, Surjyasikha",forward,openalex,doi:10.1016/j.ausmj.2020.04.002,0
doi:10.1177/09722629241313004,1512,0.000000,The Bottom Line of Personalization: Unravelling the Power of Algorithms and Segmentation Through a Systematic Review,2025,10.1177/09722629241313004,Vision The Journal of Business Perspective,review,"Shrivastava, Rachit; Dubey, Sujit Kumar",forward,openalex,doi:10.1007/s11747-020-00749-9,0
doi:10.1177/09722629251340483,1513,0.000000,From Customer Relationships to AI Companionships: Transforming Marketing with Feeling AI,2025,10.1177/09722629251340483,Vision The Journal of Business Perspective,article,"Chaturvedi, Rijul; Verma, Sanjeev; Srivastava, Vartika",forward,openalex,doi:10.1007/s11747-020-00749-9,0
doi:10.1177/09732586261463341,1514,0.000000,"AI-mediated Storytelling, Authenticity, Engagement and Destination Evangelism: Challenges and Opportunities for Destination Marketing",2026,10.1177/09732586261463341,Journal of Creative Communications,article,"Soliman, Mohammad; Behboodi, Zahra; Al-Ghafri, Naayama; Shishan, Farah",forward,openalex,doi:10.1007/s11747-020-00749-9,0
doi:10.1177/10591478261458079,1515,0.000000,Governed agentic AI for retail baskets: A consumer world model with inventory-aware actions,2026,10.1177/10591478261458079,Production and Operations Management,article,"Liu, Xiexin; Chen, Xinwei",forward,openalex,doi:10.1007/s11747-020-00749-9,0
doi:10.1177/10776990251328625,1516,0.000000,"Enhancing Credibility in Programmatic Advertising: A Conceptual Model of Transparency, Optimality, and Safety Surveillance",2025,10.1177/10776990251328625,Journalism & Mass Communication Quarterly,article,"Park, Dae-Yun",forward,openalex,doi:10.1016/j.chb.2020.106657|doi:10.1016/j.techfore.2019.03.020|doi:10.1080/00913367.2019.1654421|doi:10.3145/epi.2017.mar.06,0
doi:10.1177/1094670520902266,1517,0.000000,Engaged to a Robot? The Role of AI in Service,2020,10.1177/1094670520902266,Journal of Service Research,article,"Huang, Ming‐Hui; Rust, Roland T.",backward,crossref|openalex,doi:10.1007/s11747-020-00749-9|doi:10.1016/j.ausmj.2020.04.002|doi:10.1108/ijrdm-08-2020-0312|doi:10.58830/ozgur.pub610.c2592,0
doi:10.1177/1094670520964872,1518,0.000000,Avatar Design of Virtual Salespeople: Mitigation of Recommendation Conflicts,2020,10.1177/1094670520964872,Journal of Service Research,article,"Lin, Yu‐Ting; Doong, Her‐Sen; Eisingerich, Andreas B.",backward,crossref|openalex,doi:10.1080/23311975.2024.2427428,0
doi:10.1177/10946705231188676,1519,0.000000,Personalized Communication as a Platform for Service Inclusion? Initial Insights Into Interpersonal and AI-Based Personalization for Stigmatized Consumers,2023,10.1177/10946705231188676,Journal of Service Research,article,"Mende, Martin; Scott, Maura L.; Ubal, Valentina Ortiz; Hassler, Corinne M.K.; Harmeling, Colleen M.; Palmatier, Robert W.",backward,crossref|openalex,doi:10.1080/23311975.2024.2427428|doi:10.1109/iccraids67816.2026.11519734,0
doi:10.1177/10946705241287882,1520,0.000000,From Premium to Mass: How Service Robots Shift Brand Premiumness,2024,10.1177/10946705241287882,Journal of Service Research,article,"Hoang, Chi; Liu, Xiaoyan; Ng, Sharon",forward,openalex,doi:10.1007/s11747-020-00749-9,0
doi:10.1177/10946705261433842,1521,0.000000,Shopper AI: Integrating Capabilities and Parasocial Skills,2026,10.1177/10946705261433842,Journal of Service Research,article,"Kennedy, Kathleen; He, Hongwei; Sarantopoulos, Panagiotis",forward,openalex,doi:10.1007/s11747-020-00749-9,0
doi:10.1177/10949968221134492,1522,0.000000,"Rage Against the Machine: Experimental Insights into Customers’ Negative Emotional Responses, Attributions of Responsibility, and Coping Strategies in Artificial Intelligence–Based Service Failures",2022,10.1177/10949968221134492,Journal of Interactive Marketing,article,"Pavone, Giulia; Meyer‐Waarden, Lars; Munzel, Andréas",forward,openalex,doi:10.1007/s11747-019-00696-0,0
doi:10.1177/10949968231200221,1523,0.000000,When Post Hoc Explanation Knocks: Consumer Responses to Explainable AI Recommendations,2023,10.1177/10949968231200221,Journal of Interactive Marketing,article,"Chen, Changdong; Tian, Allen Ding; Jiang, Ruochen",forward,openalex,doi:10.1007/s11747-019-00696-0,0
doi:10.1177/10949968231221472,1524,0.000000,Showing or Hiding? The Impact of Visibility of General Conditions of Use on Retargeted Ad Intrusiveness and Perceived Ethicality of Mobile Apps,2024,10.1177/10949968231221472,Journal of Interactive Marketing,article,"Toti, Jean-François; Steils, Nadia",forward,openalex,doi:10.3145/epi.2017.mar.06,0
doi:10.1177/10949968241265855,1525,0.000000,Unlocking Marketing Creativity Using Artificial Intelligence,2024,10.1177/10949968241265855,Journal of Interactive Marketing,article,"Pagani, Margherita; Wind, Yoram",forward,openalex,doi:10.1007/s11747-019-00696-0,0
doi:10.1177/10949968251322513,1526,0.000000,Human Is Gold: Why Premium Customers Hate Chatbots and What to Do About It,2025,10.1177/10949968251322513,Journal of Interactive Marketing,article,"Tatavarthy, Aruna Divya; Martuza, Jareef; Thorbjørnsen, Helge",forward,openalex,doi:10.1007/s11747-020-00749-9,0
doi:10.1177/10949968251408781,1527,0.000000,Marketing AI Superiority: Risks of Using the “Better-Than-Human” Framing,2025,10.1177/10949968251408781,Journal of Interactive Marketing,article,"Weihrauch, Andrea; Xie, Chunya",forward,openalex,doi:10.1007/s11747-019-00696-0|doi:10.1007/s11747-020-00749-9,0
doi:10.1177/10949968261423544,1528,0.000000,Theory of Machine: Lay Beliefs About Algorithmic Data Processing Drive Recommendation Acceptance,2026,10.1177/10949968261423544,Journal of Interactive Marketing,article,"Kozah, Alcheikh Edmond; Valenzuela, Ana",forward,openalex,doi:10.1007/s11747-019-00696-0,0
doi:10.1177/1329878x17738787,1529,0.000000,"Programming, filtering, adblocking: advertising and media automation",2017,10.1177/1329878x17738787,Media International Australia,article,"Thomas, Julian",backward,crossref|openalex,doi:10.1080/22041451.2019.1561398,0
doi:10.1177/14413582231167664,1530,0.000000,Exploring the Role of Omnichannel Retailing Technologies: Future Research Directions,2023,10.1177/14413582231167664,Australasian Marketing Journal (AMJ),article,"Thaichon, Park; Quach, Sara; Barari, Mojtaba; Nguyen, Mai",forward,openalex,doi:10.1007/s11747-019-00696-0,0
doi:10.1177/14413582241244504,1531,0.000000,"Using Artificial Intelligence (AI) to Implement Diversity, Equity and Inclusion (DEI) into Marketing Materials: The ‘CONSIDER’ Framework",2024,10.1177/14413582241244504,Australasian Marketing Journal (AMJ),article,"Esch, Patrick van; Cui, Yuanyuan; Heilgenberg, Kerstin",forward,openalex,doi:10.1016/j.ausmj.2020.04.002|doi:10.1177/18393349211037684,0
doi:10.1177/14413582251358859,1532,0.000000,Digital Twins: Enhancing Personalized Experience Through Multiple and Dynamic Persona Across Customer Phygital Journey,2025,10.1177/14413582251358859,Australasian Marketing Journal (AMJ),article,"Quach, Nguyen Duc Khang; Nguyen, Thanh Toan; Quach, Sara; Hien, Pham Thu; Weaven, Scott; Nguyen, Quoc Viet Hung; Nguyên, Thành Tâm; Thaichon, Park",forward,openalex,doi:10.1016/j.techfore.2023.122342,0
doi:10.1177/14413582261442608,1533,0.000000,Are Customers Ready for Intelligent Automation Service Without Humans? The Role of Customer Engagement and Emotional Intelligence,2026,10.1177/14413582261442608,Australasian Marketing Journal (AMJ),article,"Nguyen, Mai; Popkowski-Leszczyc, Peter",forward,openalex,doi:10.1007/s11747-020-00749-9|doi:10.1177/18393349211037684,0
doi:10.1177/1461444819846449,1534,0.000000,Automating the audience commodity: The unacknowledged ancestry of programmatic advertising,2019,10.1177/1461444819846449,New Media & Society,article,"McGuigan, Lee",backward,crossref|openalex,doi:10.1080/0965254x.2022.2148269|doi:10.25139/jsk.v5i3.3077,0
doi:10.1177/14705931231153194,1535,0.000000,Agencing the digitalised marketer: Exploring the boundary workers at the cross-road of (e)merging markets,2023,10.1177/14705931231153194,Marketing Theory,article,"Ryan, Annmarie; Stigzelius, Ingrid; Mejri, Olfa; Hopkinson, Gill; Hussien, Fairouz",backward,crossref|openalex,doi:10.4018/979-8-3693-3455-3.ch001,0
doi:10.1177/1470785318776841,1536,0.000000,"Hello marketing, what can artificial intelligence help you with?",2018,10.1177/1470785318776841,International Journal of Market Research,article,"Wirth, Norbert",backward,crossref|openalex,doi:10.1007/978-3-030-72080-3_20|doi:10.1108/ijrdm-08-2020-0312|doi:10.1177/18393349211037684,0
doi:10.1177/1470785319865129,1537,0.000000,The changing role of the marketing researcher in the age of digital technology: Practitioner perspectives on the digitization of marketing research,2019,10.1177/1470785319865129,International Journal of Market Research,article,"Cluley, Robert; Green, William; Owen, Richard",backward,crossref|openalex,doi:10.1016/j.techsoc.2020.101425,0
doi:10.1177/14707853211018428,1538,0.000000,Artificial intelligence in marketing: A systematic literature review,2021,10.1177/14707853211018428,International Journal of Market Research,review,"Chintalapati, Srikrishna; Pandey, Shivendra Kumar",backward|forward,openalex,doi:10.1007/978-3-030-12453-3_143|doi:10.1007/s11747-019-00696-0|doi:10.1007/s11747-020-00749-9|doi:10.1177/0008125619859317|doi:10.58830/ozgur.pub610.c2592|doi:10.58830/ozgur.pub610.c2595,0
doi:10.1177/14707853221101565,1539,0.000000,Using Natural Language Processing to Identify Effective Influencers,2022,10.1177/14707853221101565,International Journal of Market Research,article,"Fang, Xing; Wang, Tianfu",forward,openalex,doi:10.1080/00913367.2020.1795954,0
doi:10.1177/14707853251379285,1540,0.000000,Responsible AI in Marketing: AI Booing and AI Washing Cycle of AI Mistrust,2025,10.1177/14707853251379285,International Journal of Market Research,article,"Öztürkcan, Selcen; Bozdağ, Ayşe Aslı",forward,openalex,doi:10.1007/s11747-019-00696-0|doi:10.1016/j.indmarman.2020.07.022,0
doi:10.1177/14707853251383383,1541,0.000000,Integrating the Literature on AI Adoption: A Socio-Technical Framework,2025,10.1177/14707853251383383,International Journal of Market Research,article,"Desveaud, Kathleen; Bawack, Ransome Epie",forward,openalex,doi:10.1007/s11747-019-00696-0,0
doi:10.1177/18393349211037684,1542,0.000000,Artificial Intelligence (AI): Revolutionizing Digital Marketing,2021,10.1177/18393349211037684,Australasian Marketing Journal (AMJ),article,"Esch, Patrick van; Black, J. Stewart",backward|forward,crossref|openalex,doi:10.1007/s11747-020-00749-9|doi:10.1016/j.bushor.2019.12.002|doi:10.1109/gcitc60406.2023.10425868,0
doi:10.1177/18393349211044175,1543,0.000000,"Artificial Intelligence, Marketing, and the History of Technology: Kranzberg’s Laws as a Conceptual Lens",2021,10.1177/18393349211044175,Australasian Marketing Journal (AMJ),article,"Pitt, Christine; Paschen, Jeannette; Kietzmann, Jan; Pitt, Leyland; Pala, Erol",forward,openalex,doi:10.1007/s11747-019-00696-0|doi:10.1007/s11747-020-00749-9|doi:10.1016/j.ausmj.2020.04.002|doi:10.1016/j.bushor.2019.12.002,0
doi:10.1177/20438869231202712,1544,0.000000,"Augmented reality in modern marketing: The ultimate solution to engage the digitally overwhelmed, budget-conscious audience?",2023,10.1177/20438869231202712,Journal of Information Technology Teaching Cases,article,"Gopakumar, Sridevi; Dananjayan, Madhava Priya",backward,crossref|openalex,doi:10.4018/979-8-3693-3455-3.ch012,0
doi:10.1177/20515707241283311,1545,0.000000,From analytics to empathy and creativity: Charting the AI revolution in marketing practice and education,2024,10.1177/20515707241283311,Recherche et Applications en Marketing (English Edition),article,"Pavone, Giulia; Meyer‐Waarden, Lars; Munzel, Andréas",forward,openalex,doi:10.1007/s11747-020-00749-9,0
doi:10.1177/2053951720904112,1546,0.000000,Manipulate to empower: Hyper-relevance and the contradictions of marketing in the age of surveillance capitalism,2020,10.1177/2053951720904112,Big Data & Society,article,"Darmody, Aron; Zwick, Detlev",backward,crossref|openalex,doi:10.1080/00913367.2022.2111728,0
doi:10.1177/20563051211003066,1547,0.000000,"Influencer Management Tools: Algorithmic Cultures, Brand Safety, and Bias",2021,10.1177/20563051211003066,Social Media + Society,article,"Bishop, Sophie",backward,openalex,doi:10.5210/spir.v2023i0.13498,0
doi:10.1177/20594364241228880,1548,0.000000,Does ChatGPT change artificial intelligence-enabled marketing capability? Social media investigation of public sentiment and usage,2024,10.1177/20594364241228880,Global Media and China,article,"Ngo, Vu Minh",forward,openalex,doi:10.1177/18393349211037684,0
doi:10.1177/21582440211050394,1549,0.000000,The Role of Machine Learning in Digital Marketing,2021,10.1177/21582440211050394,SAGE Open,article,"Ullal, Mithun S.; Hawaldar, Iqbal Thonse; Soni, Rashmi; Nadeem, Mohammed",backward,openalex,doi:10.58830/ozgur.pub610.c2592|doi:10.58830/ozgur.pub610.c2595,0
doi:10.1177/21582440231210759,1550,0.000000,"Artificial Intelligence in Advertising: Advancements, Challenges, and Ethical Considerations in Targeting, Personalization, Content Creation, and Ad Optimization",2023,10.1177/21582440231210759,SAGE Open,article,"Gao, Biao; Wang, Yiming; Xie, Huiqin; Hu, Yi; Hu, Yi",forward,openalex,doi:10.1007/978-3-030-12453-3_151|doi:10.1007/s11747-020-00749-9|doi:10.1016/j.ausmj.2020.04.002|doi:10.1080/00913367.2019.1654421|doi:10.1177/0008125619859317|doi:10.1177/18393349211037684|doi:10.3389/fpsyg.2022.856663,0
doi:10.1177/21582440241300007,1551,0.000000,A Study on Information Search Behavior Using AI-Powered Engines: Evidence From Chatbots on Online Shopping Platforms,2024,10.1177/21582440241300007,SAGE Open,article,"Pham, Van Kien; Thi, Thuy Dung Pham; Duong, Nam Tien",forward,openalex,doi:10.1007/s11747-019-00696-0|doi:10.1016/j.bushor.2019.12.002|doi:10.1108/ijrdm-08-2020-0312|doi:10.1177/0008125619859317,0
doi:10.1177/21582440251403298,1552,0.000000,The Influence of Information Suggested by Voice Assistants on Online Purchase Intention: A Case Study,2025,10.1177/21582440251403298,SAGE Open,article,"Pham, Lenh Phan Cong; Nguyen, Luan Trong",forward,openalex,doi:10.1108/ijrdm-08-2020-0312,0
doi:10.1177/23197145241276898,1553,0.000000,Algorithms in Digital Marketing: Does Smart Personalization Promote a Privacy Paradox?,2024,10.1177/23197145241276898,FIIB Business Review,article,"Saura, José Ramón",forward,openalex,doi:10.1016/j.jik.2020.08.001,0
doi:10.1177/27523543241292096,1554,0.000000,Made with Artificial Intelligence: The Effect of Artificial Intelligence Disclosures in Instagram Advertisements on Consumer Attitudes,2024,10.1177/27523543241292096,Emerging Media,article,"Wortel, Caroline; Vanwesenbeeck, Ini; Tomas, Frédéric",forward,openalex,doi:10.1080/00913367.2019.1654421|doi:10.1080/00913367.2020.1795954,0
doi:10.1186/s40537-021-00466-2,1555,0.000000,Machine learning-based mathematical modelling for prediction of social media consumer behavior using big data analytics,2021,10.1186/s40537-021-00466-2,Journal Of Big Data,article,"Chaudhary, Kiran; Alam, Mansaf; Al‐Rakhami, Mabrook; Gumaei, Abdu",backward|forward,openalex,doi:10.1016/j.compeleceng.2020.106723|doi:10.58830/ozgur.pub610.c2592|doi:10.58830/ozgur.pub610.c2595,0
doi:10.1186/s43093-025-00476-z,1556,0.000000,The moderating role of personalized recommendations in the trust–satisfaction–loyalty relationship: an empirical study of AI-driven e-commerce,2025,10.1186/s43093-025-00476-z,Future Business Journal,article,"Hassan, Noha; Abdelraouf, Mohamed; El-Shihy, Dina",forward,openalex,doi:10.1108/ijrdm-08-2020-0312,0
doi:10.1186/s43093-025-00686-5,1557,0.000000,Machine learning-based research of AI marketing: topic analysis and model construction,2025,10.1186/s43093-025-00686-5,Future Business Journal,article,"Xie, Haofen; Nie, Yuankun; Liu, Li; Yang, Chen",forward,openalex,doi:10.1007/s11747-019-00696-0|doi:10.1007/s11747-020-00749-9|doi:10.1177/0008125619859317,0
doi:10.1186/s43093-026-00763-3,1558,0.000000,From AI-enabled service quality to digital immersion state: effects on the Awe Experience in fashion e-retail,2026,10.1186/s43093-026-00763-3,Future Business Journal,article,"Lopes, João M.; Massano-Cardoso, Ilda; Silva, F.S.",forward,openalex,doi:10.1108/ijrdm-08-2020-0312|doi:10.1177/0008125619859317,0
doi:10.1186/s43093-026-00910-w,1559,0.000000,"Virtual influencers in digital marketing: a PRISMA-based systematic literature review and thematic synthesis of engagement, trust, and ethical challenges",2026,10.1186/s43093-026-00910-w,Future Business Journal,review,"Hussain, Arshad; Narula, Anupam; Singh, Gaganjeet; Sinha, Mudita; Raj, Roop; Nandal, Naveen",forward,openalex,doi:10.1177/0008125619859317,0
doi:10.1186/s43093-026-00920-8,1560,0.000000,The role of artificial intelligence solutions in contemporary marketing shifts: Evidence and analysis from advanced digital environments,2026,10.1186/s43093-026-00920-8,Future Business Journal,article,"Mosa, Raafat Awad; Badrawi, Abdulridha Faraj",forward,openalex,doi:10.1007/s11747-020-00749-9,0
doi:10.1201/9781003189640-14,1561,0.000000,"Marketing Analytics Concept, Applications, Opportunities, and Challenges Ahead",2023,10.1201/9781003189640-14,,book-chapter,"Matharu, Manita",backward,crossref|openalex,doi:10.4018/979-8-3693-3455-3.ch012,0
doi:10.1201/9781003450443-4,1562,0.000000,Enhancing Customer Targeting in E-Commerce and Digital Marketing through AI-Driven Personalization Strategies,2024,10.1201/9781003450443-4,,book-chapter,"Bhardwaj, Suyash; Sharma, Nirmesh; Goel, Mausmi; Vandana, Vandana; Sharma, Kirti; Verma, Vineeta",backward,crossref|openalex,doi:10.1109/iccraids67816.2026.11519734,0
doi:10.1201/9781032720104-15,1563,0.000000,Boosting and Embracing Artificial Intelligence and Machine Learning for the Future of Digital Marketing,2024,10.1201/9781032720104-15,,book-chapter,"Vashishth, Tarun Kumar; Kumar, Vikas; Sharma, Kewal Krishan; Kumar, Bhupendra; Chaudhary, Sachin; Panwar, Rajneesh",backward|seed,crossref|openalex|seed,doi:10.1109/iccraids67816.2026.11519734,0
doi:10.12677/ecl.2024.1341258,1564,0.000000,Review and Prospect Research on Artificial Intelligence Marketing,2024,10.12677/ecl.2024.1341258,E-Commerce Letters,article,"丁, 正阳",forward,openalex,doi:10.1007/s11747-019-00696-0,0
doi:10.12677/ecl.2026.156669,1565,0.000000,The Impact of AI Live Streaming on E-Commerce Platforms and Optimization Strategies—Based on the Dual Perspectives of Technological Empowerment and Regulatory Governance,2026,10.12677/ecl.2026.156669,E-Commerce Letters,article,"赵, 莉",forward,openalex,doi:10.1007/s11747-020-00749-9,0
doi:10.12677/mom.2026.162006,1566,0.000000,The Impact of Homogenization Degree of AI-Generated Advertising on Consumer Advertising Weariness,2026,10.12677/mom.2026.162006,Modern Marketing,article,"周, 明",forward,openalex,doi:10.1016/j.ausmj.2020.04.002,0
doi:10.12688/f1000research.160010.1,1567,0.000000,Applications of Machine Learning (ML) in the context of marketing: a bibliometric approach,2025,10.12688/f1000research.160010.1,F1000Research,article,"Cardona-Acevedo, Sebastián; Agudelo-Ceballos, Erica; Arango-Botero, Diana; Valencia-Arías, Alejandro; Dávila, Juana Ramírez; García, Jesús Alberto Jiménez; Goycochea, Carlos Flores; Rojas, Ezequiel Martínez",forward,openalex,doi:10.1016/j.compeleceng.2020.106723,0
doi:10.12688/f1000research.160010.2,1568,0.000000,Applications of Machine Learning (ML) in the context of marketing: a bibliometric approach,2025,10.12688/f1000research.160010.2,F1000Research,article,"Cardona-Acevedo, Sebastián; Agudelo-Ceballos, Erica; Arango-Botero, Diana; Valencia-Arías, Alejandro; Dávila, Juana Ramírez; García, Jesús Alberto Jiménez; Goycochea, Carlos Flores; Rojas, Ezequiel Martínez",forward,openalex,doi:10.1016/j.compeleceng.2020.106723,0
doi:10.12695/ajtm.2023.16.2.5,1569,0.000000,Customer Intention to Use AI Technology on Beauty Industry,2023,10.12695/ajtm.2023.16.2.5,The Asian Journal of Technology Management (AJTM),article,"Jakarta, Prodi Perdagangan Internasional Wilayah ASEAN dan RRT, Politeknik APP; Pambudi, Yustikarani Julianti; JS, I Putu Wahyu Dwinata; Mahasaraswati, Fakultas Ekonomi dan Bisnis, Universitas",forward,openalex,doi:10.1007/s11747-020-00749-9,0
doi:10.12783/dtem/icaem2019/31107,1570,0.000000,Design of E-commerce Advertising System Based on Big Data,2019,10.12783/dtem/icaem2019/31107,DEStech Transactions on Economics Business and Management,article,"Liu, Jianghui; HE, Zhen-Peng; XIANG, Han-Dun; He, Yanqiong; Xie, Lisha; LUO, Jia-Li",backward,openalex,doi:10.58830/ozgur.pub610.c2592|doi:10.58830/ozgur.pub610.c2595,0
doi:10.12792/jmti.11.1.12,1571,0.000000,Leveraging AI Technologies in Retail in a Resilient Economy: Theory and Innovative Practices,2024,10.12792/jmti.11.1.12,Journal of Management and Training for Industries,article,"Natorina, Alona",forward,openalex,doi:10.1007/s11747-019-00696-0|doi:10.1007/s11747-020-00749-9,0
doi:10.1287/isre.2023.0103,1572,0.000000,Artificial Intelligence (AI) Assistant in Online Shopping: A Randomized Field Experiment on a Livestream Selling Platform,2025,10.1287/isre.2023.0103,Information Systems Research,article,"Wang, Lingli; Huang, Ni; He, Yumei; De, Liu; Guo, Xunhua; Sun, Yan; Chen, Guoqing",forward,openalex,doi:10.1177/0008125619859317,0
doi:10.1287/mksc.2015.0930,1573,0.000000,"Personalized Online Advertising Effectiveness: The Interplay of What, When, and Where",2015,10.1287/mksc.2015.0930,Marketing Science,article,"Bleier, Alexander; Eisenbeiß, Maik",backward,crossref|openalex,doi:10.1007/978-3-658-29995-8_5,0
doi:10.1287/mksc.2015.0956,1574,0.000000,Crumbs of the Cookie: User Profiling in Customer-Base Analysis and Behavioral Targeting,2016,10.1287/mksc.2015.0956,Marketing Science,article,"Trusov, Michael; Ma, Liye; Jamal, Zainab",backward,openalex,doi:10.5539/ijbm.v15n7p120,0
doi:10.1287/mksc.2017.1083,1575,0.000000,Real-Time Bidding in Online Display Advertising,2018,10.1287/mksc.2017.1083,Marketing Science,article,"Sayedi, Amin",backward,crossref|openalex,doi:10.1007/978-3-030-93131-5_5|doi:10.1109/cifer.2019.8759106,0
doi:10.1287/mksc.2019.1188,1576,0.000000,Frontiers: How Effective Is Third-Party Consumer Profiling? Evidence from Field Studies,2019,10.1287/mksc.2019.1188,Marketing Science,article,"Neumann, Nico; Tucker, Catherine E.; Whitfield, Timothy W.",backward,openalex,doi:10.1007/s11747-020-00749-9,0
doi:10.1287/mksc.2019.1192,1577,0.000000,Frontiers: Machines vs. Humans: The Impact of Artificial Intelligence Chatbot Disclosure on Customer Purchases,2019,10.1287/mksc.2019.1192,Marketing Science,article,"Luo, Xueming; Tong, Siliang; Fang, Zheng; Qu, Zhe",backward,crossref|openalex,doi:10.1007/s11747-019-00696-0|doi:10.1007/s11747-020-00749-9|doi:10.1108/ijrdm-08-2020-0312,0
doi:10.1287/mnsc.2019.3308,1578,0.000000,Targeting Prospective Customers: Robustness of Machine-Learning Methods to Typical Data Challenges,2019,10.1287/mnsc.2019.3308,Management Science,article,"Simester, Duncan; Timoshenko, Artem; Zoumpoulis, Spyros I.",backward,crossref|openalex,doi:10.1007/s11747-020-00749-9,0
doi:10.12962/j24068535.v18i2.a1007,1579,0.000000,REMARKETING MEDIA ALTERNATIVES BASED ON CUSTOMER PREFERENCES,2020,10.12962/j24068535.v18i2.a1007,JUTI Jurnal Ilmiah Teknologi Informasi,article,"Ahmadiyah, Adhatus Solichah; Aidah, Faridatul; Meutia, Navinda; Rahmadina, Denise; Lumbantobing, Daniel N.; Anggraini, Ratih",backward,openalex,doi:10.58830/ozgur.pub610.c2592|doi:10.58830/ozgur.pub610.c2595,0
doi:10.12982/cmujasr.2024.008,1580,0.000000,Consumer Involvement in Augmented Reality Applications in the Context of Phygital Marketing Communications,2024,10.12982/cmujasr.2024.008,ASR Chiang Mai University Journal of Social Sciences and Humanities,article,"Çakırkaya, Murat; Koçyiğit, Murat",backward|forward,crossref|openalex,doi:10.1007/978-3-319-68750-6_18|doi:10.1016/j.techfore.2023.122342|doi:10.1155/hbe2/6675139,0
doi:10.13052/jmm1550-4646.2125,1581,0.000000,AI-Powered Personalization in Online Shopping: Key Factors Influencing Customer Retention,2025,10.13052/jmm1550-4646.2125,Journal of Mobile Multimedia,article,"Panya, Vicha; Sa-nga-ngam, Prush; Leelasantitham, Adisorn",backward|forward,crossref|openalex,doi:10.1108/ijrdm-08-2020-0312|doi:10.1109/iccraids67816.2026.11519734,0
doi:10.13166/jms/191180,1582,0.000000,Advanced methods for target audience identification: enhancing marketing strategies through machine learning and data analytics,2024,10.13166/jms/191180,Journal of Modern Science,article,"Bogacki, Sylwester; Rymarczyk, Paweł; Smutek, Tomasz; Rutkowski, Marek; Chmielowska-Marmucka, Agnieszka",backward,openalex,doi:10.58830/ozgur.pub610.c2592|doi:10.58830/ozgur.pub610.c2595,0
doi:10.1365/s35764-021-00352-9,1583,0.000000,Intelligente Automatisierung im Marketing,2021,10.1365/s35764-021-00352-9,Wirtschaftsinformatik & Management,article,"Schögel, Marcus; Gotsch, Mauro Luis",forward,openalex,doi:10.1016/j.indmarman.2019.12.008,0
doi:10.1365/s40702-024-01078-z,1584,0.000000,Empirische Untersuchung der Nutzerakzeptanz einer Demand-Side-Plattform für Programmatisches Marketing,2024,10.1365/s40702-024-01078-z,HMD Praxis der Wirtschaftsinformatik,article,"Zastrow, Yelka von; Yetim, Fahri",forward,openalex,doi:10.1016/j.chb.2020.106657|doi:10.1016/j.techfore.2019.03.020,0
doi:10.1365/s40702-024-01132-w,1585,0.000000,Einsatz von Künstlicher Intelligenz im B2B Customer-Relationship-Management: Identifikation von Herausforderungen und Einsatzpotenzialen in produzierenden kleinen und mittleren Unternehmen,2024,10.1365/s40702-024-01132-w,HMD Praxis der Wirtschaftsinformatik,article,"Fili, Jana; Alt, Daniel; Katzenberger, Luisa-Simone Karin; Christoph, Simon; Piazza, Alexander",forward,openalex,doi:10.1016/j.bushor.2019.12.002,0
doi:10.1365/s40702-026-01302-y,1586,0.000000,"Social Media unter Komplexitätsdruck: Eine empirische Studie zu Plattformvielfalt, KI-Nutzung und strategischen Herausforderungen im Social-Media-Management",2026,10.1365/s40702-026-01302-y,HMD Praxis der Wirtschaftsinformatik,article,"Wiedenhöft, Carina; Kaindl, Anna; Durst, Carolin; Piazza, Alexander",forward,openalex,doi:10.1007/s11747-019-00696-0,0
doi:10.1371/journal.pone.0287663,1587,0.000000,Online recommenders’ anthropomorphism improves user response to hedonic and benefit-based product appeals through the recommenders’ perceived ability to learn,2023,10.1371/journal.pone.0287663,PLoS ONE,article,"Trzebiński, Wojciech; Marciniak, Beata; Kulczycka, Eliza",forward,openalex,doi:10.1177/0008125619859317,0
doi:10.1371/journal.pone.0318719,1588,0.000000,AI recommendation vs. crowdsourced recommendation vs. travel expert recommendation: The moderating role of consumption goal on travel destination decision,2025,10.1371/journal.pone.0318719,PLoS ONE,article,"Park, Young Eun; Son, Hyunsang",forward,openalex,doi:10.1080/00913367.2019.1654421,0
doi:10.1371/journal.pone.0353490,1589,0.000000,Unlocking Gen Z engagement in phygital retailing: Evidence from a multi-mediated customer experience model,2026,10.1371/journal.pone.0353490,PLoS ONE,article,"Selvendran, Mirlashine; Salman, Sanidh; Lakvidu, Dulan; Dahanayaka, Udeera; Wisenthige, Krishantha; Dayapathirana, Nirmani",forward,openalex,doi:10.1007/978-3-319-68750-6_18,0
doi:10.1386/iscc_00057_1,1590,0.000000,Catering to clients: How artificial intelligence can influence the advertising agency–client dynamic,2022,10.1386/iscc_00057_1,Interactions Studies in Communication & Culture,article,"Nairn, Angelique; Matthews, Justin; Fastnedge, Daniel",forward,openalex,doi:10.1016/j.ausmj.2020.04.002|doi:10.1080/00913367.2019.1654421|doi:10.1080/00913367.2022.2111728,0
doi:10.1386/jpm_00003_1,1591,0.000000,The future of advertising campaigns: The role of AI-generated images in advertising creative,2023,10.1386/jpm_00003_1,Journal of Pervasive Media,article,"Matthews, Justin; Fastnedge, Daniel; Nairn, Angelique",forward,openalex,doi:10.1016/j.ausmj.2020.04.002|doi:10.1080/00913367.2019.1654421|doi:10.1080/00913367.2020.1795954|doi:10.1080/00913367.2022.2111728,0
doi:10.14201/adcaij.31736,1592,0.000000,Role of Artificial Intelligence and Machine Learning in E-commerce: a Literature Review,2025,10.14201/adcaij.31736,ADCAIJ ADVANCES IN DISTRIBUTED COMPUTING AND ARTIFICIAL INTELLIGENCE JOURNAL,article,"Richard, Fedorko; Štefan, Kráľ; Lenka, Kráľová",forward,openalex,doi:10.1007/s12599-015-0370-8,0
doi:10.14232/jtgf.2026.2.55-61,1593,0.000000,"Megkülönböztető stratégia az e-kereskedelem területén, reflektorfényben az AI technológia",2026,10.14232/jtgf.2026.2.55-61,Jelenkori Társadalmi és Gazdasági Folyamatok,article,"Oláh, Bertold; Balogh, Péter",forward,openalex,doi:10.1007/s11747-019-00696-0|doi:10.1007/s11747-020-00749-9,0
doi:10.14254/1795-6889.2023.19-1.8,1594,0.000000,The impact of artificial intelligence on consumer behaviour and changes in business activity due to pandemic effects,2023,10.14254/1795-6889.2023.19-1.8,Human Technology,article,"Dias, Tiago; Gonçalves, Rui; Costa, Renato Lopes Da; Pereira, Leandro; Dias, Ãlvaro",forward,openalex,doi:10.1007/s11747-020-00749-9,0
doi:10.14254/1795-6889.2025.21-3.8,1595,0.000000,Conditions for the acceptance of advertising content generated by generative artificial intelligence,2025,10.14254/1795-6889.2025.21-3.8,Human Technology,article,"Sułkowski, Łukasz; KACZOROWSKA-SPYCHALSKA, Dominika",forward,openalex,doi:10.1007/s11747-019-00696-0|doi:10.1177/0008125619859317,0
doi:10.14295/idonline.v20i82.4389,1596,0.000000,Inteligência Artificial Aplicada na Gestão de Relacionamento com Clientes como Suporte à Tomada de decisão,2026,10.14295/idonline.v20i82.4389,ID on line REVISTA DE PSICOLOGIA,article,"Sousa, Alessandro Emanuel Rodrigues; Bezerra, Gabriel Rossyne Soares",forward,openalex,doi:10.1007/s11747-019-00696-0,0
doi:10.14514/beykozad.1273006,1597,0.000000,GIDA PERAKENDECİLİĞİNDE FİJİTAL PAZARLAMA UYGULAMALARI KULLANIM İSTEĞİ ÜZERİNE BİR ARAŞTIRMA: AMAZON GO ÖRNEĞİ,2023,10.14514/beykozad.1273006,Beykoz Akademi Dergisi,article,"ÖZATAR, Aslıhan BEKAROĞLU",forward,openalex,doi:10.1016/j.techfore.2023.122342,0
doi:10.14514/beykozad.1551121,1598,0.000000,REKLAMCILIKTA YAPAY ZEKA: HEDEFLEME VE KİŞİSELLEŞTİRMEYE YÖNELİK BİBLİYOMETRİK ANALİZ*,2024,10.14514/beykozad.1551121,Beykoz Akademi Dergisi,article,"Bulut, Bekir; Yarar, Ali Erkam",forward,openalex,doi:10.1007/s11747-019-00696-0|doi:10.1016/j.ausmj.2020.04.002|doi:10.1080/00913367.2019.1654421|doi:10.1177/18393349211037684,0
doi:10.14514/beykozad.1568043,1599,0.000000,Türkiye’de Yapay Zekâ Teknolojisi ve Reklamcılık Sektörü: Sektör Çalışanlarının Deneyimleri Üzerine Bir Araştırma,2025,10.14514/beykozad.1568043,Beykoz Akademi Dergisi,article,"KAYA, İpek; Pekman, Cem",forward,openalex,doi:10.1016/j.chb.2020.106657|doi:10.1080/00913367.2022.2111728,0
doi:10.14569/ijacsa.2018.090540,1600,0.000000,Tuning of Customer Relationship Management (CRM) via Customer Experience Management (CEM) using Sentiment Analysis on Aspects Level,2018,10.14569/ijacsa.2018.090540,International Journal of Advanced Computer Science and Applications,article,"AL-Rubaiee, Hamed; Alomar, Khalid; Qiu, Renxi; Li, Dayou",backward,crossref|openalex,doi:10.31637/epsir-2024-471,0
doi:10.14569/ijacsa.2020.0110413,1601,0.000000,Predicting the Optimal Date and Time to Send Personalized Marketing Messages to Repeat Buyers,2020,10.14569/ijacsa.2020.0110413,International Journal of Advanced Computer Science and Applications,article,"Deligiannis, Alexandros; Argyriou, Charalampos; Kourtesis, Dimitrios",forward,openalex,doi:10.1007/s12599-015-0370-8,0
doi:10.14569/ijacsa.2022.0131298,1602,0.000000,Synthesis of Comments to Social Media Posts for Business Applications,2022,10.14569/ijacsa.2022.0131298,International Journal of Advanced Computer Science and Applications,article,"Olujimi, Peter Adebowale; Ade-Ibijola, Abejide",forward,openalex,doi:10.1007/978-3-030-48230-5_7,0
doi:10.1504/ijbdm.2019.10023294,1603,0.000000,The Use of Data-Driven Technologies for Customer-Centric Marketing,2019,10.1504/ijbdm.2019.10023294,International Journal of Big Data Management,article,"Camilleri, Mark Anthony",forward,openalex,doi:10.1007/978-3-319-25023-6_1,0
doi:10.1504/ijbdm.2020.106876,1604,0.000000,The use of data-driven technologies for customer-centric marketing,2020,10.1504/ijbdm.2020.106876,International Journal of Big Data Management,article,"Camilleri, Mark Anthony",backward|forward,crossref|openalex,doi:10.1007/978-3-319-25023-6_1|doi:10.1080/1051712x.2021.1920702|doi:10.1080/10696679.2023.2166535,0
doi:10.1504/ijeb.2022.10044363,1605,0.000000,Gaining competitive advantage through artificial intelligence adoption,2022,10.1504/ijeb.2022.10044363,International Journal of Electronic Business,article,"Gonçalves, Rui; Dias, Ãlvaro; Costa, Renato Lopes Da; Pereira, Leandro; Bento, Teresa; Rosa, Álvaro",forward,openalex,doi:10.1007/s11747-019-00696-0|doi:10.1007/s11747-020-00749-9,0
doi:10.1504/ijeb.2022.126263,1606,0.000000,Gaining competitive advantage through artificial intelligence adoption,2022,10.1504/ijeb.2022.126263,International Journal of Electronic Business,article,"Rosa, Álvaro; Bento, Teresa; Pereira, Leandro; Costa, Renato Lopes Da; Costa, António; Dias, Ãlvaro; Gonçalves, Rui",forward,openalex,doi:10.1007/s11747-019-00696-0|doi:10.1007/s11747-020-00749-9,0
doi:10.1504/ijecrm.2020.110039,1607,0.000000,Dynamics of marketing automation adoption for organisational marketing process transformation: the case of Microsoft,2020,10.1504/ijecrm.2020.110039,International Journal of Electronic Customer Relationship Management,article,"Hong, Sung Hak; Park, Min Jae",backward,crossref|openalex,doi:10.1142/s0219622024500081|doi:10.1142/s0219622025500981,0
doi:10.1504/ijetrade.2023.133310,1608,0.000000,The future of online marketing strategies and digital tools: new challenges and contributions to RACE framework,2023,10.1504/ijetrade.2023.133310,International Journal of Electronic Trade,article,"Sestino, Andrea; Prete, M. Irene; Piper, Luigi; Guido, Gianluigi",forward,openalex,doi:10.1080/0965254x.2018.1493523,0
doi:10.1504/ijima.2022.10047372,1609,0.000000,Does a chatbots location influence consumer attitude and intentions,2022,10.1504/ijima.2022.10047372,International Journal of Internet Marketing and Advertising,article,"Roozen, Irene; Raedts, Mariet; Waetermans, Guillaume",forward,openalex,doi:10.1007/s11747-019-00696-0,0
doi:10.1504/ijima.2024.139294,1610,0.000000,Does a chatbot's location influence consumer attitude and intentions,2024,10.1504/ijima.2024.139294,International Journal of Internet Marketing and Advertising,article,"Roozen, Irene; Raedts, Mariet; Waetermans, Guillaume",forward,openalex,doi:10.1007/s11747-019-00696-0,0
doi:10.1509/jm.15.0415,1611,0.000000,"A Thematic Exploration of Digital, Social Media, and Mobile Marketing: Research Evolution from 2000 to 2015 and an Agenda for Future Inquiry",2016,10.1509/jm.15.0415,Journal of Marketing,article,"Lamberton, Cait; Stephen, Andrew T.",backward,crossref|openalex,doi:10.1016/j.indmarman.2020.07.022|doi:10.1080/00913367.2022.2111728,0
doi:10.1509/jmr.15.0307,1612,0.000000,Efficient Large-Scale Internet Media Selection Optimization for Online Display Advertising,2018,10.1509/jmr.15.0307,Journal of Marketing Research,article,"Paulson, Courtney; Luo, Lan; James, Gareth",backward,crossref|openalex,doi:10.25139/jsk.v5i3.3077,0
doi:10.1509/jmr.15.0421,1613,0.000000,TV Viewing and Advertising Targeting,2017,10.1509/jmr.15.0421,Journal of Marketing Research,article,"Deng, Yiting; Mela, Carl F.",backward,crossref|openalex,doi:10.1007/978-3-658-29995-8_5|doi:10.1016/j.chb.2020.106657|doi:10.1016/j.techfore.2019.03.020,0
doi:10.1515/9783110416794-009,1614,0.000000,"3.1 Micro-Moments, Liquidity, Intimacy and Automation: Developments in Programmatic Ad-tech",2017,10.1515/9783110416794-009,,book-chapter,"McStay, Andrew",backward,crossref|openalex,doi:10.1007/978-3-031-96930-0_11,0
doi:10.1515/9789048560608-012,1615,0.000000,11. Persuasion in an Algorithmic Context,2024,10.1515/9789048560608-012,Amsterdam University Press eBooks,book-chapter,"Noort, Guda van; Voorveld, Hilde; Strycharz, Joanna",forward,openalex,doi:10.1080/00913367.2020.1795954,0
doi:10.15170/mm.2024.58.ksz.01.03,1616,0.000000,A Mesterséges Intelligencia gyakorlati alkalmazásának lehetőségei a marketingkutatásban,2025,10.15170/mm.2024.58.ksz.01.03,Marketing & Menedzsment,article,"Danó, Györgyi; Kovács, Stefan",forward,openalex,doi:10.1007/978-3-030-12453-3_143|doi:10.1007/s11747-019-00696-0,0
doi:10.15219/em91.1536,1617,0.000000,Nowe wyzwania w zarządzaniu sprzedażą w kontekście rozwoju nowoczesnych technologii i pandemii COVID-19,2021,10.15219/em91.1536,e-mentor,article,"Warszawie, Szkoła Główna Handlowa w; Gul, Marcin",forward,openalex,doi:10.1007/s11747-019-00696-0,0
doi:10.15240/tul/004/2020-2-005,1618,0.000000,Readiness of small and medium enterprises for marketing automation,2020,10.15240/tul/004/2020-2-005,ACC Journal,article,"Semerádová, Tereza; Weinlich, Petr",backward|forward,crossref|openalex,doi:10.1007/s12599-015-0370-8|doi:10.1016/j.indmarman.2019.12.008|doi:10.1142/s0219622024500081,0
doi:10.15276/mdt.7.3.2023.5,1619,0.000000,Artificial intelligence in modern enterprises and marketing campaigns: effective tools and development prospects,2023,10.15276/mdt.7.3.2023.5,Marketing and Digital Technologies,article,"Ostrovska, Halyna; Ostrovskyy, Oleksandr",forward,openalex,doi:10.1177/18393349211037684,0
doi:10.15294/jdm.v15i2.6758,1620,0.000000,AI Marketing Impact on Consumer Behavior: An SOR Model Analysis of Online Food Delivery Services,2024,10.15294/jdm.v15i2.6758,Jurnal Dinamika Manajemen,article,"Vindytia, Mona; Balqiah, Tengku Ezni",forward,openalex,doi:10.1007/s11747-020-00749-9,0
doi:10.15295/bmij.v12i4.2491,1621,0.000000,Under the lens of ads: Digital surveillance and pre-roll advertising avoidance dynamics,2024,10.15295/bmij.v12i4.2491,Business And Management Studies An International Journal,article,"Sağlam, Munise Hayrun; Kırçova, İbrahim",forward,openalex,doi:10.1016/j.chb.2020.106657|doi:10.1080/00913367.2019.1654421,0
doi:10.15304/rge.32.2.8606,1622,0.000000,The use of sales technology by sales people as an information source and stimulant for intrapreneurship,2023,10.15304/rge.32.2.8606,Revista Galega de Economía,article,"Silva, Pedro; Lima, Ana Pinto de; Teixeira, Sandrina",forward,openalex,doi:10.1016/j.indmarman.2019.12.008,0
doi:10.15358/2511-8676-2020-4-187,1623,0.000000,Digital Disruption in Retailing and Beyond,2020,10.15358/2511-8676-2020-4-187,Journal of Service Management Research,article,"Evanschitzky, Heiner; Bartikowski, Boris; Baines, Tim; Blut, Markus; Brock, Christian; Kleinlercher, Kristina; Naik, Parikshit; Petit, Olivia; Rudolph, Thomas; Spence, Charles; Velasco, Carlos; Wünderlich, Nancy V.",forward,openalex,doi:10.1007/s11747-019-00696-0,0
doi:10.15410/aijm/2024/v13i2/173233,1624,0.000000,Usage of Innovative Technology and Concepts in Marketing Automation,2024,10.15410/aijm/2024/v13i2/173233,ANVESHAK-International Journal of Management,article,"Singh, Swayam Prakash",forward,openalex,doi:10.1007/s12599-015-0370-8,0
doi:10.15439/2020km2,1625,0.000000,AI-based Strategic Marketing: SMAI Model,2020,10.15439/2020km2,Annals of Computer Science and Information Systems,conference-paper,"Cherukuri, Praneet Amul Akash; Vududala, Sai Kiran; Saraswathi, Nishanth Raju; Sanda, Jahanavi",forward,openalex,doi:10.1007/s11747-019-00696-0,0
doi:10.1561/1500000049,1626,0.000000,Display Advertising with Real-Time Bidding (RTB) and Behavioural Targeting,2017,10.1561/1500000049,Foundations and Trends® in Information Retrieval,article,"Wang, Jun; Zhang, Weinan; Yuan, Shuai",backward,crossref|openalex,doi:10.1007/978-3-030-93131-5_5|doi:10.1007/978-3-658-22681-7_3|doi:10.1016/j.chb.2020.106657|doi:10.1016/j.jik.2020.08.001|doi:10.1109/cifer.2019.8759106|doi:10.4018/979-8-3693-7041-4.ch006|doi:10.47772/ijriss.2021.5830|doi:10.5220/0007395502560265,0
doi:10.15611/pn.2025.4.11,1627,0.000000,Role of Artificial Intelligence in Shaping Customer Satisfaction: A Systematic Literature Review and Bibliometric Analysis,2025,10.15611/pn.2025.4.11,Prace Naukowe Uniwersytetu Ekonomicznego we Wrocławiu,review,"Zabłocka-Kluczka, Anna; Sałamacha, Anna; Ropuszyńska-Surma, Edyta; Lipowski, Marcin",forward,openalex,doi:10.1007/s11747-019-00696-0|doi:10.1108/ijrdm-08-2020-0312,0
doi:10.15680/ijmrset.2024.0705057,1628,0.000000,A Study of “Rise of AI in Digital Marketing”,2024,10.15680/ijmrset.2024.0705057,"International Journal of Multidisciplinary Research in Science, Engineering and Technology.",article,"Tanwar, Pushpendra Singh; Antonyraj, S. Maria; Shrivastav, Rishav",forward,openalex,doi:10.1016/j.bushor.2019.12.002|doi:10.1108/wjemsd-08-2020-0099,0
doi:10.1609/aaai.v32i1.11888,1629,0.000000,A Combinatorial-Bandit Algorithm for the Online Joint Bid/Budget Optimization of Pay-per-Click Advertising Campaigns,2018,10.1609/aaai.v32i1.11888,Proceedings of the AAAI Conference on Artificial Intelligence,conference-paper,"Nuara, Alessandro; Trovò, Francesco; Gatti, Nicola; Restelli, Marcello",backward,openalex,doi:10.58830/ozgur.pub610.c2595,0
doi:10.16925/2357-6014.2025.02.03,1630,0.000000,Percepción del consumidor mexicano sobre la implementación de la inteligencia artificial en el marketing,2025,10.16925/2357-6014.2025.02.03,Ingenieria Solidaria,article,"Alcalá, Alejandra Marín; López, Berenice Juárez; Santoyo, Grace Aileen Ruiz; García, María Guadalupe Barrera",forward,openalex,doi:10.1007/s11747-019-00696-0|doi:10.1007/s11747-020-00749-9|doi:10.1177/0008125619859317,0
doi:10.16953/deusosbil.1795373,1631,0.000000,REFRAMING THE MANAGERIAL SCHOOL IN THE AGE OF GENERATIVE AI: TOWARD AN AUGMENTED MARKETING FRAMEWORK,2026,10.16953/deusosbil.1795373,Dokuz Eylül Üniversitesi Sosyal Bilimler Enstitüsü Dergisi,article,"Yurdabak, Merve Kadriye",forward,openalex,doi:10.1007/s11747-019-00696-0,0
doi:10.17010/ijom/2025/v55/i11/175822,1632,0.000000,AI-Driven Omnichannel Marketing and Customer Experience : A Bibliometric Overview,2025,10.17010/ijom/2025/v55/i11/175822,Indian Journal of Marketing,article,"Brindha, G.; Vidya, M.; Reshma, M.",forward,openalex,doi:10.1016/j.bushor.2019.12.002,0
doi:10.17148/iarjset.2024.11346,1633,0.000000,New Age Marketing: AI Personalization Strategies In Digital World,2024,10.17148/iarjset.2024.11346,IARJSET,article,"Gujar, Vivek",forward,openalex,doi:10.1177/0008125619859317,0
doi:10.17233/sosyoekonomi.2023.02.17,1634,0.000000,Yapay Zekâ ve Pazarlama Alanındaki Yayınların Bibliyometrik Analizi,2023,10.17233/sosyoekonomi.2023.02.17,Sosyoekonomi,article,"Ekinci, Gül; ÖZSAATCI, Fatma Gül BİLGİNER",forward,openalex,doi:10.1177/18393349211037684,0
doi:10.17261/pressacademia.2023.1820,1635,0.000000,The evaluation of AI integration in innovative digital marketing strategies,2023,10.17261/pressacademia.2023.1820,Pressacademia,article,"Efendi̇oğlu, İbrahim Halil",forward,openalex,doi:10.1007/s11747-020-00749-9,0
doi:10.17323/2587-814x.2021.2.34.46,1636,0.000000,Improving customer experience with artificial intelligence by adhering to ethical principles,2021,10.17323/2587-814x.2021.2.34.46,Бизнес-информатика,article,"Dolganova, Olga",forward,openalex,doi:10.1007/s11747-019-00696-0,0
doi:10.17323/fstig.2025.24831,1637,0.000000,Generative AI as a Disruptive Innovation: Implications for Marketing Strategic Transformations,2025,10.17323/fstig.2025.24831,Foresight-Russia,article,"AbouElgheit, Emad",forward,openalex,doi:10.1007/s11747-019-00696-0,0
doi:10.17576/ebangi.2024.2102.25,1638,0.000000,Peranan dan Pengaruh Kecerdasan Buatan (AI) terhadap Industri Periklanan di Malaysia,2024,10.17576/ebangi.2024.2102.25,Jurnal e-Bangi/e-Bangi,article,"Agil, Hamimda; Ahmad, Abdul Latiff; Azlan, Arina Anis",forward,openalex,doi:10.1016/j.chb.2020.106657|doi:10.1177/0008125619859317,0
doi:10.17577/ijertv8is060622,1639,0.000000,The Future of Customer Experience in the Information Age of Artificial Intelligence - Get Ready for Change,2019,10.17577/ijertv8is060622,International Journal of Engineering Research and,article,"Boguda, Satish Kumar; Technology, Applexus",backward,crossref|openalex,doi:10.4018/979-8-3693-7909-7.ch016,0
doi:10.17694/bajece.1712706,1640,0.000000,Artificial Intelligence and Behavioral Engineering: Hidden Societal Costs and Design Challenges in Consumer Contexts,2025,10.17694/bajece.1712706,Balkan Journal of Electrical and Computer Engineering,article,"Şenyapar, Hafize Nurgül Durmuş",forward,openalex,doi:10.1007/s11747-020-00749-9,0
doi:10.17697/ibmrd/2021/v10i2/166810,1641,0.000000,Gearing up for Marketing 5.0 in the Digital Economy: Moving from Traditional to Digital,2021,10.17697/ibmrd/2021/v10i2/166810,IBMRD s Journal of Management & Research,article,"Kajale, Prasad A.; Joshi, Shripad",forward,openalex,doi:10.1016/j.jik.2020.08.001,0
doi:10.17697/ibmrd/2026/v15i1/174509,1642,0.000000,Artificial Intelligence for Emotion-Centric Marketing and Branding-A Consumer Perspective in Digital Advertising Artificial Intelligence for Emotion-Centric Marketing and Branding-A Consumer Perspective in Digital Advertising,2026,10.17697/ibmrd/2026/v15i1/174509,IBMRD s Journal of Management & Research,article,"Indhumathi, P.",forward,openalex,doi:10.1007/s11747-019-00696-0|doi:10.1007/s11747-020-00749-9,0
doi:10.17755/esosder.1152771,1643,0.000000,DİJİTAL PAZARLAMADA YAPAY ZEKA VE MAKİNE ÖĞRENİMİ KULLANIMI,2023,10.17755/esosder.1152771,Elektronik Sosyal Bilimler Dergisi,article,"OKAY, Suat",forward,openalex,doi:10.1007/s11747-019-00696-0|doi:10.1007/s12599-015-0370-8,0
doi:10.17762/turcomat.v12i10.5657,1644,0.000000,Quantile Normalized Neighbor Combinatorial Machine Learning Based Recommendation in Digital Marketing,2021,10.17762/turcomat.v12i10.5657,Türk bilgisayar ve matematik eğitimi dergisi,article,"Narayanan, Et. al. K.S.",forward,openalex,doi:10.1016/j.compeleceng.2020.106723|doi:10.1016/j.jik.2020.08.001,0
doi:10.17762/turcomat.v12i11.5825,1645,0.000000,Systematic Analysis and Future Research Directions in Artificial Intelligence for Marketing,2021,10.17762/turcomat.v12i11.5825,Türk bilgisayar ve matematik eğitimi dergisi,article,"Wisetsri, Et. al. Worakamol",backward|forward,openalex,doi:10.1007/s11747-019-00696-0|doi:10.1007/s11747-020-00749-9|doi:10.1177/0008125619859317|doi:10.58830/ozgur.pub610.c2592|doi:10.58830/ozgur.pub610.c2595,0
doi:10.17951/h.2024.58.3.181-202,1646,0.000000,Recent Trends of Customer Relationship Management in AI: A Scientometric Analysis,2024,10.17951/h.2024.58.3.181-202,Annales Universitatis Mariae Curie-Skłodowska sectio H Oeconomia,article,"Hoffmann, Maciej; Marchewka, Weronika; Piotrowski, Bartosz; Ratushniak, Marharyta; Ziółkowska, Angelika; Graczyk-Kucharska, Magdalena",forward,openalex,doi:10.1177/0008125619859317,0
doi:10.17977/um068v1i122021p869-873,1647,0.000000,Analisis Pemanfaatan Kecerdasan Buatan dalam Pemasaran Industri Pariwisata di era Society 5.0,2021,10.17977/um068v1i122021p869-873,Jurnal Inovasi Teknologi dan Edukasi Teknik,article,"Siddhi, Hitatama Anindyajati",forward,openalex,doi:10.1007/s11747-020-00749-9,0
doi:10.18037/ausbd.1798022,1648,0.000000,Yapay Zekâ Araçları Bağlamında Çevrim İçi Marka Deneyimi: Güven Temelli Faktörlerin Etkisi ve Davranışsal Sonuçlar,2026,10.18037/ausbd.1798022,Anadolu Üniversitesi Sosyal Bilimler Dergisi,article,"EROL, Fuat",forward,openalex,doi:10.1007/s11747-019-00696-0,0
doi:10.18089/tms.20250103,1649,0.000000,Exploring the Applications of Artificial Intelligence in Marketing: A Topic Modelling Analysis,2025,10.18089/tms.20250103,Tourism & Management Studies,article,"Rita, Paulo; Omran, Wajdy; Ramos, Ricardo F.; Portugal, Instituto Politécnico de Coimbra, ESTGOH,; Costa, Tânia",forward,openalex,doi:10.1007/s11747-019-00696-0,0
doi:10.18178/ijimt.2019.10.5.859,1650,0.000000,Marketing Intelligence from Data Mining Perspective — A Literature Review,2019,10.18178/ijimt.2019.10.5.859,International Journal of Innovation Management and Technology,article,"Dam, Nguyen Anh Khoa",forward,openalex,doi:10.1016/j.eswa.2018.11.002,0
doi:10.18178/joebm.2017.5.3.503,1651,0.000000,Brand Building with Using Phygital Marketing Communication,2017,10.18178/joebm.2017.5.3.503,Journal of Economics Business and Management,article,"Moravčíková, Dominika; Klieštiková, Jana",backward,crossref|openalex,doi:10.1108/978-1-83549-568-120251012|doi:10.1155/hbe2/6675139|doi:10.58830/ozgur.pub610.c2592|doi:10.58830/ozgur.pub610.c2595,0
doi:10.18267/j.aip.301,1652,0.000000,"Artificial Intelligence Applications in Consumer Behaviour Analysis: A Systematic Review, Mapping Trends and Challenges",2026,10.18267/j.aip.301,Acta Informatica Pragensia,review,"No-Pérez, Adrián; Castro-González, Sandra",forward,openalex,doi:10.3389/fpsyg.2022.856663,0
doi:10.18267/j.cebr.213,1653,0.000000,Marketing and Artificial Intelligence,2019,10.18267/j.cebr.213,Central European Business Review,article,"Jarek, Krystyna; Mazurek, Grzegorz",backward,crossref|openalex,doi:10.1080/10696679.2023.2166535|doi:10.1080/17510694.2021.2025001|doi:10.1108/wjemsd-08-2020-0099,0
doi:10.18280/isi.250316,1654,0.000000,A Precision Advertising Strategy Based on Deep Reinforcement Learning,2020,10.18280/isi.250316,Ingénierie des systèmes d information,article,"Haiqing, Liang",backward,openalex,doi:10.58830/ozgur.pub610.c2592|doi:10.58830/ozgur.pub610.c2595,0
doi:10.18421/tem113-40,1655,0.000000,AI-Enabled Marketing Solutions in Marketing Decision Making: AI Application in Different Stages of Marketing Process,2022,10.18421/tem113-40,TEM Journal,article,"Ljepava, Nikolina",forward,openalex,doi:10.1108/wjemsd-08-2020-0099,0
doi:10.18502/kss.v10i14.19070,1656,0.000000,AI-based Personalization of Pempek Bunan's Marketing Content on Social Media,2025,10.18502/kss.v10i14.19070,KnE Social Sciences,article,"Dendi, Dendi; Putri, Intan; Karmila, Leti; Adli, Adli",forward,openalex,doi:10.1007/s11747-019-00696-0,0
doi:10.18690/um.epf.7.2026.46,1657,0.000000,Artificial Intelligence in Marketing: A Bibliometric Mapping of Central and Eastern European Research,2026,10.18690/um.epf.7.2026.46,,book-chapter,"Németh, Renáta; Reicher, Regina; Majláth, Melinda",forward,openalex,doi:10.1007/s11747-019-00696-0|doi:10.1007/s11747-020-00749-9,0
doi:10.18690/um.fov.4.2026.32,1658,0.000000,The Impact of Generative AI on B2B Marketing Processes: Evidence from Industrial Firms,2026,10.18690/um.fov.4.2026.32,,conference-paper,"Vesterinen, Mikko; Mero, Joel; Skippari, Mika; Karjaluoto, Heikki",forward,openalex,doi:10.1007/s11747-020-00749-9|doi:10.1016/j.indmarman.2020.07.022,0
doi:10.18775/ijmsba.1849-5664-5419.2014.43.1006,1659,0.000000,Indicators to Choose a Suitable Marketing Automation Platform,2018,10.18775/ijmsba.1849-5664-5419.2014.43.1006,THE INTERNATIONAL JOURNAL OF MANAGEMENT SCIENCE AND BUSINESS ADMINISTRATION,article,"Berghofer, Florian; Hofbauer, Günter; Sangl, Anita",backward,crossref|openalex,doi:10.1142/s0219622024500081|doi:10.1142/s0219622025500981,0
doi:10.18848/1832-3669/cgp/v14i04/19-28,1660,0.000000,Real-Time Bidding Advertising: Surprising or Irritating?,2018,10.18848/1832-3669/cgp/v14i04/19-28,The International Journal of Technology Knowledge and Society,article,"Zhang, Sixuan; Yan, Jie; Huang, Jin-Song; Wakefield, Robin L.; Xiong, Jason",backward,crossref|openalex,doi:10.1108/itp-09-2019-0480,0
doi:10.19145/e-gifder.1809690,1661,0.000000,YAPAY ZEKA VE REKLAM ARAŞTIRMALARINDA BİLİMSEL HARİTALAMA BİBLİYOMETRİK BİR ANALİZ,2026,10.19145/e-gifder.1809690,Gümüşhane Üniversitesi İletişim Fakültesi Elektronik Dergisi,article,"Erdoğan, Merve Gençyürek; Yavuz, Volkan",forward,openalex,doi:10.1007/s11747-019-00696-0,0
doi:10.20535/2307-5651.32.2025.328559,1662,0.000000,СУЧАСНІ ТЕНДЕНЦІЇ РИНКУ СИСТЕМ АВТОМАТИЗАЦІЇ МАРКЕТИНГУ,2025,10.20535/2307-5651.32.2025.328559,Економічний вісник Національного технічного університету України «Київський політехнічний інститут»,article,"Солнцев, С. О.; Биба, В. К.",forward,openalex,doi:10.1080/1051712x.2021.1920702|doi:10.1108/wjemsd-08-2020-0099,0
doi:10.20897/jirais/18474,1663,0.000000,Artificial intelligence across social sciences and humanities: The evolution of marketing analytics in the digital era,2026,10.20897/jirais/18474,Journal of Interdisciplinary Research in Artificial Intelligence and Society,article,"Islam, Md. Nazrul",forward,openalex,doi:10.1007/s11747-020-00749-9,0
doi:10.21070/acopen.10.2025.12770,1664,0.000000,Technological Transformation and Challenges in Uzbekistan’s Journey Toward Marketing 5.0,2025,10.21070/acopen.10.2025.12770,Academia Open,article,"Ugli, Musurmonov Otabek Sobirjon",forward,openalex,doi:10.1007/s11747-019-00696-0,0
doi:10.21070/jbmp.v11i1.1975,1665,0.000000,Electronic Loyalty Flow: AI Chatbots are Changing Generation Z's Shopping Style,2025,10.21070/jbmp.v11i1.1975,JBMP (Jurnal Bisnis Manajemen dan Perbankan),article,"Pebrianti, Wenny; Dewi, Dewi; Ahmadi, Ahmadi",forward,openalex,doi:10.1007/s11747-020-00749-9,0
doi:10.21134/mhjournal.v14i.1983,1666,0.000000,El creativo invisible: inteligencia artificial y creación publicitaria,2023,10.21134/mhjournal.v14i.1983,Miguel Hernández Communication Journal,article,"Rincón, Antonio Raúl Fernández",forward,openalex,doi:10.3145/epi.2017.mar.06,0
doi:10.21272/esbp.2026.1-02,1667,0.000000,The Martech Ecosystem as A Driver of Innovative Enterprise Development: A Conceptual Approach in The Era of Global Transformations,2026,10.21272/esbp.2026.1-02,Economic sustainability and business practices,article,"Nianko, Vitalii; Andrushkevych, Zinaida",forward,openalex,doi:10.1007/s11747-019-00696-0,0
doi:10.21272/mmi.2019.1-20,1668,0.000000,Evolution of Customer Segmentation in the Era of Big Data,2019,10.21272/mmi.2019.1-20,Marketing and Management of Innovations,article,"Verdenhofs, Atis; Tambovceva, Tatjana",forward,openalex,doi:10.1016/j.eswa.2018.11.002,0
doi:10.21272/mmi.2021.1-07,1669,0.000000,Artificial Intelligence for marketing plan: the case for e-marketing companies,2021,10.21272/mmi.2021.1-07,Marketing and Management of Innovations,article,"Fayed, Abeer Elsayed",forward,openalex,doi:10.1007/s11747-019-00696-0,0
doi:10.21272/mmi.2023.1-15,1670,0.000000,The impact of AI development on the development of marketing communications,2023,10.21272/mmi.2023.1-15,Marketing and Management of Innovations,article,"Nesterenko, Volodymyr; Олефіренко, Олег Михайлович",forward,openalex,doi:10.1007/s11747-020-00749-9,0
doi:10.21272/mmi.2026.2-02,1671,0.000000,AI-Driven Brand Positioning and Smart Product Adoption: The Roles of Perceived Usefulness and Digital Trust,2026,10.21272/mmi.2026.2-02,Marketing and Management of Innovations,article,"Zaman, Hafiz Muhammad Fakhar; Xu, Yunhong; Nguyen, Thi Thanh Nga; Akmal, Pasha Muhammad; Lan, Anh Nguyen Thi",forward,openalex,doi:10.1007/s11747-019-00696-0|doi:10.1007/s11747-020-00749-9|doi:10.1177/0008125619859317,0
doi:10.21275/sr23626202434,1672,0.000000,Using Artificial Intelligence to Enhance Key Business Operations,2023,10.21275/sr23626202434,International Journal of Science and Research (IJSR),article,"Sivasubramaniyan, Suvethasree P U",forward,openalex,doi:10.1007/s11747-019-00696-0,0
doi:10.21303/2504-5571.2024.003665,1673,0.000000,Promoting tourism services through AI-driven social media marketing: a case for small businesses,2024,10.21303/2504-5571.2024.003665,EUREKA Social and Humanities,article,"Ostian, Zdenek",forward,openalex,doi:10.1007/978-3-030-12453-3_143,0
doi:10.21511/im.16(2).2020.08,1674,0.000000,How artificial intelligence can change the core of marketing theory,2020,10.21511/im.16(2).2020.08,Innovative Marketing,article,"Grandinetti, Roberto",forward,openalex,doi:10.1007/s11747-019-00696-0|doi:10.1177/0008125619859317,0
doi:10.21511/im.18(3).2022.02,1675,0.000000,How chatbot e-services motivate communication credibility and lead to customer satisfaction: The perspective of Thai consumers in the apparel retailing context,2022,10.21511/im.18(3).2022.02,Innovative Marketing,article,"Jansom, Akawut; Srisangkhajorn, Thaksaorn; Limarunothai, Wutticha",forward,openalex,doi:10.1108/ijrdm-08-2020-0312,0
doi:10.21511/im.19(2).2023.04,1676,0.000000,A data science-based marketing decision support system for brand management,2023,10.21511/im.19(2).2023.04,Innovative Marketing,article,"Chornous, Galyna; Fareniuk, Yana; Giedraitis, Vincentas; Ulvidienė, Erstida; Kharlamova, Ganna",forward,openalex,doi:10.1016/j.jik.2020.08.001,0
doi:10.21511/im.19(4).2023.19,1677,0.000000,A dark side of retargeting? How advertisements that follow users affect post-purchase consumer behavior: Evidence from the tourism industry in Saudi Arabia,2023,10.21511/im.19(4).2023.19,Innovative Marketing,article,"Alghanayem, Haitham; Lamberti, Giuseppe; López‐Sintas, Jordi",forward,openalex,doi:10.5539/ijbm.v15n7p120,0
doi:10.21511/im.20(2).2024.01,1678,0.000000,Bibliometric insights into the evolution of digital marketing trends,2024,10.21511/im.20(2).2024.01,Innovative Marketing,article,"Sáng, Nguyễn Minh",forward,openalex,doi:10.1016/j.indmarman.2020.07.022|doi:10.1016/j.jik.2020.08.001,0
doi:10.21511/im.20(3).2024.14,1679,0.000000,Artificial intelligence and marketing innovation: The mediating role of organizational culture,2024,10.21511/im.20(3).2024.14,Innovative Marketing,article,"Awad, Abdelrehim",forward,openalex,doi:10.1007/s11747-019-00696-0|doi:10.1007/s11747-020-00749-9,0
doi:10.21511/im.22(1).2026.20,1680,0.000000,From AI disclosure to purchase intention: The mediating role of trust and the moderating effect of collectivistic orientation in Vietnam,2026,10.21511/im.22(1).2026.20,Innovative Marketing,article,"Nguyen, Huu Pho; Le, Phuong Uyen; Le, Xuan Trang",forward,openalex,doi:10.1007/s11747-019-00696-0,0
doi:10.21511/im.22(3).2026.01,1681,0.000000,"Explaining purchase intention in AI-powered e-commerce chatbots: An integrative model of functional, experiential, and credibility drivers",2026,10.21511/im.22(3).2026.01,Innovative Marketing,article,"Fadhilah, Muinah; Kusumawardhani, Ratih; Lukitaningsih, Ambar",forward,openalex,doi:10.1007/s11747-020-00749-9,0
doi:10.21608/acj.2024.362030,1682,0.000000,العوامل المؤثرة على مخاوف الخصوصية لمستخدمى روبوت الدردشة ودورها فى التجنب السلوكى والإفصاح عن المعلومات,2024,10.21608/acj.2024.362030,مجلة جامعة الإسکندرية للعلوم الإدارية,article,"السعدني, نرمين أحمد عبد المنعم",forward,openalex,doi:10.1007/s11747-019-00696-0,0
doi:10.21608/dmpos.2024.277392.1001,1683,0.000000,فعالية تقنيات الذكاء الاصطناعي في تغيير اتجاهات إنتاج محتوى الاتصالات التسويقية المتكاملة بالموقع الإلكتروني للمنظمة The Effectiveness of Artificial Intelligence Techniques in Changing the Production Trends of Integrated Marketing Communications Content the Organization's Website,2024,10.21608/dmpos.2024.277392.1001,المجلة العلمية لدراسات الإعلام الرقمي والرأي العام,article,"المنعم, سعيد عبد; عيد, منى",forward,openalex,doi:10.1007/s11747-019-00696-0|doi:10.1007/s11747-020-00749-9,0
doi:10.21608/ejsc.2021.224849,1684,0.000000,فاعلية استخدام تقنيات الذکاء الاصطناعي في التسويق الرقمي عبر مواقع التواصل الاجتماعي من وجهة نظر طلاب أقسام الاتصال التسويقي في الجامعات السعودية,2021,10.21608/ejsc.2021.224849,Al-Maǧallah Al-Miṣriyyaẗ Li-Buḥūṯ Al-Iʿlām,article,"سلامه, مى وليد",forward,openalex,doi:10.1007/978-3-030-12453-3_151|doi:10.1007/s11747-020-00749-9,0
doi:10.21608/ejsc.2023.316311,1685,0.000000,رؤية مسئولى العلاقات العامة فى المنظمات الحكومية لحدود تأثير الذكاء الاصطناعى فى التسويق الإلكتروني,2023,10.21608/ejsc.2023.316311,Al-Maǧallah Al-Miṣriyyaẗ Li-Buḥūṯ Al-Iʿlām,article,"علي, مرفت عبدالحميد",forward,openalex,doi:10.1007/978-3-030-12453-3_151,0
doi:10.21608/idj.2023.305380,1686,0.000000,Utilizing Artificial Intelligence in Digital Out-of-Home Advertising,2023,10.21608/idj.2023.305380,التصميم الدولية,article,"Sayoh, Mai Mahmoud Radwan",forward,openalex,doi:10.1007/s11747-019-00696-0,0
doi:10.21608/ijtah.2024.257903.1112,1687,0.000000,Evaluation of consumer technology experience: The mediation role of customer satisfaction and its impact on customer loyalty and word of mouth.,2024,10.21608/ijtah.2024.257903.1112,"International Journal for Tourism, Archaeology and Hospitality",article,"Naby, Assoc. Prof. Dr. Wael Abd El",forward,openalex,doi:10.1108/ijrdm-08-2020-0312,0
doi:10.21608/jaiep.2024.354005,1688,0.000000,Optimizing Marketing Strategies: Integration of Al-Biruni Earth Radius Algorithm for Feature Selection and Pipeline Regression Model,2024,10.21608/jaiep.2024.354005,Journal of Artificial Intelligence in Engineering Practice.,article,"Gaber, Khaled Sh.; Zaki, Ahmed; Eid, Marwa M.; Khafaga, Doaa Sami; Alhussan, Amel Ali; Mohamed, Mahmoud H.",forward,openalex,doi:10.1016/j.jik.2020.08.001,0
doi:10.21608/jces.2021.218349,1689,0.000000,أثر استخدام وسائل الذکاء الاصطناعی على تطویر التسویق الرقمی (دراسة تطبیقیة),2021,10.21608/jces.2021.218349,المجلة العلمية للدراسات التجارية والبيئية,article,"حجاج, إسماعیل محمد أحمد",forward,openalex,doi:10.1007/978-3-030-12453-3_143,0
doi:10.21608/jces.2024.354132,1690,0.000000,.Customer experience antecedents in the context of AI chatbot services.,2024,10.21608/jces.2024.354132,المجلة العلمية للدراسات التجارية والبيئية,article,"Ramadan, Ahmed Mohamed Mahmoud; Khalil, Alaa Tarek; Enaba, Hala Mohamed Labib",forward,openalex,doi:10.1007/s11747-020-00749-9,0
doi:10.21608/jdsaa.2022.95784.1124,1691,0.000000,Employing artificial intelligence to improve e-marketing strategies for advertising platforms on social media,2022,10.21608/jdsaa.2022.95784.1124,Journal of Design Sciences and Applied Arts/Journal of Design Sciences and Applied Arts ,article,"hussain, amira salem",forward,openalex,doi:10.1007/s11747-019-00696-0,0
doi:10.21608/jkom.2024.354801,1692,0.000000,توظيف تقنيات الذكاء الاصطناعي في التسويق الريادي: مراجعة منهجية للتراث العلمي,2024,10.21608/jkom.2024.354801,المجلة العربية لبحوث الاعلام والاتصال,article,"عبدالفتاح, فاطمة الزهراء; عادل, أريج; ريمون, كريستين; عادل, همس",forward,openalex,doi:10.1016/j.indmarman.2019.12.008,0
doi:10.21608/joa.2020.147885,1693,0.000000,اثر استخدام الذکاء الاصطناعی على فعالیة أسالیب التسویق الرقمى,2020,10.21608/joa.2020.147885,Al-Maǧallah Al-Miṣriyyaẗ Li-Buḥūṯ Al-Rāʼī Al-ʿām,article,"صلاح, وفاء",forward,openalex,doi:10.1007/s11747-019-00696-0,0
doi:10.21608/joa.2022.232758,1694,0.000000,اتجاهات الجمهور نحو استخدام تطبیقات الذکاء الاصطناعی فی تسویق الخدمات المصرفیة فی البنوک المصریة:,2022,10.21608/joa.2022.232758,Al-Maǧallah Al-Miṣriyyaẗ Li-Buḥūṯ Al-Rāʼī Al-ʿām,article,"غباشی, نیفین أحمد",forward,openalex,doi:10.1007/s11747-019-00696-0,0
doi:10.21608/jsec.2020.128722,1695,0.000000,The impact of Artificial Intelligence on Consumer Behaviors An Applied Study on the Online Retailing Sector in Egypt,2020,10.21608/jsec.2020.128722,المجلة العلمية للإقتصاد و التجارة,article,"Mussa, Mona",forward,openalex,doi:10.1007/s11747-019-00696-0,0
doi:10.21608/jso.2023.207927.1146,1696,0.000000,التأثير التفاعلي لأنشطة التسويق بالذكاء الاصطناعي في العلاقة بين صورة العلامة التجارية ونية إعادة شراء تذاكر الطيران الإلكترونية في مصر,2023,10.21608/jso.2023.207927.1146,مجلة البحوث الإدارية,article,"الدين, عمرو نور; حمادة, حسام أحمد علي; الحريري, بسمة محمدإدريس",forward,openalex,doi:10.1007/s11747-019-00696-0,0
doi:10.21608/jsst.2021.78667.1278,1697,0.000000,""" الدور الوسیط للتوجه نحو التقنیات الحدیثة فى العلاقة بین استخدام الذکاء الإصطناعی والإبتکار التسویقی"" (دراسة تطبیقیة على قطاع متاجر التجزئة الالکترونیة فى مصر)",2021,10.21608/jsst.2021.78667.1278,مجلة البحوث المالیة والتجاریة,article,"Awad, Abdelrehim Nader AbdelrehimIsmail",forward,openalex,doi:10.1007/s11747-020-00749-9,0
doi:10.21608/jsst.2022.153741.1456,1698,0.000000,تأثیر نشر الذکاء الإصطناعى فى بناء میزة تنافسیة مستدامة لشرکات السیاحة المصریة- الدور الوسیط لتفاعل العملاء عبر مواقع التواصل الإجتماعى والمعدل للعوامل الدیموجرافیة والسیکوجرافیة - دراسة تطبیقیة,2022,10.21608/jsst.2022.153741.1456,مجلة البحوث المالیة والتجاریة,article,"العباسى, إیناس",forward,openalex,doi:10.1007/s11747-019-00696-0,0
doi:10.2174/0123520965380645250505070035,1699,0.000000,Leveraging Machine Learning for Customer Segmentation and Personalized Client Targeting in E-commerce Systems,2025,10.2174/0123520965380645250505070035,Recent Advances in Electrical & Electronic Engineering (Formerly Recent Patents on Electrical & Electronic Engineering),article,"Chaudhary, Meghna; Alam, M. Afshar; Zafar, Sherin",forward,openalex,doi:10.1016/j.eswa.2018.11.002,0
doi:10.2174/9789815274707124010011,1700,0.000000,"Integration of Emerging Technologies in Digital Marketing: A Case Study of Humans of Digital Marketing (HODM) Start-up, India",2024,10.2174/9789815274707124010011,BENTHAM SCIENCE PUBLISHERS eBooks,book-chapter,"Batra, Disha; Sharma, Harshwardhani; Upmanyu, Akshay",forward,openalex,doi:10.1007/978-981-13-3338-5_1,0
doi:10.2174/9789815322071125010010,1701,0.000000,AI-Enhanced Retail Experiences and its Impact on Customer Repeat Purchase Intention,2025,10.2174/9789815322071125010010,BENTHAM SCIENCE PUBLISHERS eBooks,book-chapter,"Das, Priyo; Das, Surjyasikha",forward,openalex,doi:10.1177/0008125619859317,0
doi:10.21786/bbrc/14.5/21,1702,0.000000,Exploratory Analysis of Factors Influencing Ai-Enabled Customer Experience for E-Commerce Industry,2021,10.21786/bbrc/14.5/21,Bioscience Biotechnology Research Communications,article,"Gupta, Amisha",forward,openalex,doi:10.1177/0008125619859317,0
doi:10.22214/ijraset.2020.32169,1703,0.000000,A Multi-Dimensional Research Study in E-Commerce to Capture Consumer Expectations,2020,10.22214/ijraset.2020.32169,International Journal for Research in Applied Science and Engineering Technology,article,"Gidh, Parag G",forward,openalex,doi:10.1007/978-3-030-12453-3_143,0
doi:10.22214/ijraset.2021.36287,1704,0.000000,How Digital Marketing along with Artificial Intelligence is Transforming Consumer Behaviour?,2021,10.22214/ijraset.2021.36287,International Journal for Research in Applied Science and Engineering Technology,article,"Khatri, Manas",forward,openalex,doi:10.1007/s11747-019-00696-0|doi:10.1016/j.bushor.2019.12.002,0
doi:10.22214/ijraset.2023.49585,1705,0.000000,Application of Machine Learning Algorithms in Online Marketing,2023,10.22214/ijraset.2023.49585,International Journal for Research in Applied Science and Engineering Technology,article,"Srivastava, Adarsh Vardhan; Umrao, Mr. Lokendra Singh; Kumar, Mr. Dilip",forward,openalex,doi:10.1016/j.compeleceng.2020.106723,0
doi:10.22214/ijraset.2024.62326,1706,0.000000,A Study of “The Growth of AI in Digital Marketing Platform”,2024,10.22214/ijraset.2024.62326,International Journal for Research in Applied Science and Engineering Technology,article,"Zaidi, Syed Murtuza Abbas",forward,openalex,doi:10.1016/j.bushor.2019.12.002|doi:10.1108/wjemsd-08-2020-0099,0
doi:10.22215/timreview/1455,1707,0.000000,How Can Firms Effectively Use Technology in Customer Journey Management,2021,10.22215/timreview/1455,Technology Innovation Management Review,article,"Helouani, William Boscardini",backward|forward,crossref|openalex,doi:10.1016/j.bushor.2019.12.002|doi:10.4018/979-8-3693-3455-3.ch012,0
doi:10.22259/2394-5931.1001004,1708,0.000000,A Systematic Literature Review on Artificial Intelligence Applications in Tourism Marketing,2023,10.22259/2394-5931.1001004,International Journal of Research in Business Studies and Management,review,"Durmaz, Yakup; Başer, Miraç Yücel",forward,openalex,doi:10.1007/s11747-019-00696-0|doi:10.1007/s11747-020-00749-9|doi:10.1177/0008125619859317,0
doi:10.22370/riace.2023.12.1.3823,1709,0.000000,LA INTELIGENCIA ARTIFICIAL (IA) Y SU APORTE A LA MERCADOTECNIA; PRIMEROS HALLAZGOS,2023,10.22370/riace.2023.12.1.3823,Revista de Investigación Aplicada en Ciencias Empresariales,article,"Félix, Jesús Humberto Lara; Lara-Salazar, José Rosario; Reyes, Víctor Manuel Mizquiz",forward,openalex,doi:10.1007/s11747-019-00696-0|doi:10.1016/j.bushor.2019.12.002|doi:10.1177/0008125619859317|doi:10.1177/18393349211037684,0
doi:10.22399/ijcesen.5179,1710,0.000000,Strategic Alignment of Brand Building and AI-Based Customer Intelligence for Sustainable Enterprise Growth,2025,10.22399/ijcesen.5179,International Journal of Computational and Experimental Science and Engineering,article,"RATNAYAKE, DINETH",forward,openalex,doi:10.1016/j.bushor.2019.12.002,0
doi:10.22399/ijcesen.5331,1711,0.000000,Multi-Agent Orchestration in Enterprise CRM: Agentforce Frameworks for Autonomous Service Delivery,2026,10.22399/ijcesen.5331,International Journal of Computational and Experimental Science and Engineering,article,"Baddam, Bharath Reddy",forward,openalex,doi:10.1007/s11747-019-00696-0,0
doi:10.22495/cbsrv6i2art13,1712,0.000000,Utilising artificial intelligence in digital marketing strategy: Opportunities and challenges for marketers,2025,10.22495/cbsrv6i2art13,Corporate and Business Strategy Review,article,"Baruti, Blerta Haliti; Bajrami, Shpresa Mehmeti; Arifaj, Arta Hoti",forward,openalex,doi:10.1007/s11747-019-00696-0,0
doi:10.22495/cbsrv7i3art11,1713,0.000000,Transforming marketing strategies via AI-powered personalization: A systematic review of consumer experience and business strategy,2026,10.22495/cbsrv7i3art11,Corporate and Business Strategy Review,review,"Elsantil, Yasmeen",forward,openalex,doi:10.1007/s11747-019-00696-0|doi:10.1007/s11747-020-00749-9|doi:10.1177/0008125619859317,0
doi:10.22610/jebs.v16i1(j).3511,1714,0.000000,The Role of Artificial Intelligence on Market Performance: Evidence from Scientific Review,2024,10.22610/jebs.v16i1(j).3511,Journal of Economics and Behavioral Studies,article,"Desta, Endalkachew; Amantie, Chalchissa",forward,openalex,doi:10.1177/0008125619859317,0
doi:10.2333/jbhmk.50.1,1715,0.000000,Atsuho Nakayama : Applying Deep Learning Approaches to Marketing Challenges : Examples of Market Segmentation and Positioning Strategies,2023,10.2333/jbhmk.50.1,Kodo Keiryogaku (The Japanese Journal of Behaviormetrics),article,"Nakayama, Atsuho",forward,openalex,doi:10.1007/s11747-019-00696-0,0
doi:10.23856/3303,1716,0.000000,ASSESSMENT OF TRENDS IN THE APPLICATION OF DIGITAL MARKETING,2019,10.23856/3303,Polonia University Scientific Journal,article,"Kotāne, Inta; Znotiņa, Daina; Hushko, Serhii",backward,crossref|openalex,doi:10.1080/1051712x.2021.1920702,0
doi:10.23887/ijssb.v8i1.68941,1717,0.000000,The Strategy for Developing a Marketplace Promotion Model Based on Artificial Intelligence (AI) to Improve Online Marketing in Indonesia,2024,10.23887/ijssb.v8i1.68941,International Journal of Social Science and Business,article,"Sunarta; Permana, Budi",forward,openalex,doi:10.1108/wjemsd-08-2020-0099,0
doi:10.23919/cisti52073.2021.9476534,1718,0.000000,Automation in communication and marketing,2021,10.23919/cisti52073.2021.9476534,,conference-paper,"Valdiviezo-Abad, Cesibel; López, José Miguel Túñez",forward,openalex,doi:10.1007/s12599-015-0370-8,0
doi:10.23919/indiacom70271.2026.11526348,1719,0.000000,AI in Digital Advertising: A Review of Consumer Behavior Prediction and Ethical Concerns,2026,10.23919/indiacom70271.2026.11526348,,conference-paper,"B, Moulya; Reji, Sheedhal K",forward,openalex,doi:10.1007/s11747-019-00696-0,0
doi:10.23977/icidel.2018.006,1720,0.000000,The Application of Big Data in Marketing,2018,10.23977/icidel.2018.006,,conference-paper,"Lu, Manwen; Lin, Guochao",backward,openalex,doi:10.58830/ozgur.pub610.c2592|doi:10.58830/ozgur.pub610.c2595,0
doi:10.23977/ieim.2021.040209,1721,0.000000,Influence of Big Data Technology on Enterprise Marketing Strategy,2021,10.23977/ieim.2021.040209,Industrial Engineering and Innovation Management,article,"Miao, Ling",backward,openalex,doi:10.52970/grmilf.v3i1.398,0
doi:10.24023/futurejournal/2175-5825/2025.v17i1.887,1722,0.000000,Inteligência Artificial no Marketing e Vulnerabilidade do Consumidor: Um Estudo com Consumidores em Salvador-Bahia,2025,10.24023/futurejournal/2175-5825/2025.v17i1.887,Future Studies Research Journal Trends and Strategies,article,"Regis, Camila Filadelfo Teixeira; Vera, Luciana Alves Rodas",forward,openalex,doi:10.1007/s11747-019-00696-0,0
doi:10.24086/cuejhss.v8n1y2024.pp34-39,1723,0.000000,The Role of Artificial Intelligence Application in Strategic Marketing Decision-Making Process,2024,10.24086/cuejhss.v8n1y2024.pp34-39,Cihan University-Erbil Journal of Humanities and Social Sciences,article,"Massoudi, Aram H.; Fatah, Sahar J.; Jami, Mohammed S.",forward,openalex,doi:10.1007/s11747-019-00696-0|doi:10.1007/s11747-020-00749-9,0
doi:10.24136/oc.2914,1724,0.000000,Purchase intentions in a chatbot environment: An examination of the effects of customer experience,2024,10.24136/oc.2914,Oeconomia Copernicana,article,"Martínez, S.; Illescas-Manzano, María D.; López, Cristina Segovia; Cardoso, Paulo Ribeiro",forward,openalex,doi:10.1108/ijrdm-08-2020-0312,0
doi:10.24136/oc.3390,1725,0.000000,Leveraging artificial intelligence in marketing: Trend or the new normal?,2025,10.24136/oc.3390,Oeconomia Copernicana,article,"Dabija, Dan‐Cristian; Frau, Moreno",forward,openalex,doi:10.1007/s11747-020-00749-9,0
doi:10.24182/2073-9885-2025-18-2-11-21,1726,0.000000,Innovative technologies in corporate sales management: a review of the current state and future directions,2025,10.24182/2073-9885-2025-18-2-11-21,Entrepreneur’s Guide,article,"Grigorian, V. V.",forward,openalex,doi:10.1007/s11747-019-00696-0,0
doi:10.24193/subbnegotia.2024.4.04,1727,0.000000,Unlocking the Shopper’s Mind: How Emerging Technologies Like Artificial Intelligence Is Shaping the Future of Retail,2024,10.24193/subbnegotia.2024.4.04,JOURNAL STUDIA UNIVERSITATIS BABES-BOLYAI NEGOTIA,article,"MITU, Florina-Gabriela; Bota, Marius; Săvan, Emanuel-Emil",forward,openalex,doi:10.1007/s11747-020-00749-9,0
doi:10.24251/hicss.2021.495,1728,0.000000,The Role of Trusting Beliefs in Voice Assistants during Voice Shopping,2021,10.24251/hicss.2021.495,Proceedings of the ... Annual Hawaii International Conference on System Sciences/Proceedings of the Annual Hawaii International Conference on System Sciences,conference-paper,"Mari, Alex; Algesheimer, René",forward,openalex,doi:10.1007/s11747-019-00696-0,0
doi:10.24251/hicss.2023.603,1729,0.000000,Ethical Marketing AI?A Structured Literature Review of the Ethical Challenges Posed by Artificial Intelligence in the Domains of Marketing and Consumer Behavior,2023,10.24251/hicss.2023.603,Proceedings of the ... Annual Hawaii International Conference on System Sciences/Proceedings of the Annual Hawaii International Conference on System Sciences,conference-paper,"Su, Yiran; Wang, Emma Junhong; Berthon, Pierre",forward,openalex,doi:10.1007/s11747-019-00696-0,0
doi:10.24269/ekuilibrium.v17i2.2022.pp110-121,1730,0.000000,Understanding Management Marketing in Digitalization and Automation Times,2022,10.24269/ekuilibrium.v17i2.2022.pp110-121,Ekuilibrium Jurnal Ilmiah Bidang Ilmu Ekonomi,article,"Rudianto, Rudianto; Misrofingah, Misrofingah; Prayoga, Diansanto; Juliana, Juliana; Sukri, Saipul Al; Pong, Kok Shiong",forward,openalex,doi:10.1007/s12599-015-0370-8,0
doi:10.24294/jipd.v8i6.3858,1731,0.000000,Enhancing marketing success in Jordanian telecom: Strategic IoT integration and brand relationship management for maximized consumer loyalty,2024,10.24294/jipd.v8i6.3858,Journal of Infrastructure Policy and Development,article,"Morshed, Amer; Al-Jabaly, Sameer M.",forward,openalex,doi:10.1080/0965254x.2018.1493523,0
doi:10.24294/jipd.v8i7.3851,1732,0.000000,The impact of AI marketing activities on consumer-based brand equity: The mediating role of brand experience,2024,10.24294/jipd.v8i7.3851,Journal of Infrastructure Policy and Development,article,"Fawal, Abir El; Mawlawi, Allam; Zakhem, Najib Bou; Baydoun, Hala; Yassine, Diala; Kassably, Caroline",forward,openalex,doi:10.1177/0008125619859317,0
doi:10.24294/jipd10084,1733,0.000000,"Artificial intelligence-driven brand strategy: Impact on awareness, image, equity, and loyalty",2024,10.24294/jipd10084,Journal of Infrastructure Policy and Development,article,"Laksamana, Patria; Saripudin, Saripudin; Suharyanto, Suharyanto; Cahaya, Yohanes Ferry",forward,openalex,doi:10.1007/s11747-020-00749-9|doi:10.1177/0008125619859317,0
doi:10.24294/jipd10226,1734,0.000000,Exploring the impact of a Generative AI Voicebot on customer service quality in a telecommunications company in Peru,2024,10.24294/jipd10226,Journal of Infrastructure Policy and Development,article,"Gamboa-Cruzado, Javier; Palomino-Morales, Bryan; Romero-Vega, Juan; Esquivel, Saúl Arauco; Meza, Ángel Núñez; Ruiz, Núria; Amayo-Gamboa, Flavio",forward,openalex,doi:10.1007/s11747-020-00749-9,0
doi:10.2478/amns-2024-2309,1735,0.000000,The positive effects of digital media design combined with AI intelligence on art brand planning and promotion,2024,10.2478/amns-2024-2309,Applied Mathematics and Nonlinear Sciences,article,"Jin, Xiaolei",forward,openalex,doi:10.1016/j.techsoc.2020.101425,0
doi:10.2478/amns-2024-2969,1736,0.000000,A Study on Personalized Digital Marketing Content Creation Based on Consumer Psychoanalysis,2024,10.2478/amns-2024-2969,Applied Mathematics and Nonlinear Sciences,article,"Zhan, Huina",forward,openalex,doi:10.1007/978-3-030-12453-3_151|doi:10.1108/wjemsd-08-2020-0099,0
doi:10.2478/amns.2023.2.00176,1737,0.000000,Optimization of cross-border e-commerce marketing strategy based on deep learning model,2023,10.2478/amns.2023.2.00176,Applied Mathematics and Nonlinear Sciences,article,"Cui, Rui",forward,openalex,doi:10.1080/0965254x.2018.1493523,0
doi:10.2478/emj-2025-0025,1738,0.000000,Convergence of marketing technologies and artificial intelligence: a bibliometric review (1987-2025),2025,10.2478/emj-2025-0025,Engineering Management in Production and Services,article,"Trojanowski, Mariusz; Barmentloo, Edyta",forward,openalex,doi:10.1007/s11747-019-00696-0|doi:10.1007/s11747-020-00749-9,0
doi:10.2478/hjbpa-2024-0006,1739,0.000000,Analyzing The Impact of Ai-Generated Email Marketing Content on Email Deliverability in Spam Folder Placement,2024,10.2478/hjbpa-2024-0006,HOLISTICA – Journal of Business and Public Administration,article,"Bouchareb, Nasser; Ismail, Morad",forward,openalex,doi:10.1007/978-3-030-12453-3_143|doi:10.1177/0008125619859317,0
doi:10.2478/manment-2019-0015,1740,0.000000,How chatbots influence marketing,2019,10.2478/manment-2019-0015,Management,article,"Kaczorowska–Spychalska, Dominika",backward,crossref|openalex,doi:10.1080/1051712x.2021.1920702|doi:10.1108/wjemsd-08-2020-0099|doi:10.58830/ozgur.pub610.c2592|doi:10.58830/ozgur.pub610.c2595,0
doi:10.2478/minib-2019-0046,1741,0.000000,Marketing Automation w jednostce badawczej - realna wartość czy mrzonka skuteczności,2019,10.2478/minib-2019-0046,Marketing Instytucji Naukowych i Badawczych,article,"Jarosławska-Sobór, Sylwia; Dulewski, Mateusz; Wasilewski, Filip",forward,openalex,doi:10.1007/s12599-015-0370-8,0
doi:10.2478/minib-2019-0050,1742,0.000000,Automation Marketing in Research Unit — Real Value or Effectiveness Fantasy,2019,10.2478/minib-2019-0050,Marketing of Scientific and Research Organizations,article,"Jarosławska-Sobór, Sylwia; Dulewski, Mateusz; Wasilewski, Filip",forward,openalex,doi:10.1007/s12599-015-0370-8,0
doi:10.2478/mmcks-2024-0020,1743,0.000000,Intelligent systems and consumer neuroscience in the age of computational advertising,2024,10.2478/mmcks-2024-0020,Management & Marketing,article,"Zámečník, Robert",forward,openalex,doi:10.1080/00913367.2020.1795954,0
doi:10.2478/nimmir-2019-0014,1744,0.000000,AI-Driven Sales Automation: Using Chatbots to Boost Sales,2019,10.2478/nimmir-2019-0014,NIM Marketing Intelligence Review,article,"Hildebrand, Christian; Bergner, Anouk",backward,crossref|openalex,doi:10.1080/1051712x.2021.1920702,0
doi:10.2478/picbe-2018-0072,1745,0.000000,Improvements in business operations and customer experience through data science and Artificial Intelligence,2018,10.2478/picbe-2018-0072,Proceedings of the ... International Conference on Business Excellence,conference-paper,"Popescu, Cristian-Constantin",backward,crossref|openalex,doi:10.4018/979-8-3693-7909-7.ch016,0
doi:10.2478/picbe-2023-0101,1746,0.000000,Assessing the Use of Artificial Intelligence in Digital Marketing. Evidence from Romanian Companies,2023,10.2478/picbe-2023-0101,Proceedings of the ... International Conference on Business Excellence,conference-paper,"Simion, Petronela Cristina; Popescu, Mirona Ana Maria",forward,openalex,doi:10.1108/wjemsd-08-2020-0099,0
doi:10.2478/picbe-2023-0103,1747,0.000000,"Customer Relationship Management, Operational Digitization, Production Optimization and Value Creation through Artificial Intelligence in e-Marketing",2023,10.2478/picbe-2023-0103,Proceedings of the ... International Conference on Business Excellence,conference-paper,"Stăncioiu, Timoné Silviu; Spînu, Adina Eleonora; Sanda, Cristina Maria; Sanda, Grigorie; Trifan, Vanina Adoriana",forward,openalex,doi:10.1016/j.jik.2020.08.001,0
doi:10.2478/picbe-2024-0199,1748,0.000000,The Role of AI in Content Development among Romanian Small Businesses,2024,10.2478/picbe-2024-0199,Proceedings of the ... International Conference on Business Excellence,conference-paper,"Tulbure, Adriana; Popescu, Anca; Neacșu, Nicoleta Andreea",forward,openalex,doi:10.1016/j.bushor.2019.12.002,0
doi:10.2478/picbe-2025-0086,1749,0.000000,The Impact of AI along the Customer Journey Mapping: How AI Agents are Changing Customer Journey,2025,10.2478/picbe-2025-0086,Proceedings of the ... International Conference on Business Excellence,conference-paper,"Vasileva, Steliana",forward,openalex,doi:10.1007/s11747-019-00696-0|doi:10.1177/0008125619859317,0
doi:10.2478/picbe-2026-0035,1750,0.000000,The (Agent-Orchestrated) Customer Journey: How AI Agent Optimization is Revolutionizing Branding,2026,10.2478/picbe-2026-0035,Proceedings of the ... International Conference on Business Excellence,conference-paper,"Vasileva, Steliana",forward,openalex,doi:10.1007/s11747-019-00696-0,0
doi:10.2478/picbe-2026-0259,1751,0.000000,Trust in AI-Driven Avatar Marketing: A Bibliometric Analysis of Ethical Concerns and Research Trends,2026,10.2478/picbe-2026-0259,Proceedings of the ... International Conference on Business Excellence,conference-paper,"Blaj, Andra; Neacșu, Nicoleta Andreea; Grancea, Adrian",forward,openalex,doi:10.1080/23311975.2024.2427428,0
doi:10.2478/picbe-2026-0265,1752,0.000000,The Strategic Adoption of Artificial Intelligence in Organisations as a Driver of Digital Marketing Transformation,2026,10.2478/picbe-2026-0265,Proceedings of the ... International Conference on Business Excellence,conference-paper,"Croitoru, Gabriel; Florea, Nicoleta Valentina; FERNANDEZ, Georgeta; Croitoru, Mihai Bogdan",forward,openalex,doi:10.1007/s11747-019-00696-0,0
doi:10.2478/picbe-2026-0266,1753,0.000000,AI versus Human Advertising: Interview Analysis in Romania,2026,10.2478/picbe-2026-0266,Proceedings of the ... International Conference on Business Excellence,conference-paper,"DĂNESCU, Andra",forward,openalex,doi:10.1080/00913367.2019.1654421,0
doi:10.2478/sbe-2023-0060,1754,0.000000,Programmatic Advertising and Online Publishers: The Case of Libertatea.Ro,2023,10.2478/sbe-2023-0060,Studies in Business and Economics,article,"Ungureanu, Andrei; Belaşcu, Lucian; Horobeţ, Alexandra; Ionuț, Marius Croitoru",backward,crossref|openalex,doi:10.4018/979-8-3693-7041-4.ch006,0
doi:10.2478/sbe-2025-0025,1755,0.000000,Decoding the Personalization-Privacy Paradox: From Thematic Scholarly Clusters to Practical Insights,2025,10.2478/sbe-2025-0025,Studies in Business and Economics,article,"Duralia, Oana; Ogrean, Claudia; Țichindelean, Mihai; Țichindelean, Monica-Teodora",backward,crossref|openalex,doi:10.3390/jtaer21060179,0
doi:10.2478/stcb-2020-0002,1756,0.000000,Extent of data utilization within digital marketing processes,2020,10.2478/stcb-2020-0002,Studia Commercialia Bratislavensia,article,"Kuchta, Martin",forward,openalex,doi:10.1007/s11747-019-00696-0,0
doi:10.2478/wrlae-2025-0011,1757,0.000000,How is AI changing work in the marketing industry?,2025,10.2478/wrlae-2025-0011,Wroclaw Review of Law Administration & Economics,article,"Lupa-Wójcik, Iwona",forward,openalex,doi:10.1016/j.bushor.2019.12.002|doi:10.1177/18393349211037684,0
doi:10.24874/pes05.04.003,1758,0.000000,APPLICATION OF ARTIFICIAL INTELLIGENCE TECHNOLOGY IN DIGITAL MARKETING SYSTEMS,2023,10.24874/pes05.04.003,Proceedings on Engineering Sciences,article,"Makki, Abdulelah",forward,openalex,doi:10.1007/978-3-030-12453-3_151|doi:10.1007/978-3-030-72080-3_20|doi:10.1108/wjemsd-08-2020-0099|doi:10.1177/18393349211037684,0
doi:10.24889/ifede.1788481,1759,0.000000,AGENT-ORIENTED TRANSFORMATION OF MARKETING FUNCTIONS IN THE GENERATIVE AI ERA: INTRODUCING THE MARKETING AGENT LOOP,2026,10.24889/ifede.1788481,Dokuz Eylül Üniversitesi İşletme Fakültesi Dergisi,article,"Yurdabak, Merve Kadriye",forward,openalex,doi:10.1007/s11747-019-00696-0|doi:10.1007/s11747-020-00749-9,0
doi:10.24912/je.v29i3.2322,1760,0.000000,Pengaruh Penggunaan Dan Respons Chatbot Terhadap Kepuasan Konsumen E-Commerce,2024,10.24912/je.v29i3.2322,Jurnal Ekonomi,article,"Takaria, Zifora Yanesya; Tjokrosaputro, Miharni",forward,openalex,doi:10.1108/ijrdm-08-2020-0312,0
doi:10.2501/jar-2018-035,1761,0.000000,Artificial Intelligence in Advertising,2018,10.2501/jar-2018-035,Journal of Advertising Research,article,"Kietzmann, Jan; Paschen, Jeannette; Treen, Emily",backward,crossref|openalex,doi:10.1007/978-3-030-48230-5_7|doi:10.1007/978-3-030-72080-3_20|doi:10.1016/j.ausmj.2020.04.002|doi:10.1016/j.compeleceng.2020.106723|doi:10.1080/00913367.2022.2111728|doi:10.1080/0965254x.2022.2148269|doi:10.25139/jsk.v5i3.3077|doi:10.3389/fpsyg.2022.856663,0
doi:10.2501/jar-2021-004,1762,0.000000,Understanding AI Advertising From the Consumer Perspective,2021,10.2501/jar-2021-004,Journal of Advertising Research,article,"Wu, Linwan; Wen, Taylor Jing",forward,openalex,doi:10.1080/00913367.2019.1654421,0
doi:10.2501/jar-2022-012,1763,0.000000,What Makes Consumers Willing to Share Their Data in Addressable TV Advertising?,2022,10.2501/jar-2022-012,Journal of Advertising Research,article,"Schaepdrijver, Leen De; Baecke, Philippe; Tackx, Koen",forward,openalex,doi:10.1007/978-3-658-22681-7_3,0
doi:10.2501/jar-2022-017,1764,0.000000,How Deepfakes and Artificial Intelligence Could Reshape the Advertising Industry,2022,10.2501/jar-2022-017,Journal of Advertising Research,article,"Campbell, Colin; Plangger, Kirk; Sands, Sean; Kietzmann, Jan; Bates, Kenneth",forward,openalex,doi:10.1016/j.bushor.2019.12.002|doi:10.1080/00913367.2019.1654421,0
doi:10.25082/fmb.2026.01.002,1765,0.000000,Analysis of Personalized Recommendation Systems’ Impacts on Consumer Purchase Decision-Making in Digital E-Commerce under Data-Driven Marketing,2026,10.25082/fmb.2026.01.002,Financial Metrics in Business,article,"Taleghani, Mohammad",forward,openalex,doi:10.1007/s11747-019-00696-0,0
doi:10.25120/jre.4.2.2024.4153,1766,0.000000,Can generative artificial intelligence help or hinder sustainable marketing?,2024,10.25120/jre.4.2.2024.4153,Journal of Resilient Economies (ISSN 2653-1917),article,"McCarthy, Breda",forward,openalex,doi:10.1007/s11747-019-00696-0,0
doi:10.25139/jsk.v5i3.3077,1767,0.000000,Programmatic: strategi efektif pemasangan iklan di era digital,2021,10.25139/jsk.v5i3.3077,Jurnal Studi Komunikasi (Indonesian Journal of Communications Studies),article,"Putra, Rakasiwi Permana; Irwansyah, Irwansyah",forward,openalex,doi:10.1007/978-3-319-25023-6_1|doi:10.1080/00913367.2019.1654421|doi:10.3145/epi.2017.mar.06,0
doi:10.25204/iktisad.1345154,1768,0.000000,Artificial Intelligence vs Human in Advertisement Text Writing,2023,10.25204/iktisad.1345154,İktisadi İdari ve Siyasal Araştırmalar Dergisi,article,"Yılmaz, Aykut",forward,openalex,doi:10.1177/0008125619859317,0
doi:10.25287/ohuiibf.1571107,1769,0.000000,TÜRKİYE’DE DİJİTAL PAZARLAMA STRATEJİLERİNDE YAPAY ZEKÂNIN ETKİSİ VE GELECEĞİ,2025,10.25287/ohuiibf.1571107,Ömer Halisdemir Üniversitesi İktisadi ve İdari Bilimler Fakültesi Dergisi,article,"ŞIKER, Perihan",forward,openalex,doi:10.1007/s11747-019-00696-0|doi:10.1177/0008125619859317,0
doi:10.25295/fsecon.1449755,1770,0.000000,"The Effect of Product Personalization on Consumer Purchasing Intention, Customer Satisfaction, Brand Loyalty and Artificial Intelligence Applications with Machine Learning",2024,10.25295/fsecon.1449755,Fiscaoeconomia,article,"Ballı, Abdullah",forward,openalex,doi:10.1016/j.bushor.2019.12.002,0
doi:10.25295/fsecon.1900806,1771,0.000000,Dijital Müşteri Deneyimi Bağlamında Artırılmış Gerçeklik Uygulamalarında Algılanan Değerin İncelenmesi: Sephora Örneği,2026,10.25295/fsecon.1900806,Fiscaoeconomia,article,"ÖZATAR, Aslıhan BEKAROĞLU; Varan, Aysun",forward,openalex,doi:10.1007/s11747-020-00749-9,0
doi:10.25300/misq/2016/40.3.10,1772,0.000000,The Making of a Good Impression: Information Hiding in Ad Exchanges1,2016,10.25300/misq/2016/40.3.10,MIS Quarterly,article,"Sun, Zhen; Dawande, Milind; Janakiraman, Ganesh; Mookerjee, Vijay",backward,crossref|openalex,doi:10.1007/978-3-030-48230-5_7|doi:10.1108/itp-09-2019-0480,0
doi:10.25300/misq/2025/17607,1773,0.000000,Enhancing AI-Assisted Purchase Decisions: The Role of the Sense of Autonomy,2025,10.25300/misq/2025/17607,MIS Quarterly,article,"Hou, Jinghui; Yang, Shuai; Xiong, Guiyang; Pavlou, Paul A.",forward,openalex,doi:10.1007/s11747-019-00696-0,0
doi:10.26417/897ovg79t,1774,0.000000,Challenges in Decoding Consumer Behavior with Data Science,2020,10.26417/897ovg79t,European Journal of Economics and Business Studies,article,"Chkoniya, Valentina",forward,openalex,doi:10.1007/s11747-019-00696-0,0
doi:10.26425/2658-347x-2020-3-4-19-24,1775,0.000000,Technologies for personalization of brand marketing communications using artificial intelligence,2021,10.26425/2658-347x-2020-3-4-19-24,Digital sociology,article,"Timokhovich, A. N.; Bulycheva, O. S.",backward,openalex,doi:10.58830/ozgur.pub610.c2595,0
doi:10.26441/rc25.2-2026-4480,1776,0.000000,Inteligencia artificial generativa y liderazgo en agencias de publicidad: transformaciones del proceso creativo en España,2026,10.26441/rc25.2-2026-4480,Revista de Comunicación,article,"Antolín-Prieto, Rebeca; Ruiz-Lacaci, Nuria",forward,openalex,doi:10.1007/s11747-019-00696-0|doi:10.1007/s11747-020-00749-9,0
doi:10.26573/2023.17.2.3,1777,0.000000,Effectiveness of Hyper Localized Data Driven Advertisements in India,2023,10.26573/2023.17.2.3,AIMS International Journal of Management,article,"Shah, Suraj",forward,openalex,doi:10.1007/s11747-020-00749-9|doi:10.1177/0008125619859317,0
doi:10.26745/ahbvuibfd.1227000,1778,0.000000,Pazarlamada Yeni Trendler ve Dijital Reklamın Post Covid Sonrası Eğilimleri,2023,10.26745/ahbvuibfd.1227000,Ankara Hacı Bayram Veli Üniversitesi İktisadi ve İdari Bilimler Fakültesi Dergisi,article,"Eren, Gül Kadriye Karakaya",forward,openalex,doi:10.1016/j.indmarman.2020.07.022|doi:10.1016/j.techsoc.2020.101425,0
doi:10.26794/2304-022x-2026-16-1-116-125,1779,0.000000,Integration of Artificial Intelligence-Based Marketing Technologies into the Strategic Management System of a Company,2026,10.26794/2304-022x-2026-16-1-116-125,Management Sciences,article,"Tretiakov, A. S.",forward,openalex,doi:10.1007/s11747-019-00696-0,0
doi:10.26794/2308-944x-2023-11-3-6-17,1780,0.000000,An Examination of the Opportunities and Challenges of Conversational Artificial Intelligence in Small and Medium Enterprises,2023,10.26794/2308-944x-2023-11-3-6-17,Review of Business and Economics Studies,article,"Ridho, Wahyu Fahrul",forward,openalex,doi:10.1007/s11747-019-00696-0|doi:10.1108/ijrdm-08-2020-0312,0
doi:10.28925/2524-2652.2026.119,1781,0.000000,Brand Voice Management in the Era of Large Language Models,2026,10.28925/2524-2652.2026.119,Integrated communications,article,"Kanishchev, Serhii",forward,openalex,doi:10.1007/s11747-020-00749-9,0
doi:10.28991/esj-2023-07-02-01,1782,0.000000,Artificial Intelligence and Its Ethical Implications for Marketing,2023,10.28991/esj-2023-07-02-01,Emerging Science Journal,article,"Gonçalves, Ana Rita; Pinto, Diego Costa; Rita, Paulo; Pires, Tamara Cubiaki",forward,openalex,doi:10.1007/s11747-019-00696-0|doi:10.1177/0008125619859317,0
doi:10.29030/2309-2076-2025-18-3-60-79,1783,0.000000,The possibility of using artifi cial intelligence in the formation of marketing strategies,2025,10.29030/2309-2076-2025-18-3-60-79,Scientific Journal ECONOMIC SYSTEMS,article,"Petukhova, A. S.; Rozhkov, M. I.; Kushch, S. P.",forward,openalex,doi:10.1007/978-3-030-12453-3_143|doi:10.1007/s11747-020-00749-9,0
doi:10.29064/ijma.1194949,1784,0.000000,Yapay Zekâ Uygulamalarının E-Ticarette Kullanımı,2023,10.29064/ijma.1194949,International Journal of Management and Administration,article,"Güven, Hüseyin; Güven, Emine Türkan Ayvaz",backward,openalex,doi:10.58830/ozgur.pub610.c2592,0
doi:10.29064/ijma.1412272,1785,0.000000,The Future of Marketing: The Transformative Power of Artificial Intelligence,2024,10.29064/ijma.1412272,International Journal of Management and Administration,article,"Şenyapar, Hafize Nurgül Durmuş",forward,openalex,doi:10.1007/s11747-020-00749-9|doi:10.1108/ijrdm-08-2020-0312,0
doi:10.29105/pc.v7i1.86,1786,0.000000,"Inteligencia Artificial, Diseño Emocional y Ética",2026,10.29105/pc.v7i1.86,Paradigma Creativo .,article,"Torres, Valeria Mejía",forward,openalex,doi:10.1007/s11747-019-00696-0,0
doi:10.29119/1641-3466.2022.167.35,1787,0.000000,Customer service in the digital reality. Challenges for contemporary companies,2022,10.29119/1641-3466.2022.167.35,Scientific Papers of Silesian University of Technology Organization and Management Series,article,,forward,openalex,doi:10.1016/j.techsoc.2020.101425,0
doi:10.29121/granthaalayah.v12.i4.2024.6664,1788,0.000000,EXAMINING THE ROLE OF ARTIFICIAL INTELLIGENCE IN ENHANCING PERSONALIZATION STRATEGIES AND CUSTOMER EXPERIENCE IN E-COMMERCE,2024,10.29121/granthaalayah.v12.i4.2024.6664,International Journal of Research -GRANTHAALAYAH,article,"Mukund, G; Tripathi, Harshit",forward,openalex,doi:10.1108/ijrdm-08-2020-0312,0
doi:10.29121/shodhkosh.v5.i3.2024.1132,1789,0.000000,USE AND EFFICACY OF AI PLATFORMS FOR CONTENT CREATION TO INFLUENCE TRAVEL THROUGH SOCIAL MEDIA,2024,10.29121/shodhkosh.v5.i3.2024.1132,ShodhKosh Journal of Visual and Performing Arts,article,"Chawla, Sayani; Sood, Ritu S; Chawla, Amit",forward,openalex,doi:10.1016/j.bushor.2019.12.002,0
doi:10.29121/shodhkosh.v5.i6.2024.1911,1790,0.000000,ROLE OF INTERNET OF THINGS (IOT) IN REVOLUTIONIZING DIGITAL MARKETING,2024,10.29121/shodhkosh.v5.i6.2024.1911,ShodhKosh Journal of Visual and Performing Arts,article,"Dhanawade, Murlidhar; Nikam, Poonam; Mane, Shivaji Tukaram",forward,openalex,doi:10.1080/0965254x.2018.1493523,0
doi:10.29121/shodhkosh.v5.i6.2024.5093,1791,0.000000,ROLE OF AI IN SOCIAL MEDIA MARKETING,2024,10.29121/shodhkosh.v5.i6.2024.5093,ShodhKosh Journal of Visual and Performing Arts,article,"Shah, Swapnil A.; Awari, Nilesh P.; Mahisekar, Devkumar",forward,openalex,doi:10.1108/wjemsd-08-2020-0099,0
doi:10.29121/shodhkosh.v5.i6.2024.5606,1792,0.000000,REVOLUTIONIZING CONSUMER ENGAGEMENT THE INTERSECTION OF DIGITAL MARKETING AND MARKETING 5.0,2024,10.29121/shodhkosh.v5.i6.2024.5606,ShodhKosh Journal of Visual and Performing Arts,article,"Gujarathi, Shital",forward,openalex,doi:10.1007/978-3-030-12453-3_151,0
doi:10.29121/shodhkosh.v5.i7.2024.4647,1793,0.000000,"AI-POWERED INNOVATION IN DEPARTMENTAL STORES: A STUDY OF ITS INFLUENCE ON CUSTOMER EXPERIENCE, EFFICIENCY, AND BUSINESS GROWTH",2024,10.29121/shodhkosh.v5.i7.2024.4647,ShodhKosh Journal of Visual and Performing Arts,article,"., Kushal Desai; Mehta, Mona",forward,openalex,doi:10.1177/0008125619859317,0
doi:10.29121/shodhkosh.v7.i5s.2026.7173,1794,0.000000,"REIMAGINING HOSPITALITY THROUGH DIGITAL EXPERIENCE DESIGN: AI, SENSORY MEDIA, AND PERSONALIZED GUEST JOURNEYS",2026,10.29121/shodhkosh.v7.i5s.2026.7173,ShodhKosh Journal of Visual and Performing Arts,article,"Deeksha, Dr.; Sachan, Shivansu; Arya, Aishwarya; Kumar, Ankit; Srivastava, Vanshika; Singh, Prashant",forward,openalex,doi:10.1007/s11747-020-00749-9,0
doi:10.29121/shodhprabandhan.v3.i1.2026.83,1795,0.000000,THE IMPACT OF ARTIFICIAL INTELLIGENCE ON MARKETING STRATEGIES IN FAST-PACED BUSINESS ENVIRONMENTS,2026,10.29121/shodhprabandhan.v3.i1.2026.83,ShodhPrabandhan Journal of Management Studies,article,"Goel, Akshay; Kanwa, Anil",forward,openalex,doi:10.1007/s11747-019-00696-0,0
doi:10.29121/shodhvichar.v1.i2.2025.54,1796,0.000000,IS DIGITAL MARKETING SIMPLY COMMUNICATION EVOLVED? A STUDY ON HOW DIGITAL PLATFORMS RESHAPE BRAND–CUSTOMER INTERACTION,2025,10.29121/shodhvichar.v1.i2.2025.54,ShodhVichar Journal of Media and Mass Communication,article,"Harjai, Vidhi; Nair, Reshma; Sharma, Bhawna",forward,openalex,doi:10.1007/s11747-020-00749-9,0
doi:10.29147/datjournal.v8i2.709,1797,0.000000,Design de varejo e experiência de compra em espaços figitais – teoria e prática,2023,10.29147/datjournal.v8i2.709,DAT Journal,article,"Sanzi, Gianpietro; Cattani, Airton; Scherer, Fabiano de Vargas",forward,openalex,doi:10.1007/978-3-319-68750-6_18,0
doi:10.29207/resti.v7i5.4531,1798,0.000000,Precision Marketing Model using Decision Tree on e-Commerce Case Study Orebae.com,2023,10.29207/resti.v7i5.4531,Jurnal RESTI (Rekayasa Sistem dan Teknologi Informasi),article,"Sanjaya, Fadil Indra; Kalifia, Anna Dina",forward,openalex,doi:10.1016/j.jik.2020.08.001,0
doi:10.29316/rs/219966,1799,0.000000,Using artificial intelligence in marketing,2026,10.29316/rs/219966,Rozprawy Społeczne,article,"Kamiński, Jacek",forward,openalex,doi:10.1007/s11747-020-00749-9,0
doi:10.2991/978-94-6463-030-5_42,1800,0.000000,Marketing Strategies Based on Machine Learning Approaches,2022,10.2991/978-94-6463-030-5_42,Atlantis Highlights in Intelligent Systems/Atlantis highlights in intelligent systems,book-chapter,"Yin, Yuan-zheng",backward,openalex,doi:10.58830/ozgur.pub610.c2592|doi:10.58830/ozgur.pub610.c2595,0
doi:10.2991/aebmr.k.220701.031,1801,0.000000,Digital Marketing Impact on Consumer Decision-Making Process,2022,10.2991/aebmr.k.220701.031,"Advances in economics, business and management research/Advances in Economics, Business and Management Research",conference-paper,"Hamdani, Nizar Alam; Muladi, Rio; Maulani, Galih Abdul Fatah",forward,openalex,doi:10.1016/j.indmarman.2020.07.022,0
doi:10.2991/ahsseh.k.220105.006,1802,0.000000,Unleashing the Potential of Artificial Intelligence (AI) in Customer Journey of Cognitive Marketing and Consciousness Intention in E-Commerce Websites,2022,10.2991/ahsseh.k.220105.006,"Atlantis highlights in social sciences, education and humanities/Atlantis Highlights in Social Sciences, Education and Humanities",conference-paper,"Mahapatra, Durga Madhab; Patra, Soumendra Kumar; Baral, Sukanta Kumar",forward,openalex,doi:10.1007/s11747-019-00696-0,0
doi:10.2991/assehr.k.210121.163,1803,0.000000,Influence Mechanism Research on the AI Marketing Technology of Online Shopping Platform on Consumers’ Purchase Intention,2021,10.2991/assehr.k.210121.163,Proceedings of the 6th Annual International Conference on Social Science and Contemporary Humanity Development (SSCHD 2020),conference-paper,"Yin, Jiwang; Qiu, Xiaodong",forward,openalex,doi:10.1177/0008125619859317,0
doi:10.2991/ijcis.d.200127.002,1804,0.000000,Examining the Impact of Artificial Intelligence (AI)-Assisted Social Media Marketing on the Performance of Small and Medium Enterprises: Toward Effective Business Management in the Saudi Arabian Context,2020,10.2991/ijcis.d.200127.002,International Journal of Computational Intelligence Systems,article,"Basri, Wael Sh.",forward,openalex,doi:10.1007/978-3-030-12453-3_151,0
doi:10.30525/2661-5169/2025-2-1,1805,0.000000,IMPLEMENTATION OF ARTIFICIAL INTELLIGENCE IN MARKETING STRATEGY OF FINANCIAL SERVICES,2025,10.30525/2661-5169/2025-2-1,Green Blue and Digital Economy Journal,article,"Kloba, Lev; Kloba, Victor",forward,openalex,doi:10.1007/978-3-030-12453-3_143,0
doi:10.30554/lumina.v25.n2.5147.2024,1806,0.000000,Optimization of Marketing Strategies Employing LLMs: A Systematic Review,2024,10.30554/lumina.v25.n2.5147.2024,Lúmina,article,"Moreno, Juan Guillermo Saurith; Galan, Daniel Camilo Blanco; Garizado, Sebastian Mindiola; Ruiz-Muñoz, José Francisco",forward,openalex,doi:10.1007/978-3-030-12453-3_151|doi:10.1177/18393349211037684,0
doi:10.30574/ijsra.2023.9.2.0663,1807,0.000000,Customer segmentation analysis for improving sales using clustering,2023,10.30574/ijsra.2023.9.2.0663,International Journal of Science and Research Archive,article,"DURGA, PILLI SRI; PAULSON, J. A.; SRINIVASAREDDY, MARRI",backward,openalex,doi:10.58830/ozgur.pub610.c2592|doi:10.58830/ozgur.pub610.c2595,0
doi:10.30574/msarr.2024.11.1.0077,1808,0.000000,A review of strategic decision-making in marketing through big data and analytics,2024,10.30574/msarr.2024.11.1.0077,Magna Scientia Advanced Research and Reviews,article,"Nnaji, Uzoma Okwudili; Benjamin, Lucky Bamidele; Eyo-Udo, Nsisong Louis; Etukudoh, Emmanuel Augustine",backward,openalex,doi:10.58830/ozgur.pub610.c2592|doi:10.58830/ozgur.pub610.c2595,0
doi:10.30574/wjarr.2024.21.1.2655,1809,0.000000,Artificial intelligence marketing and customer satisfaction: An employee job security threat review,2024,10.30574/wjarr.2024.21.1.2655,World Journal of Advanced Research and Reviews,article,"Eshiett, Idongesit Oto; Eshiett, Oto Eyamba",forward,openalex,doi:10.1007/s11747-019-00696-0|doi:10.1177/0008125619859317,0
doi:10.30574/wjarr.2024.21.2.0395,1810,0.000000,Digital marketing analytics: A review of strategies in the age of big data and AI,2024,10.30574/wjarr.2024.21.2.0395,World Journal of Advanced Research and Reviews,article,"Adeleye, Rhoda Adura; Awonuga, Kehinde Feranmi; Asuzu, Onyeka Franca; Ndubuisi, Ndubuisi Leonard; Tubokirifuruar, Tula Sunday",backward|forward,openalex,doi:10.1016/j.bushor.2019.12.002|doi:10.58830/ozgur.pub610.c2592|doi:10.58830/ozgur.pub610.c2595,0
doi:10.30574/wjarr.2024.21.3.0779,1811,0.000000,Reinventing the retail experience: The case of amazon GO,2024,10.30574/wjarr.2024.21.3.0779,World Journal of Advanced Research and Reviews,article,"Varma, Anil Kumar; Varde, Yashswini; Ray, Samrat",backward,crossref|openalex,doi:10.1007/978-3-658-46399-1_72-1,0
doi:10.30630/joiv.1.1.10,1812,0.000000,Customer Relationship Management and Machine Learning Technology for Identifying the Customer,2017,10.30630/joiv.1.1.10,JOIV International Journal on Informatics Visualization,article,"Amnur, Hidra",backward,openalex,doi:10.33140/eoa.02.01.04,0
doi:10.30857/2786-5398.2025.1.7,1813,0.000000,AUTOMATION IN DIGITAL MARKETING: HOW AI TECHNOLOGIES HAVE CHANGED MARKETING STRATEGIES,2025,10.30857/2786-5398.2025.1.7,Journal of Strategic Economic Research,article,"Gorodetskiy, Yuriy D.",forward,openalex,doi:10.1016/j.bushor.2019.12.002,0
doi:10.30892/gtg.53214-1226,1814,0.000000,REDEFINING CONSUMER ENGAGEMENT: THE IMPACT OF AI AND MACHINE LEARNING ON MARKETING STRATEGIES IN TOURISM AND HOSPITALITY,2024,10.30892/gtg.53214-1226,GeoJournal of Tourism and Geosites,article,"CUNHA, Maria Nascimento; Portugal, CIAC - Centro de Investigação em Artes e Comunicação, Lisboa,; Pereira, Manuel Sousa; Cardoso, António; FIGUEIREDO, Jorge; Oliveira, Isabel",forward,openalex,doi:10.1007/s11747-019-00696-0|doi:10.1016/j.jik.2020.08.001,0
doi:10.31004/jrpp.v8i1.41545,1815,0.000000,PEMASARAN DIGITAL DAN KECERDASAN BUATAN GENERATIF: SUATU TINJAUAN LITERATUR,2025,10.31004/jrpp.v8i1.41545,Jurnal Review Pendidikan dan Pengajaran,article,"Santoso, Fajar; Artha, Bhenu; Khotimah, Reni; Rajagukguk, Ester Wulan Pestaria",forward,openalex,doi:10.1007/978-3-030-12453-3_143|doi:10.1177/18393349211037684,0
doi:10.3103/s1068798x26700486,1816,0.000000,The Impact of Artificial Intelligence on Personalization of Marketing Strategies in High-Tech Industries,2026,10.3103/s1068798x26700486,Russian Engineering Research,article,"Arsenyeva, N. V.; Kolosova, V. V.; Tikhonov, G. V.",forward,openalex,doi:10.1007/s11747-019-00696-0,0
doi:10.31123/akil.1539417,1817,0.000000,Tüketicilerin Üretken Yapay Zekâ Uygulamaları ile Oluşturulan Reklamlara Yönelik Algı ve Davranışları Üzerine Bir Saha Araştırması,2024,10.31123/akil.1539417,Akdeniz Üniversitesi İletişim Fakültesi Dergisi,article,"Çeber, Burak; Çeliker, S. Ahmet",forward,openalex,doi:10.1007/s11747-019-00696-0|doi:10.1080/00913367.2022.2111728,0
doi:10.31181/jscda31202562,1818,0.000000,A Review of Data Analytics and Machine Learning for Personalization in Tech Sector Marketing,2025,10.31181/jscda31202562,Journal of Soft Computing and Decision Analytics,article,"Zare, Zahra; Sifat, Annur Islam; Karataş, Mümtaz",forward,openalex,doi:10.1016/j.jik.2020.08.001,0
doi:10.3126/mef.v12i01.45901,1819,0.000000,The Role of Artificial Intelligence in the Evolution of Brand Voice in Multimedia,2022,10.3126/mef.v12i01.45901,Molung Educational Frontier,article,"Surikova, Jūlija; Siroda, Sati; Bhattarai, Bharat",forward,openalex,doi:10.1007/s11747-019-00696-0|doi:10.1016/j.bushor.2019.12.002|doi:10.1177/0008125619859317,0
doi:10.31357/ajmm.v3i01.7304,1820,0.000000,AI-Driven Sustainable Video Marketing Strategies: Harnessing Deep Learning Algorithms to Sustainable Advertising Campaigns with Special Reference to the Education Industry,2024,10.31357/ajmm.v3i01.7304,Asian Journal of Marketing Management,article,"Ediriweera, C.; Fernando, M.T.; Pramudika, Hansini",forward,openalex,doi:10.1007/s11747-020-00749-9,0
doi:10.31435/ijite.4(52).2025.4395,1821,0.000000,LEVERAGING ARTIFICIAL INTELLIGENCE TECHNOLOGIES IN DIGITAL MARKETING STRATEGIES TO ENHANCE COMPETITIVENESS IN ALGERIAN ENTERPRISES: A CASE STUDY OF VENUS COMPANY,2025,10.31435/ijite.4(52).2025.4395,International Journal of Innovative Technologies in Economy,article,"Ahmed, L. Jubair",forward,openalex,doi:10.1007/s11747-019-00696-0,0
doi:10.3145/epi.2017.mar.06,1822,0.000000,Ethical implications of digital advertising automation: The case of programmatic advertising in Spain,2017,10.3145/epi.2017.mar.06,El Profesional de la Informacion,article,"Martínez, Inmaculada José Martínez; Aguado, Juan-Miguel; Boeykens, Yannick",backward|forward,crossref|openalex,doi:10.1007/978-3-031-96930-0_11|doi:10.1007/978-3-319-25023-6_1|doi:10.1016/j.techfore.2019.03.020|doi:10.1080/22041451.2019.1561398|doi:10.25139/jsk.v5i3.3077|doi:10.4018/979-8-3693-7041-4.ch003|doi:10.47772/ijriss.2021.5830,0
doi:10.3145/epi.2018.ene.18,1823,0.000000,El ecosistema programático. La nueva publicidad digital que conecta datos con personas,2018,10.3145/epi.2018.ene.18,El Profesional de la Informacion,article,"Durán, María Victoria Carrillo; Rodríguez-Silgado, Ana",backward|forward,crossref|openalex,doi:10.1080/0965254x.2022.2148269|doi:10.3145/epi.2017.mar.06,0
doi:10.3145/epi.2022.sep.11,1824,0.000000,Digital audio and programmatic ad buying: status and prospects in the post-pandemic context,2022,10.3145/epi.2022.sep.11,El Profesional de la Informacion,article,"Pintado, Pablo Garrido; Benito, David Cordón; Espínola, Lidia Maestro",forward,openalex,doi:10.3145/epi.2017.mar.06,0
doi:10.31617/1.2024(154)06,1825,0.000000,Digital marketing automation,2024,10.31617/1.2024(154)06,SCIENTIA FRUCTUOSA,article,"Iankovets, Tetiana",forward,openalex,doi:10.1016/j.indmarman.2019.12.008,0
doi:10.31637/epsir-2024-471,1826,0.000000,"Tendencias en el Customer Experience: Análisis desde la DATA, la estrategia y la innovación.",2024,10.31637/epsir-2024-471,European Public & Social Innovation Review,article,"Calderón, Yurani Sánchez",forward,openalex,doi:10.1016/j.techfore.2023.122342|doi:10.3390/joitmc7020114,0
doi:10.31671/doujournal.1616732,1827,0.000000,PAZARLAMADA SANAL ETKİLEYİCİLER VE YAPAY ZEKÂ: UYGULAMA AÇIĞI VE BİLGİ EKSİKLERİ ÜZERİNE BİR İNCELEME,2026,10.31671/doujournal.1616732,Doğuş Üniversitesi Dergisi,article,"Bozdağ, Ayşe Aslı",forward,openalex,doi:10.1007/s11747-019-00696-0|doi:10.1016/j.indmarman.2020.07.022,0
doi:10.31876/rcs.v30i2.41906,1828,0.000000,Mapping digital marketing research in social networks: A short-term bibliometric analysis (2018-2023),2024,10.31876/rcs.v30i2.41906,,article,"Rodriguez, Peixoto; Espina-Romero, Lorena C.",forward,openalex,doi:10.1016/j.indmarman.2020.07.022,0
doi:10.31891/2307-5732-2022-313-5-279-287,1829,0.000000,METHOD OF FORMING THE CONTEXT OF ADVERTISING AND TARGET AUDIENCE BASED ON ASSOCIATIVE RULES LEARNING,2022,10.31891/2307-5732-2022-313-5-279-287,Herald of Khmelnytskyi National University Technical sciences,article,"Lipianina-Honcharenko, Khrystyna; Komar, Myroslav; Sachenko, Anatoliy; Лендюк, Тарас",forward,openalex,doi:10.1016/j.compeleceng.2020.106723,0
doi:10.31891/2307-5740-2023-316-2-49,1830,0.000000,FEATURES OF THE USE OF ARTIFICIAL NEURAL NETWORKS IN DIGITAL MARKETING,2023,10.31891/2307-5740-2023-316-2-49,Herald of Khmelnytskyi National University Economic sciences,article,"VENHER, Evheniy; Nikulcha, Valentyn",forward,openalex,doi:10.1007/s11747-019-00696-0|doi:10.1007/s11747-020-00749-9,0
doi:10.31893/multirev.2024spe074,1831,0.000000,Ways to use artificial intelligence to improve the personalisation of marketing strategies and improve the effectiveness of communication with consumers,2024,10.31893/multirev.2024spe074,Multidisciplinary Reviews,article,"Kotyrlo, Oksana; Набока, Руслан; Nestor, Vitalii; Tyshko, Dmytro; Panasenko, Oleksii",forward,openalex,doi:10.1007/s11747-019-00696-0|doi:10.1007/s11747-020-00749-9|doi:10.1177/0008125619859317,0
doi:10.31893/multirev.2025224,1832,0.000000,Impact of artificial intelligence on the personalization of the customer experience: A systematic literature review,2025,10.31893/multirev.2025224,Multidisciplinary Reviews,review,"Timimi, Hasnae; Baaddi, Mohammed; Bennouna, Amina",forward,openalex,doi:10.1007/s11747-020-00749-9,0
doi:10.31893/multirev.2025ss0310,1833,0.000000,Analyzing the moderating role of brand awareness in the relationship between the digital advertising revolution and purchasing goals in B2B companies,2025,10.31893/multirev.2025ss0310,Multidisciplinary Reviews,article,"Kumar, D. Barani; Raja, M.; Ghosh, Partha Pratim; Kansal, Amit; Navya, Kotte; Shrishti, Pooja",forward,openalex,doi:10.1016/j.indmarman.2020.07.022|doi:10.1016/j.techsoc.2020.101425,0
doi:10.31893/multirev.2025ss0330,1834,0.000000,Exploring AI-powered sentiment analysis for customer feedback and implications for digital marketing,2025,10.31893/multirev.2025ss0330,Multidisciplinary Reviews,article,"Prakash, Om; Manoranjan, Dash; Dinesh, Nandita; Agarwal, Varsha; Malhotra, Abhiraj; Pandey, Noopur",forward,openalex,doi:10.1177/18393349211037684,0
doi:10.31893/multirev.2026089,1835,0.000000,The factors influencing digital marketing adoptim in servise-based SMEs in Albania and Kosovo: A TAM approach to barriers and challenges in Western Balkan economies,2025,10.31893/multirev.2026089,Multidisciplinary Reviews,article,"Hasani, Bajram",forward,openalex,doi:10.1016/j.techsoc.2020.101425,0
doi:10.31893/multirev.2026386,1836,0.000000,Systematic analysis of trends and research methods in digital marketing: A scopus literature review 2024-2025,2026,10.31893/multirev.2026386,Multidisciplinary Reviews,article,"Suryanegara, Erwin; Indradewa, Rhian; Anindita, Rina; Alif, M. Gunawan",forward,openalex,doi:10.1007/s11747-019-00696-0|doi:10.1080/23311975.2024.2427428,0
doi:10.31893/multirev.2026417,1837,0.000000,Artificial intelligence for emotion-aware customer journeys: A systematic literature review,2026,10.31893/multirev.2026417,Multidisciplinary Reviews,review,"Bhilat, Hind El; Baaddi, Mohammed",forward,openalex,doi:10.1007/s11747-020-00749-9,0
doi:10.31893/multirev.2026430,1838,0.000000,Artificial intelligence enabled personalization as an external antecedent in the Theory of Planned Behavior: Explaining sustainable fashion consumption intentions,2026,10.31893/multirev.2026430,Multidisciplinary Reviews,article,"Chu, Cang Chung; Le, Huy Phan Khanh; Hoang, Nam Si",forward,openalex,doi:10.1007/s11747-020-00749-9|doi:10.1177/0008125619859317,0
doi:10.32010/26166127.2023.6.1.30.48,1839,0.000000,PROVIDE A MODEL BASED SENTIMENT ANALYSIS SYSTEM FOR SALES PREDICTION IN MARKETING ACCORDING TO THE AGA-LSTM NEURAL NETWORK MODEL,2023,10.32010/26166127.2023.6.1.30.48,Azerbaijan Journal of High Performance Computing,article,"Babaei, Shiva; Sharabyan, Mohammad Tahghighi; Babaei, Akbar; Qasabeh, Zahra Tayyebi",forward,openalex,doi:10.1007/s11747-020-00749-9,0
doi:10.32010/26166127.2023.6.2.199.202,1840,0.000000,PREDICTIVE MODELING OF CLICK-THROUGH RATES: A REGRESSION ANALYSIS APPROACH,2023,10.32010/26166127.2023.6.2.199.202,Azerbaijan Journal of High Performance Computing,article,"Suleymanzade, Suleyman",forward,openalex,doi:10.1016/j.jik.2020.08.001,0
doi:10.3233/jifs-189484,1841,0.000000,Marketing customer response scoring model based on machine learning data analysis,2020,10.3233/jifs-189484,Journal of Intelligent & Fuzzy Systems,article,"Yan, Tang; Li, Pengfei",forward,openalex,doi:10.1007/s12599-015-0370-8,0
doi:10.3233/jifs-189491,1842,0.000000,Big data precision marketing and consumer behavior analysis based on fuzzy clustering and PCA model,2020,10.3233/jifs-189491,Journal of Intelligent & Fuzzy Systems,article,"Liu, Hongping",forward,openalex,doi:10.1007/s12599-015-0370-8,0
doi:10.3233/web-200429,1843,0.000000,A literature review of the current applications of machine learning and their practical implications,2020,10.3233/web-200429,Web Intelligence,article,"Chagas, Beatriz Nery Rodrigues; Viana, Julio; Reinhold, Olaf; Lobato, Fábio M. F.; Jacob, Antônio F. L.; Alt, Rainer",forward,openalex,doi:10.1016/j.eswa.2018.11.002,0
doi:10.32479/irmm.11542,1844,0.000000,INTEGRATION OF ARTIFICIAL INTELLIGENCE MARKETING TO GET BRAND RECOGNITION FOR SOCIAL BUSINESS,2021,10.32479/irmm.11542,International Review of Management and Marketing,article,"Shaily, Sharjana Alam; Emma, Nazmun Nahar",forward,openalex,doi:10.1007/s11747-019-00696-0|doi:10.1016/j.bushor.2019.12.002,0
doi:10.32479/irmm.13314,1845,0.000000,The Contributions of Customer Knowledge and Artificial Intelligence to Customer Satisfaction,2022,10.32479/irmm.13314,International Review of Management and Marketing,article,"Zada, Ibrahim",forward,openalex,doi:10.1108/ijrdm-08-2020-0312,0
doi:10.32479/irmm.8166,1846,0.000000,THE ROLE OF ARTIFICIAL INTELLIGENCE ON ENHANCING CUSTOMER EXPERIENCE,2019,10.32479/irmm.8166,International Review of Management and Marketing,article,"Daqar, Mohannad Abu; Smoudy, Ahmad K. A.",backward,crossref|openalex,doi:10.1142/s0219622025500981,0
doi:10.32535/jicp.v6i4.2610,1847,0.000000,A Study on AI: Customer Feedback and Personalized Marketing Comparison between India and Nigeria,2023,10.32535/jicp.v6i4.2610,Journal of International Conference Proceedings,conference-paper,"Patel, Ajay Kumar; Agarwal, Vaishali; Lohar, Harsh Kumar; Jha, Shivani",forward,openalex,doi:10.1007/s11747-020-00749-9|doi:10.1177/0008125619859317,0
doi:10.32628/cseit24106166,1848,0.000000,The Transformative Impact of Artificial Intelligence and Machine Learning on Marketing Operations,2024,10.32628/cseit24106166,International Journal of Scientific Research in Computer Science Engineering and Information Technology,article,"Kotha, Sowmya",forward,openalex,doi:10.1007/s11747-019-00696-0,0
doi:10.32628/ijsrset2411122,1849,0.000000,Measuring the Influence of Artificial Intelligence (AI) on Online Purchase Decisions-In Case of Indian Consumers,2024,10.32628/ijsrset2411122,International Journal of Scientific Research in Science Engineering and Technology,article,"Manikandan, G.; Bhuvaneswari, G",forward,openalex,doi:10.1007/s11747-019-00696-0|doi:10.1016/j.bushor.2019.12.002,0
doi:10.32670/fairvalue.v4i12.2039,1850,0.000000,Implementasi artificial intelligence marketing pada E-commerce : personalisasi konten rekomendasi serta dampaknya terhadap purchase intention,2022,10.32670/fairvalue.v4i12.2039,Fair Value Jurnal Ilmiah Akuntansi dan Keuangan,article,"Setyawan, Abdur Rochman Tri",forward,openalex,doi:10.1177/0008125619859317,0
doi:10.32702/2307-2105.2023.4.38,1851,0.000000,ШТУЧНИЙ ІНТЕЛЕКТ В МАРКЕТИНГУ,2023,10.32702/2307-2105.2023.4.38,Efektyvna ekonomika,article,"Лебеденко, С. О.",forward,openalex,doi:10.1007/s11747-019-00696-0|doi:10.1177/0008125619859317,0
doi:10.32709/akusosbil.1312743,1852,0.000000,Müşteri Deneyiminde Üçüncü Alan: Fijital Deneyim,2025,10.32709/akusosbil.1312743,Afyon Kocatepe Üniversitesi Sosyal Bilimler Dergisi,article,"Armağan, Canan; Armağan, Kudret",forward,openalex,doi:10.1007/978-3-319-68750-6_18|doi:10.1016/j.techfore.2023.122342,0
doi:10.32739/etkilesim.2023.6.12.226,1853,0.000000,Artificial Intelligence in Digital Marketing: Descriptive Analysis of Companies’ Artificial Intelligence Strategies with Random Sampling,2023,10.32739/etkilesim.2023.6.12.226,Etkileşim,article,"Ntapıapıs, Nihal Toros",forward,openalex,doi:10.1007/s11747-020-00749-9|doi:10.1177/18393349211037684,0
doi:10.32782/2524-0072/2024-68-65,1854,0.000000,МОЖЛИВОСТІ ВИКОРИСТАННЯ ШТУЧНОГО ІНТЕЛЕКТУ В МАРКЕТИНГОВІЙ ДІЯЛЬНОСТІ,2024,10.32782/2524-0072/2024-68-65,Економіка та суспільство,article,"Буга, Наталія; Щур, Дмитро",forward,openalex,doi:10.1177/0008125619859317,0
doi:10.32782/2524-0072/2024-69-75,1855,0.000000,ПРОГРАМНЕ ЗАБЕЗПЕЧЕННЯ ДЛЯ МЕДІАПЛАНУВАННЯ,2024,10.32782/2524-0072/2024-69-75,Економіка та суспільство,article,"Архипова, Тетяна; Кривик, Софія",forward,openalex,doi:10.1007/s11747-020-00749-9,0
doi:10.32782/2524-0072/2025-79-115,1856,0.000000,МЕТОДИЧНІ ПІДХОДИ ДО ЗАСТОСУВАННЯ ЦИФРОВИХ ТЕХНОЛОГІЙ У МАРКЕТИНГОВОМУ УПРАВЛІННІ ПІДПРИЄМСТВОМ,2025,10.32782/2524-0072/2025-79-115,Економіка та суспільство,article,"Олійник, Олег Васильович; Shikovets, Catherine",forward,openalex,doi:10.1016/j.eswa.2018.11.002,0
doi:10.32782/2524-0072/d2026-86-155,1857,0.000000,РОЗВИТОК МАРКЕТИНГОВИХ КОМУНІКАЦІЙ ВІД ІНТЕГРОВАНИХ МОДЕЛЕЙ ДО АЛГОРИТМІЧНИХ СИСТЕМ,2026,10.32782/2524-0072/d2026-86-155,Економіка та суспільство,article,"ПЕТРИЧАК, Олександр",forward,openalex,doi:10.1007/s11747-019-00696-0,0
doi:10.32782/2708-0366/2023.17.16,1858,0.000000,ОПТИМІЗАЦІЯ МАРКЕТИНГОВОЇ СТРАТЕГІЇ КОМПАНІЇ У СОЦІАЛЬНИХ МЕРЕЖАХ МЕТОДАМИ МАШИННОГО НАВЧАННЯ,2023,10.32782/2708-0366/2023.17.16,Таврійський науковий вісник Серія Економіка,article,"Ponomarenko, Ihor; Красуля, А.В.",forward,openalex,doi:10.1016/j.compeleceng.2020.106723,0
doi:10.32782/2708-0366/2023.18.16,1859,0.000000,РОЛЬ ШТУЧНОГО ІНТЕЛЕКТУ ПРИ ПРОСУВАННІ БРЕНДІВ МЕТОДАМИ ЦИФРОВОГО МАРКЕТИНГУ,2023,10.32782/2708-0366/2023.18.16,Таврійський науковий вісник Серія Економіка,article,"Ponomarenko, Ihor; Віннікова, Інна Ігорівна",forward,openalex,doi:10.1007/978-3-030-12453-3_151|doi:10.1177/18393349211037684,0
doi:10.32782/2786-8141/2024-7-3,1860,0.000000,МАРКЕТИНГОВІ МОЖЛИВОСТІ ПІДПРИЄМСТВ НА ОСНОВІ ШТУЧНОГО ІНТЕЛЕКТУ,2024,10.32782/2786-8141/2024-7-3,Трансформаційна економіка,article,"Заячковська, Г.А.",forward,openalex,doi:10.1007/s11747-020-00749-9|doi:10.1108/ijrdm-08-2020-0312|doi:10.1177/0008125619859317,0
doi:10.32782/2786-8559/2024-4-27,1861,0.000000,ШТУЧНИЙ ІНТЕЛЕКТ У МАРКЕТИНГУ: МОЖЛИВОСТІ ВПЛИВУ ТА ПЕРСПЕКТИВИ ВПРОВАДЖЕННЯ,2024,10.32782/2786-8559/2024-4-27,Via Economica,article,"Фігун, Андрій; Петрівський, Ярослав; Коханевич, Тетяна",forward,openalex,doi:10.1007/s11747-019-00696-0,0
doi:10.32782/2786-8559/2025-9-26,1862,0.000000,ВИКОРИСТАННЯ ШТУЧНОГО ІНТЕЛЕКТУ ДЛЯ ОПТИМІЗАЦІЇ ЦИФРОВИХ РЕКЛАМНИХ КАМПАНІЙ У РЕГІОНАЛЬНОМУ БІЗНЕСІ,2025,10.32782/2786-8559/2025-9-26,Via Economica,article,"Бондаренко, Вікторія",forward,openalex,doi:10.1007/s11747-019-00696-0,0
doi:10.32782/cmis/3137-9,1863,0.000000,Method of Forming the Context of Advertising and Target Audience based on Associative Rules Learning,2022,10.32782/cmis/3137-9,,article,"Lipianina-Honcharenko, Khrystyna; Лендюк, Тарас; Sachenko, Anatoliy; Wołoszyn, Jacek",forward,openalex,doi:10.1016/j.compeleceng.2020.106723,0
doi:10.32782/dees.22-32,1864,0.000000,ЦИФРОВА ТРАНСФОРМАЦІЯ ПІДПРИЄМНИЦТВА В РОЗДРІБНІЙ ТОРГІВЛІ: AI-АНАЛІТИКА СПОЖИВЧОЇ ПОВЕДІНКИ ЯК ІНСТРУМЕНТ ФОРМУВАННЯ КОНКУРЕНТНИХ ПЕРЕВАГ ТА ЕКОНОМІЧНОЇ БЕЗПЕКИ,2026,10.32782/dees.22-32,Цифрова економіка та економічна безпека,article,"Тягунова, Н.М.",forward,openalex,doi:10.1007/s11747-019-00696-0,0
doi:10.32782/dees.23-66,1865,0.000000,ВПЛИВ ШТУЧНОГО ІНТЕЛЕКТУ НА ПЕРСОНАЛІЗАЦІЮ ПОСЛУГ У ПІДПРИЄМСТВАХ ІНДУСТРІЇ ГОСТИННОСТІ,2026,10.32782/dees.23-66,Цифрова економіка та економічна безпека,article,"Франів, І.А.; Василюк, С.В.; Франів, В. А.",forward,openalex,doi:10.1007/s11747-020-00749-9,0
doi:10.3302/0392-8586-202106-073-1,1866,0.000000,Marketing 5.0: Technology for Humanity,2021,10.3302/0392-8586-202106-073-1,,article,"Busa, Anna",backward,openalex,doi:10.1080/0965254x.2022.2148269|doi:10.58830/ozgur.pub610.c2595,0
doi:10.33050/italic.v1i1.86,1867,0.000000,"Managing Digital Transformation in Marketing: ""Fusion of Traditional Marketing and Digital Marketing""",2022,10.33050/italic.v1i1.86,International Transactions on Artificial Intelligence (ITALIC),article,"Bist, Ankur Singh; Agarwal, Vertika; Aini, Qurotul; Khofifah, Nimatul",forward,openalex,doi:10.1016/j.jik.2020.08.001,0
doi:10.33093/ijomfa.2024.5.1.2,1868,0.000000,Enhancing Conversions and Lead Scoring in Online Professional Education,2024,10.33093/ijomfa.2024.5.1.2,International Journal of Management Finance and Accounting,article,"Yim, Wen Yang; Khaw, Khai Wah; Lim, Shiuh Tong; Chew, XinYing",forward,openalex,doi:10.1108/wjemsd-08-2020-0099,0
doi:10.33093/ipbss.2025.5.1.3,1869,0.000000,The impact of AI chatbot adoption on customer experience in e-retailing,2025,10.33093/ipbss.2025.5.1.3,Issues and Perspectives in Business and Social Sciences,article,"Siow, Jing Shuan; Teoh, Bak Aun; Ong, Chui Zi; Chee, Kai Xin",forward,openalex,doi:10.1007/s11747-019-00696-0|doi:10.1108/ijrdm-08-2020-0312,0
doi:10.33093/jiwe.2024.3.3.4,1870,0.000000,"Performance Evaluation on E-Commerce Recommender System based on KNN, SVD, CoClustering and Ensemble Approaches",2024,10.33093/jiwe.2024.3.3.4,Journal of Informatics and Web Engineering,article,"Kong, Wan-Er; Tai, Tong-Ern; Palanichamy, Naveen; Santoso, Heru Agus",forward,openalex,doi:10.1016/j.bushor.2019.12.002,0
doi:10.33108/galicianvisnyk_tntu2023.02.140,1871,0.000000,Integration of marketing research with virtual reality technologies based on artificial intelligence,2023,10.33108/galicianvisnyk_tntu2023.02.140,Galician economic journal,article,"Khrupovych, Svitlana",forward,openalex,doi:10.1007/s11747-020-00749-9,0
doi:10.33140/eoa.02.01.04,1872,0.000000,Proactive Customer Support: Re-Architecting A Customer Support/Relationship Management Software System Leveraging Predictive Analysis/AI and Machine Learning,2024,10.33140/eoa.02.01.04,Engineering Open Access,article,,forward,openalex,doi:10.1007/978-3-031-20040-3_27,0
doi:10.33141/po.2021.07.03,1873,0.000000,Wartość oparta na sztucznej inteligencji. Perspektywa marketingu B2B,2021,10.33141/po.2021.07.03,Przegląd Organizacji,article,"Leszczyński, Grzegorz",forward,openalex,doi:10.1016/j.indmarman.2019.12.008,0
doi:10.33168/jliss.2024.0909,1874,0.000000,The Impact of Artificial Intelligence Dimensions on Digital Marketing Outcomes: Perspectives of Marketing Managers in Jordanian Manufacturing Companies,2024,10.33168/jliss.2024.0909,Journal of Logistics Informatics and Service Science,article,,forward,openalex,doi:10.1016/j.indmarman.2020.07.022|doi:10.1016/j.jik.2020.08.001|doi:10.1108/wjemsd-08-2020-0099,0
doi:10.33168/jsms.2024.0108,1875,0.000000,Artificial Intelligence in Marketing: Literature Review and Future Research Agenda,2023,10.33168/jsms.2024.0108,Journal of System and Management Sciences,article,,backward|forward,openalex,doi:10.1007/s11747-019-00696-0|doi:10.58830/ozgur.pub610.c2592|doi:10.58830/ozgur.pub610.c2595,0
doi:10.33168/jsms.2024.0205,1876,0.000000,Leveraging AI Predictive Analytics for Marketing Strategy: The Mediating Role of Management Awareness,2024,10.33168/jsms.2024.0205,Journal of System and Management Sciences,article,,forward,openalex,doi:10.1007/s11747-020-00749-9,0
doi:10.33216/1998-7927-2022-274-4-25-30,1877,0.000000,Вплив штучного інтелекту на міжнародний digital маркетинг,2022,10.33216/1998-7927-2022-274-4-25-30,ВІСНИК СХІДНОУКРАЇНСЬКОГО НАЦІОНАЛЬНОГО УНІВЕРСИТЕТУ імені Володимира Даля,article,"Корсунова, К.Ю.",forward,openalex,doi:10.1007/978-3-030-12453-3_151,0
doi:10.33216/1998-7927-2022-276-6-13-19,1878,0.000000,Штучний інтелект у дослідженні ринку та запуску рекламних кампаній: ефективні методи та етичні аспекти для міжнародного маркетингу,2023,10.33216/1998-7927-2022-276-6-13-19,ВІСНИК СХІДНОУКРАЇНСЬКОГО НАЦІОНАЛЬНОГО УНІВЕРСИТЕТУ імені Володимира Даля,article,"Корсунова, К.Ю.",forward,openalex,doi:10.1016/j.bushor.2019.12.002,0
doi:10.33399/biibfad.1622201,1879,0.000000,The Effect of Voice-Based Artificial Intelligence Applications on Brand Loyalty: Siri’s Example,2025,10.33399/biibfad.1622201,Bingöl Üniversitesi İktisadi ve İdari Bilimler Fakültesi Dergisi,article,"Durmaz, Yakup; Aktaş, Mert; Çavuşoğlu, Sinan",forward,openalex,doi:10.1007/s11747-020-00749-9,0
doi:10.33422/7th.iarmea.2023.07.101,1880,0.000000,The Change of Digital Marketing with Artificial Intelligence,2023,10.33422/7th.iarmea.2023.07.101,,conference-paper,"Efendi̇oğlu, İbrahim Halil",backward|forward,openalex,doi:10.1007/s11747-020-00749-9|doi:10.1016/j.techsoc.2020.101425|doi:10.58830/ozgur.pub610.c2592|doi:10.58830/ozgur.pub610.c2595,0
doi:10.33422/iacrss.v1i1.678,1881,0.000000,The Role of AI-driven Digital Advertising in Sustainable Real Estate Marketing in Nigeria,2024,10.33422/iacrss.v1i1.678,Proceedings of the International Academic Conference on Research in Social Sciences,conference-paper,"Odoh, Anne",forward,openalex,doi:10.1177/0008125619859317,0
doi:10.33422/ijarme.v4i4.768,1882,0.000000,On the Potentials of Artificial Intelligence in Marketing – The Case of Robotic Process Automation,2021,10.33422/ijarme.v4i4.768,International Journal of Applied Research in Management and Economics,article,"Perret, Jens K.; Heitkamp, Maya",forward,openalex,doi:10.1007/s11747-019-00696-0|doi:10.1007/s12599-015-0370-8,0
doi:10.33422/jsmm.v1i1.901,1883,0.000000,A Literature Review on Digital Marketing: The Evolution of a Revolution,2022,10.33422/jsmm.v1i1.901,Journal of Social Media Marketing,article,"Basimakopoulou, Marina; Theologou, Kostas; Tzavaras, Panagiotis",backward,openalex,doi:10.58830/ozgur.pub610.c2592|doi:10.58830/ozgur.pub610.c2595,0
doi:10.33423/jabe.v26i2.6973,1884,0.000000,Do AI-Based Voice Assistants Influence Brand Continuous Usage? The Mediating Role of AI-Driven Customer Experience,2024,10.33423/jabe.v26i2.6973,Journal of Applied Business and Economics,article,"Agbemabiese, George Cudjoe; Nyamekye, Michael Boadi; Andoh, Juliana Aku Shika; Husseini, Mohammed Muniru",forward,openalex,doi:10.1007/s11747-020-00749-9,0
doi:10.33545/27076571.2023.v4.i1a.164,1885,0.000000,"A study on the role of ai in marketing financial services: Adoption, tools, and impact on customer engagement",2023,10.33545/27076571.2023.v4.i1a.164,International Journal of Computing and Artificial Intelligence,article,"Sengupta, Priya; Sharma, Priyanka",forward,openalex,doi:10.1007/s11747-020-00749-9,0
doi:10.33565/mksv.2023.01.05,1886,0.000000,A chatbot és a virtuális asszisztens szerepe az ügyfélélmény növelésében,2023,10.33565/mksv.2023.01.05,Multidiszciplináris kihívások sokszínű válaszok,article,"Veres, István A.; Hűse, Ildikó; Papp, Vanda",forward,openalex,doi:10.1007/s11747-019-00696-0,0
doi:10.33693/2541-8025-2024-20-6-203-207,1887,0.000000,The Transformation of the Concept of Branding in Digital Marketing,2024,10.33693/2541-8025-2024-20-6-203-207,Economic problems and legal practice,article,"Ten, Yulia P.; GAYKO, ELENA B.",forward,openalex,doi:10.1016/j.techsoc.2020.101425,0
doi:10.33707/akuiibfd.1459114,1888,0.000000,"Çevrimiçi perakendecilikte sohbet robotu kullanımında etkileşim, güven antropomorfizm ve kullanım seviyesinin müşteri memnuniyetine etkisi",2024,10.33707/akuiibfd.1459114,Afyon Kocatepe Üniversitesi İktisadi ve İdari Bilimler Fakültesi Dergisi,article,"Ventura, Keti; Karabaşak, Tuğberk",forward,openalex,doi:10.1007/s11747-019-00696-0|doi:10.1007/s11747-020-00749-9|doi:10.1177/0008125619859317,0
doi:10.33712/mana.1624405,1889,0.000000,Artificial Intelligence in Marketing: Next Generation Strategies and Applications,2025,10.33712/mana.1624405,Uluslararası Yönetim Akademisi Dergisi,article,"Gülbaşı, Ali",forward,openalex,doi:10.1007/s11747-020-00749-9|doi:10.1016/j.bushor.2019.12.002|doi:10.1177/0008125619859317|doi:10.1177/18393349211037684,0
doi:10.33723/rs.1418098,1890,0.000000,ÜRETKEN YAPAY ZEKÂ VE PAZARLAMA STRATEJİLERİ: SWOT ANALİZİ PERSPEKTİFİ,2024,10.33723/rs.1418098,R&S - Research Studies Anatolia Journal,article,"Şenyapar, Hafize Nurgül Durmuş",forward,openalex,doi:10.1007/s11747-020-00749-9|doi:10.1177/18393349211037684,0
doi:10.33723/rs.1518172,1891,0.000000,PAZARLAMADA YAPAY ZEKA KULLANIMI: VOSVİEWER İLE BİBLİYOMETRİK BİR ANALİZ,2024,10.33723/rs.1518172,R&S - Research Studies Anatolia Journal,article,"Aytaç, Muhammet Ali",forward,openalex,doi:10.1007/s11747-019-00696-0,0
doi:10.33889/ijmems.2024.9.2.017,1892,0.000000,Scientific Mapping of Chatbot Literature: A Bibliometric Analysis,2024,10.33889/ijmems.2024.9.2.017,International Journal of Mathematical Engineering and Management Sciences,article,"Tanwar, Manju; Verma, Harsh V.",forward,openalex,doi:10.1108/ijrdm-08-2020-0312,0
doi:10.3389/fbloc.2026.1775870,1893,0.000000,AI-Powered personalization vs. blockchain-based privacy: a systematic literature review of consumer trade-offs in digital marketing,2026,10.3389/fbloc.2026.1775870,Frontiers in Blockchain,review,"LABIB, Ebtisam",forward,openalex,doi:10.1007/978-3-030-12453-3_143|doi:10.1007/s11747-019-00696-0,0
doi:10.3389/fcomm.2023.1075654,1894,0.000000,Artificial intelligence as toolset for analysis of public opinion and social interaction in marketing: identification of micro and nano influencers,2023,10.3389/fcomm.2023.1075654,Frontiers in Communication,article,"Gerlich, Michael; Elsayed, Walaa; Sokolovskiy, Konstantin",forward,openalex,doi:10.1007/s11747-019-00696-0,0
doi:10.3389/fcomm.2025.1554551,1895,0.000000,"Gen AI – Gen Z: understanding Gen Z’s emotional responses and brand experiences with Gen AI-driven, hyper-personalized advertising",2025,10.3389/fcomm.2025.1554551,Frontiers in Communication,article,"Peter, Rupa; Roshith, Veni; Lawrence, S. J.; Mona, Arthi Efcibha; Narayanan, Kodhai B.; Yusaira, Fathima",forward,openalex,doi:10.1177/18393349211037684,0
doi:10.3389/fcomm.2026.1787042,1896,0.000000,Privacy perceptions of urban and educated Indian Gen Z consumers in Gen AI-driven hyper-personalized advertising,2026,10.3389/fcomm.2026.1787042,Frontiers in Communication,article,"Roshith, Veni; Peter, Rupa; Mona, Arthi Efcibha; Lawrence, S. J.; Narayanan, Kodhai; Yusaira, Fathima",forward,openalex,doi:10.1177/18393349211037684,0
doi:10.3389/fcomm.2026.1793720,1897,0.000000,Integrating artificial intelligence across the marketing process framework: an empirical study in an emerging economy,2026,10.3389/fcomm.2026.1793720,Frontiers in Communication,article,"Redda, Ephrem Habtemichael",forward,openalex,doi:10.1016/j.bushor.2019.12.002,0
doi:10.3389/fcomm.2026.1894984,1898,0.000000,Virtual influencers in advertising and marketing communication: mapping the intellectual landscape of research on consumer psychology and human-AI interaction,2026,10.3389/fcomm.2026.1894984,Frontiers in Communication,article,"Khalfallah, Donia",forward,openalex,doi:10.1080/23311975.2024.2427428,0
doi:10.3389/fhumd.2026.1854534,1899,0.000000,New advertising model for the society 5.0 Era,2026,10.3389/fhumd.2026.1854534,Frontiers in Human Dynamics,article,"YAZICI, Hatice Havva",forward,openalex,doi:10.1080/0965254x.2022.2148269,0
doi:10.3389/fpsyg.2022.1009173,1900,0.000000,Exploring the role of AI algorithmic agents: The impact of algorithmic decision autonomy on consumer purchase decisions,2022,10.3389/fpsyg.2022.1009173,Frontiers in Psychology,article,"Fan, Yuejiao; Liu, Xianggang",forward,openalex,doi:10.1007/s11747-020-00749-9,0
doi:10.3389/fpsyg.2022.791167,1901,0.000000,Exploration on the Core Elements of Value Co-creation Driven by AI—Measurement of Consumer Cognitive Attitude Based on Q-Methodology,2022,10.3389/fpsyg.2022.791167,Frontiers in Psychology,article,"Zhu, Yi; Wang, Peng; Duan, Wenjie",forward,openalex,doi:10.1007/s11747-020-00749-9,0
doi:10.3389/fpsyg.2022.856663,1902,0.000000,Employing Natural Language Processing as Artificial Intelligence for Analyzing Consumer Opinion Toward Advertisement,2022,10.3389/fpsyg.2022.856663,Frontiers in Psychology,article,"Sun, Hui-Lin; Zafar, Muhammad Zeeshan; Hasan, Naveed",forward,openalex,doi:10.1007/978-3-319-25023-6_1|doi:10.1080/00913367.2019.1654421,0
doi:10.3389/fpsyg.2022.994573,1903,0.000000,Is something out of reach more attractive? The effectiveness of visual distance in computational advertising,2022,10.3389/fpsyg.2022.994573,Frontiers in Psychology,article,"Liu, Tong; Yu, Zhengdong",forward,openalex,doi:10.1080/00913367.2019.1654421|doi:10.1080/00913367.2020.1795954,0
doi:10.3389/fpsyg.2025.1701085,1904,0.000000,"Value-dependent and empathy-mediated: how artificial intelligence-generated marketing content influences customer engagement, and when to disclose its origin",2026,10.3389/fpsyg.2025.1701085,Frontiers in Psychology,article,"Gao, Xuan; Li, Weiwei; Zhao, Yanli",forward,openalex,doi:10.1016/j.ausmj.2020.04.002|doi:10.1016/j.bushor.2019.12.002,0
doi:10.3389/frai.2024.1323512,1905,0.000000,Decoding Gen Z: AI's influence on brand trust and purchasing behavior,2024,10.3389/frai.2024.1323512,Frontiers in Artificial Intelligence,article,"Guerra-Tamez, Cristóbal Rodolfo; Flores, Keila Kraul; Serna-Mendiburu, Gabriela Mariah; Robles, David Chavelas; Cortés, Jorge Ibarra",forward,openalex,doi:10.1177/0008125619859317,0
doi:10.3389/frai.2025.1554325,1906,0.000000,The relevance of lead prioritization: a B2B lead scoring model based on machine learning,2025,10.3389/frai.2025.1554325,Frontiers in Artificial Intelligence,article,"González-Flores, Laura; Rubiano-Moreno, Jessica; Sosa-Gómez, Guillermo",forward,openalex,doi:10.1007/s11747-020-00749-9|doi:10.1007/s12599-015-0370-8|doi:10.1016/j.bushor.2019.12.002|doi:10.1108/wjemsd-08-2020-0099,0
doi:10.3389/frai.2026.1734151,1907,0.000000,Transforming data to delight: AI-led campaign personalization shapes digital natives’ intention to accept over a TAM-VAM approach,2026,10.3389/frai.2026.1734151,Frontiers in Artificial Intelligence,article,"Devi, L. Durgha; Arumugam, Thangaraja",forward,openalex,doi:10.1177/0008125619859317,0
doi:10.3389/frai.2026.1865410,1908,0.000000,Applying EASTL ethical constructs in AI-driven CRM: the mediating role of sustainable customer trust in enhancing customer retention in private sector banks,2026,10.3389/frai.2026.1865410,Frontiers in Artificial Intelligence,article,"Geetha, A.; Venkatragavan, V.",forward,openalex,doi:10.1007/s11747-020-00749-9,0
doi:10.3390/admsci15100395,1909,0.000000,The Impact of Generative AI Images on Consumer Attitudes in Advertising,2025,10.3390/admsci15100395,Administrative Sciences,article,"Zhang, Lei; Hur, Chung",forward,openalex,doi:10.1007/s11747-019-00696-0,0
doi:10.3390/admsci15110440,1910,0.000000,"Personalization, Trust, and Identity in AI-Based Marketing: An Empirical Study of Consumer Acceptance in Greece",2025,10.3390/admsci15110440,Administrative Sciences,article,"Markou, Vasiliki; Serdaris, Panagiotis; Antoniadis, Ioannis; Spinthiropoulos, Konstantinos",forward,openalex,doi:10.1007/s11747-020-00749-9,0
doi:10.3390/ai4020019,1911,0.000000,Marketing with ChatGPT: Navigating the Ethical Terrain of GPT-Based Chatbot Technology,2023,10.3390/ai4020019,AI,article,"Rivas, Pablo; Liang, Zhao",backward|forward,openalex,doi:10.1007/s11747-019-00696-0|doi:10.58830/ozgur.pub610.c2595,0
doi:10.3390/ai6010011,1912,0.000000,The Shifting Influence: Comparing AI Tools and Human Influencers in Consumer Decision-Making,2025,10.3390/ai6010011,AI,article,"Gerlich, Michael",forward,openalex,doi:10.1007/s11747-019-00696-0|doi:10.1007/s11747-020-00749-9,0
doi:10.3390/analytics2010007,1913,0.000000,Theory-Guided Analytics Process: Using Theories to Underpin an Analytics Process for New Banking Product Development Using Segmentation-Based Marketing Analytics Leveraging on Marketing Intelligence,2023,10.3390/analytics2010007,Analytics,article,"Lim, Tristan; Pan, Tao; Ong, Chin Sin; Chen, Shuaiwei; Chia, Jie Jun Jeremy",forward,openalex,doi:10.1016/j.eswa.2018.11.002,0
doi:10.3390/app11188562,1914,0.000000,Artificial Intelligence Marketing (AIM) for Enhancing Customer Relationships,2021,10.3390/app11188562,Applied Sciences,article,"Yau, Kok‐Lim Alvin; Saad, Norizan Mat; Chong, Yung-Wey",forward,openalex,doi:10.1007/s11747-019-00696-0|doi:10.1177/0008125619859317,0
doi:10.3390/app16062816,1915,0.000000,Semantic Divergence in AI-Generated and Human Influencer Product Recommendations: A Computational Analysis of Dual-Agent Communication in Social Commerce,2026,10.3390/app16062816,Applied Sciences,article,"Lee, Woo-Chul; Lee, Jang-Suk; Suh, Jungho",forward,openalex,doi:10.1007/s11747-019-00696-0|doi:10.1007/s11747-020-00749-9|doi:10.1016/j.bushor.2019.12.002,0
doi:10.3390/bdcc10020046,1916,0.000000,"Big Data Analytics and AI for Consumer Behavior in Digital Marketing: Applications, Synthetic and Dark Data, and Future Directions",2026,10.3390/bdcc10020046,Big Data and Cognitive Computing,article,"Theodorakopoulos, Leonidas; Theodoropoulou, Alexandra; Klavdianos, Christos",forward,openalex,doi:10.1016/j.jik.2020.08.001,0
doi:10.3390/bdcc6030078,1917,0.000000,Enhancing Marketing Provision through Increased Online Safety That Imbues Consumer Confidence: Coupling AI and ML with the AIDA Model,2022,10.3390/bdcc6030078,Big Data and Cognitive Computing,article,"Lee, Yang‐Im; Trim, Peter R.J.",forward,openalex,doi:10.1177/0008125619859317,0
doi:10.3390/bdcc9020040,1918,0.000000,Artificial Intelligence in Digital Marketing: Towards an Analytical Framework for Revealing and Mitigating Bias,2025,10.3390/bdcc9020040,Big Data and Cognitive Computing,article,"Reed, Catherine; Wynn, Martín; Bown, Robin",forward,openalex,doi:10.1007/s11747-020-00749-9|doi:10.1108/wjemsd-08-2020-0099,0
doi:10.3390/bdcc9050119,1919,0.000000,Discovering Key Successful Factors of Mobile Advertisements Using Feature Selection Approaches,2025,10.3390/bdcc9050119,Big Data and Cognitive Computing,article,"Yang, Kai-Fu; Nalluri, Venkateswarlu; Liu, Chun-Cheng; Chen, Long‐Sheng",forward,openalex,doi:10.1016/j.chb.2020.106657|doi:10.1016/j.techfore.2019.03.020,0
doi:10.3390/bs14070616,1920,0.000000,AI Meets the Shopper: Psychosocial Factors in Ease of Use and Their Effect on E-Commerce Purchase Intention,2024,10.3390/bs14070616,Behavioral Sciences,article,"Lopes, Jo�ão M.; Silva, Lucy; Massano‐Cardoso, Ilda",forward,openalex,doi:10.1007/s11747-019-00696-0|doi:10.1177/0008125619859317,0
doi:10.3390/bs15101323,1921,0.000000,Triggering the Personalization Backfire Effect: The Moderating Role of Situational Privacy Concern,2025,10.3390/bs15101323,Behavioral Sciences,article,"Kim, Hyeongseok; Han, Seunghee",backward,crossref|openalex,doi:10.3390/jtaer21060179,0
doi:10.3390/bs16081325,1922,0.000000,Does AI Advertising Persuade or Scaffold? Consumer Cognitive Pathways in AI-Mediated Experiential Consumption,2026,10.3390/bs16081325,Behavioral Sciences,article,"Bae, Jung-eun",forward,openalex,doi:10.1007/s11747-020-00749-9,0
doi:10.3390/businesses6020019,1923,0.000000,The Steered Self: Algorithmic Consumer Identity Theory in Platformized Markets,2026,10.3390/businesses6020019,Businesses,article,"Camacho, Luis J.",forward,openalex,doi:10.1007/s11747-019-00696-0|doi:10.1007/s11747-020-00749-9,0
doi:10.3390/businesses6030039,1924,0.000000,The Role of Artificial Intelligence in Enhancing Customer Relationship Management Within the Tourism Sector in the Eastern Cape,2026,10.3390/businesses6030039,Businesses,article,"Pakkies, Anele; Mbukanma, Ifeanyi; Shemfe, Olaitan",forward,openalex,doi:10.1007/s11747-019-00696-0,0
doi:10.3390/computers14060211,1925,0.000000,"Enhancing User Experiences in Digital Marketing Through Machine Learning: Cases, Trends, and Challenges",2025,10.3390/computers14060211,Computers,article,"Kaponis, Alexios; Μaragoudakis, Manolis; Sofianos, Konstantinos Chrysanthos",forward,openalex,doi:10.1177/0008125619859317,0
doi:10.3390/electronics13214151,1926,0.000000,How Artificial Intelligence (AI) Is Powering New Tourism Marketing and the Future Agenda for Smart Tourist Destinations,2024,10.3390/electronics13214151,Electronics,article,"Florido‐Benítez, Lázaro; Martínez, Benjamín del Alcázar",forward,openalex,doi:10.1007/s11747-020-00749-9|doi:10.1108/wjemsd-08-2020-0099,0
doi:10.3390/electronics14214161,1927,0.000000,Autonomous AI Agents for Multi-Platform Social Media Marketing: A Simultaneous Deployment Study,2025,10.3390/electronics14214161,Electronics,article,"Ahn, Joongho; Kim, Moonsoo",forward,openalex,doi:10.1007/s11747-019-00696-0|doi:10.1007/s11747-020-00749-9,0
doi:10.3390/engproc2023038015,1928,0.000000,Using a Text Mining Approach to Identify Important Factors Influencing the Performance of Programmatic Advertising,2023,10.3390/engproc2023038015,,conference-paper,"Wang, Yiyun; Nalluri, Venkateswarlu; Chen, Long‐Sheng",forward,openalex,doi:10.1016/j.chb.2020.106657,0
doi:10.3390/fi12120226,1929,0.000000,Role of Artificial Intelligence in Shaping Consumer Demand in E-Commerce,2020,10.3390/fi12120226,Future Internet,article,"Khrais, Laith T.",backward|forward,crossref|openalex,doi:10.1007/s11747-019-00696-0|doi:10.3389/fpsyg.2022.856663,0
doi:10.3390/foods14060976,1930,0.000000,Artificial Intelligence-Driven Recommendations and Functional Food Purchases: Understanding Consumer Decision-Making,2025,10.3390/foods14060976,Foods,article,"Wang, Wenxin; Zhiguang, Chen; Kuang, Jiwei",forward,openalex,doi:10.1177/0008125619859317,0
doi:10.3390/info14120664,1931,0.000000,Artificial Intelligence in Digital Marketing: Insights from a Comprehensive Review,2023,10.3390/info14120664,Information,article,"Ziakis, Christos; Vlachopoulou, Maro",backward|forward,crossref|openalex,doi:10.1007/978-3-658-46399-1_72-1|doi:10.1016/j.compeleceng.2020.106723|doi:10.58830/ozgur.pub610.c2592|doi:10.58830/ozgur.pub610.c2595,0
doi:10.3390/info15070368,1932,0.000000,Applying Machine Learning in Marketing: An Analysis Using the NMF and k-Means Algorithms,2024,10.3390/info15070368,Information,article,"Gallego, Victor; Lingan, Jessica; Freixes, Alfons; Juan, Ángel A.; Osorio, Celia",forward,openalex,doi:10.1016/j.compeleceng.2020.106723|doi:10.1177/0008125619859317,0
doi:10.3390/info17020115,1933,0.000000,"Balancing Personalization, Privacy, and Value: A Systematic Literature Review of AI-Enabled Customer Experience Management",2026,10.3390/info17020115,Information,review,"Utami, Ristianawati Dwi; Aimin, Wang",backward,crossref|openalex,doi:10.3390/jtaer21060179,0
doi:10.3390/informatics11020019,1934,0.000000,A Machine Learning as a Service (MLaaS) Approach to Improve Marketing Success,2024,10.3390/informatics11020019,Informatics,article,"Pereira, Ivo; Madureira, Ana; Bettencourt, Nuno; Coelho, Duarte; Rebelo, Miguel Ângelo; Araújo, Carolina; Oliveira, Daniel Alves de",forward,openalex,doi:10.1007/s11747-020-00749-9,0
doi:10.3390/informatics11040074,1935,0.000000,Artificial Intelligence in Retail Marketing: Research Agenda Based on Bibliometric Reflection and Content Analysis (2000–2023),2024,10.3390/informatics11040074,Informatics,article,"Haque, Ahasanul; Akther, Naznin; Khan, Md Irfanuzzaman; Agarwal, Khushbu; Uddin, Nazim",forward,openalex,doi:10.1007/s11747-019-00696-0,0
doi:10.3390/informatics13050067,1936,0.000000,The Evolution of Artificial Intelligence in Marketing: A Bibliometric Analysis of Three Decades (1992–2025),2026,10.3390/informatics13050067,Informatics,article,"Wang, Weiming; Li, Zijia",forward,openalex,doi:10.1007/s11747-020-00749-9,0
doi:10.3390/informatics8040074,1937,0.000000,Information Technology Adoption on Digital Marketing: A Literature Review,2021,10.3390/informatics8040074,Informatics,article,"Figueiredo, Fátima; Gonçalves, María José; Teixeira, Sandrina",backward,openalex,doi:10.52970/grmilf.v3i1.398,0
doi:10.3390/jintelligence14060098,1938,0.000000,Emotional Responses to AI-Powered Personalised Advertising: The Role of Perceived Empathy and Social Cognition in Consumer Decision-Making,2026,10.3390/jintelligence14060098,Journal of Intelligence,article,"Tatu, Cristian Ionuţ; (POPA), RALUCA-GIORGIANA CHIVU; Orzan, Mihai; Moise, Daniel; Boboc, Larisa",forward,openalex,doi:10.1007/s11747-019-00696-0,0
doi:10.3390/joitmc7020114,1939,0.000000,The Interaction Model within Phygital Environment as an Implementation of the Open Innovation Concept,2021,10.3390/joitmc7020114,Journal of Open Innovation Technology Market and Complexity,article,"Mikheev, Alexey Aleksandrovich; Krasnov, Aleks S.; Griffith, Richard; Draganov, Mihail",backward|forward|seed,crossref|openalex|seed,doi:10.1007/978-3-319-68750-6_18|doi:10.1016/j.eswa.2018.11.002|doi:10.1016/j.techfore.2023.122342|doi:10.1108/978-1-83549-568-120251012|doi:10.1155/hbe2/6675139|doi:10.31637/epsir-2024-471|doi:10.35940/ijrte.c5868.098319|doi:10.4324/9781315232201-11|doi:10.58830/ozgur.pub610.c2592|doi:10.58830/ozgur.pub610.c2595|doi:10.6092/issn.2611-0563/13120,0
doi:10.3390/journalmedia5030073,1940,0.000000,Investigating the Role of Artificial Intelligence to Measure Consumer Efficiency: The Use of Strategic Communication and Personalized Media Content,2024,10.3390/journalmedia5030073,Journalism and Media,article,"Binlibdah, Saud",forward,openalex,doi:10.1007/s11747-020-00749-9,0
doi:10.3390/journalmedia6040170,1941,0.000000,AI-Driven Privacy Trade-Offs in Digital News Content: Consumer Perception of Personalized Advertising and Dynamic Paywall,2025,10.3390/journalmedia6040170,Journalism and Media,article,"Shin, Jae Woo",backward,crossref|openalex,doi:10.3390/jtaer21060179,0
doi:10.3390/jtaer16060130,1942,0.000000,Defining the Phygital Marketing Advantage,2021,10.3390/jtaer16060130,Journal of theoretical and applied electronic commerce research,article,"Johnson, Matt; Barlow, Rob",backward|forward,crossref|openalex,doi:10.1007/978-3-319-68750-6_18|doi:10.1016/j.techfore.2023.122342|doi:10.1155/hbe2/6675139,0
doi:10.3390/jtaer17010011,1943,0.000000,The Impact of Chatbots on Customer Loyalty: A Systematic Literature Review,2022,10.3390/jtaer17010011,Journal of theoretical and applied electronic commerce research,review,"Jenneboer, Liss; Herrando, Carolina; Constantinides, Efthymios",backward,crossref|openalex,doi:10.3390/jtaer21060179,0
doi:10.3390/jtaer17030051,1944,0.000000,Customer Response Model in Direct Marketing: Solving the Problem of Unbalanced Dataset with a Balanced Support Vector Machine,2022,10.3390/jtaer17030051,Journal of theoretical and applied electronic commerce research,article,"Rogić, Sunčica; Kašćelan, Ljiljana; Bach, Mirjana Pejić",forward,openalex,doi:10.1007/s11747-020-00749-9,0
doi:10.3390/jtaer19030108,1945,0.000000,Exploring Consumer Acceptance of AI-Generated Advertisements: From the Perspectives of Perceived Eeriness and Perceived Intelligence,2024,10.3390/jtaer19030108,Journal of theoretical and applied electronic commerce research,article,"Gu, Chenyan; Jia, Shuyue; Lai, Jiaying; Chen, Ruli; Chang, Xinsiyu",forward,openalex,doi:10.1016/j.ausmj.2020.04.002,0
doi:10.3390/jtaer19040125,1946,0.000000,The Next-Generation Shopper: A Study of Generation-Z Perceptions of AI in Online Shopping,2024,10.3390/jtaer19040125,Journal of theoretical and applied electronic commerce research,article,"Bunea, Ovidiu-Iulian; Corboș, Răzvan-Andrei; Mișu, Sorina Ioana; Triculescu, Monica; Trifu, Andreea",forward,openalex,doi:10.1016/j.bushor.2019.12.002,0
doi:10.3390/jtaer19040136,1947,0.000000,The Influence of Artificial Intelligence on Generation Z’s Online Fashion Purchase Intention,2024,10.3390/jtaer19040136,Journal of theoretical and applied electronic commerce research,article,"Ruiz, Carmen; Jiménez, Marilé Pretel; Arriaga, Josep Lluís del Olmo; Pérez, Albert Miró",forward,openalex,doi:10.1007/s11747-020-00749-9,0
doi:10.3390/jtaer19040144,1948,0.000000,Signaling Effects in AI Streamers: Optimal Separation Strategy Under Different Market Conditions,2024,10.3390/jtaer19040144,Journal of theoretical and applied electronic commerce research,article,"Yu, Ying; Yang, Yunpeng",forward,openalex,doi:10.1007/s11747-019-00696-0,0
doi:10.3390/jtaer20010021,1949,0.000000,The Impact of AI-Personalized Recommendations on Clicking Intentions: Evidence from Chinese E-Commerce,2025,10.3390/jtaer20010021,Journal of theoretical and applied electronic commerce research,article,"Yin, Jiwang; Qiu, Xiaodong; Wang, Ya",forward,openalex,doi:10.1007/s11747-019-00696-0|doi:10.1007/s11747-020-00749-9,0
doi:10.3390/jtaer20010028,1950,0.000000,An Analysis of Consumer Purchase Behavior Following Cart Addition in E-Commerce Utilizing Explainable Artificial Intelligence,2025,10.3390/jtaer20010028,Journal of theoretical and applied electronic commerce research,article,"Esmeli, Ramazan; Gokce, Aytac",forward,openalex,doi:10.1016/j.bushor.2019.12.002,0
doi:10.3390/jtaer20030184,1951,0.000000,The Role of Artificial Intelligence in Customer Engagement and Social Media Marketing—Implications from a Systematic Review for the Tourism and Hospitality Sectors,2025,10.3390/jtaer20030184,Journal of theoretical and applied electronic commerce research,review,"Żyminkowska, Katarzyna; Zachurzok-Srebrny, Edyta",forward,openalex,doi:10.1080/0965254x.2022.2148269,0
doi:10.3390/jtaer20030193,1952,0.000000,Artificial Intelligence Disclosure in Cause-Related Marketing: A Persuasion Knowledge Perspective,2025,10.3390/jtaer20030193,Journal of theoretical and applied electronic commerce research,article,"Qiu, Xiaodong; Wang, Ya; Zeng, Yuruo; Cong, Rong",forward,openalex,doi:10.1007/s11747-019-00696-0,0
doi:10.3390/jtaer20030225,1953,0.000000,The Role of AI Technologies in E-Commerce Development: A European Comparative Study,2025,10.3390/jtaer20030225,Journal of theoretical and applied electronic commerce research,article,"Bocean, Claudiu George; Popescu, Luminiţa; Simion, Dalia; Sperdea, Natalița Maria; Puiu, Carmen; Marinescu, Roxana; Maria, Enescu",forward,openalex,doi:10.1007/s11747-019-00696-0,0
doi:10.3390/jtaer20040302,1954,0.000000,From Perception to Purchase: How AI Literacy Shapes Consumer Decisions in AI-Generated Sponsored Vlogs Across Products and Services,2025,10.3390/jtaer20040302,Journal of theoretical and applied electronic commerce research,article,"Liu, Qianwen; Osman, Lokhman Hakim; Lian, Zhongxing; Wel, Che Aniza Che; Hamid, Siti Ngayesah Ab",forward,openalex,doi:10.1080/00913367.2022.2111728,0
doi:10.3390/jtaer20040339,1955,0.000000,Trust or Skepticism? Unraveling the Communication Mechanisms of AIGC Advertisements on Consumer Responses,2025,10.3390/jtaer20040339,Journal of theoretical and applied electronic commerce research,article,"Shou-fen, Jiang; Zheng, Wanqing; Kong, Haiyan",forward,openalex,doi:10.1080/00913367.2019.1654421,0
doi:10.3390/jtaer21020063,1956,0.000000,Psychological Ownership as a Boundary Condition in AI Recommendation: Credibility Formation and Behavioral Intentions in Electronic Commerce,2026,10.3390/jtaer21020063,Journal of theoretical and applied electronic commerce research,article,"Yang, John Jackson",forward,openalex,doi:10.1007/s11747-020-00749-9,0
doi:10.3390/jtaer21030097,1957,0.000000,"AI-Powered Customer Service in Online Retail: Product-Type Differences, Information Asymmetry, and Seller Interventions",2026,10.3390/jtaer21030097,Journal of theoretical and applied electronic commerce research,article,"Bai, Shuyuan; Wang, Xinquan; Xia, Jun",backward|forward,crossref|openalex,doi:10.1007/s11747-020-00749-9|doi:10.3390/jtaer21060179,0
doi:10.3390/jtaer21040113,1958,0.000000,Investigating Decision-Support Chatbot Acceptance Among Professionals: An Application of the UTAUT Model in a Marketing and Sales Context,2026,10.3390/jtaer21040113,Journal of theoretical and applied electronic commerce research,article,"Kottmann, Sven; Seitz, Jürgen",forward,openalex,doi:10.1007/s11747-020-00749-9,0
doi:10.3390/jtaer21040119,1959,0.000000,When Does Artificial Intelligence Pay Off in Electronic Retailing? A Dual-Path Model from Implementation to Competitive Advantage,2026,10.3390/jtaer21040119,Journal of theoretical and applied electronic commerce research,article,"Bunea, Ovidiu-Iulian; Corboș, Răzvan-Andrei",forward,openalex,doi:10.1007/s11747-019-00696-0,0
doi:10.3390/jtaer21040127,1960,0.000000,"The Personalization Paradox in AI-Driven Tourism E-Commerce: Psychological Reactance, Threat-Substitution, and the Moderating Role of Privacy Concerns",2026,10.3390/jtaer21040127,Journal of theoretical and applied electronic commerce research,article,"Duan, Hongmei; Dawod, Ahmad Yahya; Wan, Guochao",backward,crossref|openalex,doi:10.3390/jtaer21060179,0
doi:10.3390/jtaer21050146,1961,0.000000,Dual Customer Responses to AI Chatbots in Online Shopping: An Integrated AIDUA–SOR Framework,2026,10.3390/jtaer21050146,Journal of theoretical and applied electronic commerce research,article,"Jattamart, Aungkana; Nusawat, Paingruthai; Kwangsawad, Achaporn",forward,openalex,doi:10.1007/s11747-019-00696-0|doi:10.1108/ijrdm-08-2020-0312,0
doi:10.3390/jtaer21060179,1962,0.000000,The Personalization–Privacy Paradox in AI-Driven Programmatic Advertising: Implications for Digital Marketing Sustainability,2026,10.3390/jtaer21060179,Journal of theoretical and applied electronic commerce research,article,"Yildirim, Nermin; Gündüzyeli, Bora",forward,openalex,doi:10.1007/978-3-319-25023-6_1|doi:10.1016/j.chb.2020.106657|doi:10.1016/j.techfore.2019.03.020|doi:10.1080/00913367.2019.1654421,0
doi:10.3390/jtaer21060183,1963,0.000000,Metacognitive Experience: How AI Recommendations Shape Purchase Intention,2026,10.3390/jtaer21060183,Journal of theoretical and applied electronic commerce research,article,"Gu, Qing; Yu, Xintao; Yuan, Ding; Yang, Qiang",forward,openalex,doi:10.1007/s11747-019-00696-0,0
doi:10.3390/jtaer21070197,1964,0.000000,"When AI Conversations Become Advertising Data: Algorithmic Trust, Privacy Calculus, and Purchase Intention in GenAI-Personalized Social Commerce",2026,10.3390/jtaer21070197,Journal of theoretical and applied electronic commerce research,article,"Nusir, Omar.M.; Wel, Che Aniza Che; Hamid, Siti Ngayesah Ab",forward,openalex,doi:10.1007/s11747-019-00696-0|doi:10.1007/s11747-020-00749-9|doi:10.1177/0008125619859317,0
doi:10.3390/jtaer21070229,1965,0.000000,Algorithmic Transparency and Immersive Retail: Investigating the Joint Effects of Explainable AI and Augmented Reality on Consumer Trust and Purchase Decisions,2026,10.3390/jtaer21070229,Journal of theoretical and applied electronic commerce research,article,"Nofal, Reema",forward,openalex,doi:10.1007/s11747-019-00696-0,0
doi:10.3390/jtaer21070232,1966,0.000000,Strategic Disclosure of AI Curation: A Boundary Condition on Algorithm Aversion in Hedonic E-Commerce,2026,10.3390/jtaer21070232,Journal of theoretical and applied electronic commerce research,article,"Ma, Tiannv; Du, Yuqi; Wang, Yong; Zhou, Liying",forward,openalex,doi:10.1007/s11747-019-00696-0,0
doi:10.3390/jtaer21080251,1967,0.000000,How AI-Driven Chatbot Agility Capability Drives Customer Loyalty in Airlines: A Dual-Mediating Path of Perceived Usefulness and Customer Satisfaction,2026,10.3390/jtaer21080251,Journal of theoretical and applied electronic commerce research,article,"Jang, J. S.; Park, Jin-Woo",forward,openalex,doi:10.1108/ijrdm-08-2020-0312,0
doi:10.3390/math14101755,1968,0.000000,A Hybrid AI Approach for Intelligent Group Buying and Digital Marketing Strategy Optimization Based on Machine Learning and Evolutionary Algorithms,2026,10.3390/math14101755,Mathematics,article,"Abildaeva, Zhansaya; Uskenbayeva, Raissa; Kalpeyeva, Zhuldyz; Kassymova, Aizhan; Dauitbayeva, Aigul; Asselkhan, Adranova",forward,openalex,doi:10.1016/j.jik.2020.08.001,0
doi:10.3390/proceedings2022083001,1969,0.000000,Exploring Indonesian Companies’ Chatbots to Gather Customer Experience,2022,10.3390/proceedings2022083001,,conference-paper,"Hudiyono, Risca Fleureta",forward,openalex,doi:10.1108/ijrdm-08-2020-0312,0
doi:10.3390/su12125119,1970,0.000000,How does an Intelligence Chatbot Affect Customers Compared with Self-Service Technology for Sustainable Services?,2020,10.3390/su12125119,Sustainability,article,"Um, Taehyee; Kim, Tae-Kyung; Chung, Namho",forward,openalex,doi:10.1016/j.bushor.2019.12.002,0
doi:10.3390/su13042332,1971,0.000000,The Role of Consumer Autonomy in Developing Sustainable AI: A Conceptual Framework,2021,10.3390/su13042332,Sustainability,article,"Bjørlo, Lena Vatne; Moen, Øystein; Pasquine, Mark",forward,openalex,doi:10.1016/j.bushor.2019.12.002,0
doi:10.3390/su13052824,1972,0.000000,Omnichannel Customer Experience and Management: An Integrative Review and Research Agenda,2021,10.3390/su13052824,Sustainability,article,"Gerea, Carmen; Gonzalez-Lopez, Fernanda; Herskovic, Valeria",forward,openalex,doi:10.1007/978-3-319-68750-6_18,0
doi:10.3390/su13105671,1973,0.000000,AI Technology and Online Purchase Intention: Structural Equation Model Based on Perceived Value,2021,10.3390/su13105671,Sustainability,article,"Yin, Jiwang; Qiu, Xiaodong",forward,openalex,doi:10.1007/s11747-020-00749-9|doi:10.1177/0008125619859317,0
doi:10.3390/su14073974,1974,0.000000,Is Artificial Intelligence Better than Manpower? The Effects of Different Types of Online Customer Services on Customer Purchase Intentions,2022,10.3390/su14073974,Sustainability,article,"Qin, Min; Zhu, Wei; Zhao, Shiyue; Yu, Zhao",forward,openalex,doi:10.1007/s11747-019-00696-0,0
doi:10.3390/su14159637,1975,0.000000,The Effect of Artificial Intelligence on End-User Online Purchasing Decisions: Toward an Integrated Conceptual Framework,2022,10.3390/su14159637,Sustainability,article,"Beyari, Hasan; Garamoun, Hatem",forward,openalex,doi:10.1007/s11747-019-00696-0,0
doi:10.3390/su142416356,1976,0.000000,Marketing Strategies 4.0: Recent Trends and Technologies in Marketing,2022,10.3390/su142416356,Sustainability,article,"Kaur, Ravneet; Singh, Rajesh; Gehlot, Anita; Priyadarshi, Neeraj; Twala, Bhekisipho",forward,openalex,doi:10.1080/0965254x.2018.1493523,0
doi:10.3390/su15010265,1977,0.000000,Assessing Digital Transformation Acceptance in Public Organizations’ Marketing,2022,10.3390/su15010265,Sustainability,article,"Vărzaru, Anca Antoaneta",forward,openalex,doi:10.1016/j.jik.2020.08.001,0
doi:10.3390/su16229963,1978,0.000000,Generative AI for Consumer Behavior Prediction: Techniques and Applications,2024,10.3390/su16229963,Sustainability,article,"Madanchian, Mitra",forward,openalex,doi:10.1007/s11747-019-00696-0,0
doi:10.3390/su162310511,1979,0.000000,Artificial Intelligence in Digital Marketing Within the Framework of Sustainable Management,2024,10.3390/su162310511,Sustainability,article,"Gündüzyeli, Bora",forward,openalex,doi:10.1007/s11747-019-00696-0|doi:10.1177/18393349211037684,0
doi:10.3390/su17073134,1980,0.000000,The Role of Social Media and Artificial Intelligence (AI) in Enhancing Digital Marketing Resilience During Crises,2025,10.3390/su17073134,Sustainability,article,"Gündüzyeli, Bora",forward,openalex,doi:10.1007/s11747-019-00696-0|doi:10.1177/18393349211037684,0
doi:10.3390/su17146363,1981,0.000000,A Typology of Consumers Based on Their Phygital Behaviors,2025,10.3390/su17146363,Sustainability,article,"Maciejewski, Grzegorz; Wróblewski, Łukasz",forward,openalex,doi:10.1016/j.techfore.2023.122342,0
doi:10.3390/su17177673,1982,0.000000,Driving Consumer Engagement Through AI Chatbot Experience: The Mediating Role of Satisfaction Across Generational Cohorts and Gender in Travel Tourism,2025,10.3390/su17177673,Sustainability,article,"Magano, José; Quintela, Joana A.; Banerjee, Neelotpaul",forward,openalex,doi:10.1108/ijrdm-08-2020-0312,0
doi:10.3390/su18020666,1983,0.000000,Psychographic Typology of the Phygital Consumer Based on Emotions Towards Tools and Solutions Used in Retail and Services,2026,10.3390/su18020666,Sustainability,article,"Klaczek-Suchecki, Kajetan; Kucharska, Barbara; Luberda, Przemysław; Malinowska, Mirosława",forward,openalex,doi:10.1016/j.techfore.2023.122342,0
doi:10.3390/su18021073,1984,0.000000,Brand Trust in AI-Driven E-Commerce Personalization: The Well-Being–Privacy Trade-Off,2026,10.3390/su18021073,Sustainability,article,"Aydin, Samet",backward,crossref|openalex,doi:10.3390/jtaer21060179,0
doi:10.3390/su18083906,1985,0.000000,Mechanisms of AI-Empowered Social Media in Fostering Sustainable Consumer–Brand Relationships Among Generation Z,2026,10.3390/su18083906,Sustainability,article,"Liu, Qingyuan; Shen, Zhuonan; Rao, Fei; You, Yiting; Guo, Huiwen; Ni, Sijia",forward,openalex,doi:10.1007/s11747-019-00696-0,0
doi:10.3390/su18094319,1986,0.000000,The Impact of Artificial Intelligence on Marketing Strategies and Business Sustainability,2026,10.3390/su18094319,Sustainability,article,"Toffaha, Omaya; Tashtoush, Laith",forward,openalex,doi:10.1007/s11747-019-00696-0|doi:10.1007/s11747-020-00749-9,0
doi:10.3390/su18115739,1987,0.000000,AI-Driven Remarketing and Digital Infrastructure in Emerging Markets: Evidence from Tourism and Textile Enterprises in Uzbekistan,2026,10.3390/su18115739,Sustainability,article,"Beloeva, Silvia; Levakov, Izzatilla; Venelinova, Nataliya; Akhmedov, Azam; Makhmudov, Mukhtorjon",forward,openalex,doi:10.1007/s11747-019-00696-0|doi:10.1007/s11747-020-00749-9,0
doi:10.3390/su18158014,1988,0.000000,AI-Enabled Green Brand Communication as a Sustainability Signalling Mechanism: The Role of Authenticity in Shaping Brand Perceptions and Purchase Intention,2026,10.3390/su18158014,Sustainability,article,"Poulis, Athanasios; Rizomyliotis, Ioannis",forward,openalex,doi:10.1007/s11747-019-00696-0|doi:10.1007/s11747-020-00749-9|doi:10.1016/j.bushor.2019.12.002|doi:10.1080/00913367.2020.1795954,0
doi:10.3390/systems12100429,1989,0.000000,The Impact of Artificial Intelligence Marketing on E-Commerce Sales,2024,10.3390/systems12100429,Systems,article,"Madanchian, Mitra",forward,openalex,doi:10.1007/s11747-020-00749-9,0
doi:10.3390/systems13100859,1990,0.000000,Mapping Impact and Influence in AI-Driven Advertising: A Scientometric and Network Analysis of Knowledge Ecosystem,2025,10.3390/systems13100859,Systems,article,"Lim, Camille Velasco; Park, Han Woo",forward,openalex,doi:10.1007/978-3-030-12453-3_143|doi:10.1007/s11747-019-00696-0,0
doi:10.3390/systems13121114,1991,0.000000,Data-Driven Decision-Making in Marketing: A Systematic Literature Review of Emerging Themes and Research Gaps,2025,10.3390/systems13121114,Systems,review,"Cruz, Rui Nunes; Rosário, Albérico Travassos",forward,openalex,doi:10.1007/978-3-030-12453-3_151,0
doi:10.3390/systems14010031,1992,0.000000,From Browsing to Decision: How Artificial Intelligence Systems Influence the Modern Fashion Consumer Journey,2025,10.3390/systems14010031,Systems,article,"Alharthi, Sager",forward,openalex,doi:10.1007/s11747-019-00696-0,0
doi:10.33965/es2020_202005l005,1993,0.000000,"THE DIGITAL ADVERTISING ECOSYSTEM STATUS QUO, CHALLENGES AND TRENDS",2020,10.33965/es2020_202005l005,,conference-paper,"Gusic, Nerma Gusic Nerma; Stallone, Valerio",backward,crossref|openalex,doi:10.4018/979-8-3693-7041-4.ch006,0
doi:10.34047/mmr.2020.10201,1994,0.000000,Consumer Attitudes Towards using Digital Assistants in Online Shopping,2023,10.34047/mmr.2020.10201,,article,"Devi, Geeta",forward,openalex,doi:10.1007/s11747-019-00696-0,0
doi:10.34135/communicationtoday.2025.vol.16.no.2.9,1995,0.000000,Deepfake: A Master of Digital Illusion or Disruptor of Objective Reality?,2025,10.34135/communicationtoday.2025.vol.16.no.2.9,Communication Today,article,"Štosel, Marek",forward,openalex,doi:10.1080/17510694.2021.2025001,0
doi:10.34135/mmidentity-2023-35,1996,0.000000,Bridging personalised marketing with artificial intelligence: An analysis of evolution and future trends,2023,10.34135/mmidentity-2023-35,Media & Marketing Identity,article,"Murár, Peter",forward,openalex,doi:10.1177/0008125619859317,0
doi:10.34135/mmidentity-2024-41,1997,0.000000,Opportunities and Threats of AI in Marketing and Communication in the Czech Republic and Slovakia,2024,10.34135/mmidentity-2024-41,Media & Marketing Identity,article,"Kusá, Alena; Přikrylová, Jana; Pátík, Ladislav",forward,openalex,doi:10.1007/s11747-020-00749-9|doi:10.1177/18393349211037684,0
doi:10.34135/mmidentity-2024-48,1998,0.000000,The Impact of Artificial Intelligence on Consumer Decision-Making,2024,10.34135/mmidentity-2024-48,Media & Marketing Identity,article,"Martovič, Matej",forward,openalex,doi:10.1016/j.bushor.2019.12.002,0
doi:10.34135/mmidentity-2024-56,1999,0.000000,The Role of Artificial Intelligence in the Purchasing Decisions of Green Consumers: Cooperation or Competition with Human Intelligence,2024,10.34135/mmidentity-2024-56,Media & Marketing Identity,article,"Pavela, Tabita; Zaušková, Anna; Ščepková, Simona",forward,openalex,doi:10.1007/s11747-020-00749-9,0
doi:10.34135/mmidentity-2024-63,2000,0.000000,The Use of Artificial Intelligence in International Brand Marketing,2024,10.34135/mmidentity-2024-63,Media & Marketing Identity,article,"Sojáková, Monika",forward,openalex,doi:10.1007/s11747-020-00749-9,0
doi:10.34218/ijm_16_04_002,2001,0.000000,THE ROLE OF ARTIFICIAL INTELLIGENCE (AI) IN PERSONALIZED MARKETING- AN ANALYTICAL VIEW,2025,10.34218/ijm_16_04_002,INTERNATIONAL JOURNAL OF MANAGEMENT,article,"Shukla, Pratik; Goyal, Pramod",forward,openalex,doi:10.1007/s11747-020-00749-9,0
doi:10.34293/sijash.v11is3-feb.7252,2002,0.000000,AI-Powered Marketing: Transformative Techniques for Advertising Success,2024,10.34293/sijash.v11is3-feb.7252,Shanlax International Journal of Arts Science and Humanities,article,"Lakshmi, H. R.; Keerthi, H K; Ajay, Shilpa",forward,openalex,doi:10.1007/s11747-019-00696-0|doi:10.1007/s11747-020-00749-9|doi:10.1177/0008125619859317,0
doi:10.34306/italic.v1i1.86,2003,0.000000,"Managing Digital Transformation in Marketing: ""Fusion of Traditional Marketing and Digital Marketing""",2022,10.34306/italic.v1i1.86,International Transactions on Artificial Intelligence (ITALIC),article,"Bist, Ankur Singh; Agarwal, Vertika; Aini, Qurotul; Khofifah, Nimatul",forward,openalex,doi:10.1016/j.jik.2020.08.001,0
doi:10.35120/sciencej0304099m,2004,0.000000,RESHAPING DIGITAL LANDSCAPES: ANALYZING THE IMPACT OF AI IN DIGITAL MARKETING STRATEGIES ON LOCAL SMES,2024,10.35120/sciencej0304099m,SCIENCE International Journal,article,"Mladenović, Marija; Jocić, Kristina Jauković; Đukić, Tijana; Momčilović, Oliver; Maričić, Srđan",forward,openalex,doi:10.1007/978-3-030-12453-3_151|doi:10.1007/s11747-020-00749-9,0
doi:10.35313/ijem.v3i3.4936,2005,0.000000,The Impact of Using AI Chat GPT on Marketing Effectiveness: A Case Study on Instagram Marketing,2023,10.35313/ijem.v3i3.4936,Indonesian Journal of Economics and Management,article,"Saputra, Raihan; Nasution, Muhammad Irwan Padli; Dharma, Budi",backward,openalex,doi:10.58830/ozgur.pub610.c2592|doi:10.58830/ozgur.pub610.c2595,0
doi:10.35342/econder.1939880,2006,0.000000,New Media Logic and the Reconstruction of Consumer Decision Processes in the Age of Artificial Intelligence,2026,10.35342/econder.1939880,Econder International Academic Journal,article,"Büyükbaş, Ömer",forward,openalex,doi:10.1007/s11747-019-00696-0|doi:10.1007/s11747-020-00749-9,0
doi:10.35379/cusosbil.1661256,2007,0.000000,"MÜŞTERİ DEĞERİ ORTAK YARATIMI, YAPAY ZEKA DESTEKLİ PAZARLAMA STRATEJİLERİ VE PERFORMANS ARASINDAKİ İLİŞKİ",2026,10.35379/cusosbil.1661256,Çukurova Üniversitesi Sosyal Bilimler Enstitüsü Dergisi,article,"Kosat, Ali",forward,openalex,doi:10.1007/978-3-030-12453-3_151|doi:10.1177/0008125619859317,0
doi:10.35511/978-963-334-499-6-roser-bartelt,2008,0.000000,A Generative AI and Neural Network Approach to Sustainable Digital Transformation: A Focus on Medical and Marketing Sectors,2024,10.35511/978-963-334-499-6-roser-bartelt,Soproni Egyetem Kiadó eBooks,book-chapter,"Röser, Alexander Maximilian",forward,openalex,doi:10.1007/s11747-020-00749-9,0
doi:10.35629/8028-1406150156,2009,0.000000,The Role of Artificial Intelligence in Shaping Consumer Behaviour: A Study on AI-Driven Marketing Strategies,2025,10.35629/8028-1406150156,International journal of business and management invention.,article,"Kumar, Prashant",forward,openalex,doi:10.1007/s11747-019-00696-0|doi:10.1007/s11747-020-00749-9,0
doi:10.35741/issn.0258-2724.58.2.3,2010,0.000000,USING ARTIFICIAL INTELLIGENCE MARKETING TO OPTIMIZE CUSTOMER SATISFACTION IN THE HOSPITALITY INDUSTRY,2023,10.35741/issn.0258-2724.58.2.3,Journal of Southwest Jiaotong University,article,"Alsoud, Malek; Alsoud, Malek Alsoud, Hakem Sharari, Abdullah Helalat, Mohammad Abuhjeeleh, Ali Trawnih, Nihaiah Mahrakani, Munib",forward,openalex,doi:10.1007/s11747-020-00749-9,0
doi:10.35774/visnyk2025.02.072,2011,0.000000,"Directions, problems and prospects of using artificial intelligence in digital marketing",2025,10.35774/visnyk2025.02.072,Herald of Economics,article,"Завалій, Тетяна; Lehenchuk, Serhii",forward,openalex,doi:10.1177/0008125619859317,0
doi:10.35794/emba.v11i3.49501,2012,0.000000,CHATBOTS IN E-COMMERCE: A STUDY OF GEN Z CUSTOMER EXPERIENCE AND ENGAGEMENT – FRIEND OR FOE?,2023,10.35794/emba.v11i3.49501,"JURNAL RISET EKONOMI, MANAJEMEN, BISNIS DAN AKUNTANSI",article,"Tamara, Christania Armagita Julia; Tumbuan, Willem J. F. A.; Gunawan, Emilia M.",forward,openalex,doi:10.1108/ijrdm-08-2020-0312,0
doi:10.35808/ersj/3539,2013,0.000000,Contemporary Tools for Creating Customer Value,2024,10.35808/ersj/3539,EUROPEAN RESEARCH STUDIES JOURNAL,article,"Zupok, Sebastian",backward,openalex,doi:10.58830/ozgur.pub610.c2595,0
doi:10.35817/publicuho.v6i3.240,2014,0.000000,"PROGRAMMATIC ADVERTISING: Evolution, Efficacy, and Ethical Implications In The Digital Age",2023,10.35817/publicuho.v6i3.240,Journal Publicuho,article,"Meirezaldi, Onni",backward|forward,crossref|openalex,doi:10.1007/978-3-031-96930-0_11|doi:10.1080/00913367.2019.1654421|doi:10.3145/epi.2017.mar.06|doi:10.4018/979-8-3693-7041-4.ch006|doi:10.58830/ozgur.pub610.c2592|doi:10.58830/ozgur.pub610.c2595,0
doi:10.35870/ijsecs.v3i2.1515,2015,0.000000,Personalized Marketing Strategy in Digital Business Using Data Mining Approach,2023,10.35870/ijsecs.v3i2.1515,International Journal Software Engineering and Computer Science (IJSECS),article,"Yusnidar, Yusnidar; Yudhakusuma, Dudi; Sari, Fitriya",forward,openalex,doi:10.1108/wjemsd-08-2020-0099,0
doi:10.35940/ijrte.c5868.098319,2016,0.000000,Choosing Effective Internet Marketing Tools in Strategic Management,2019,10.35940/ijrte.c5868.098319,International Journal of Recent Technology and Engineering (IJRTE),article,"Lagodiienko, Volodymyr; Karyy, Оleh; Ohiienko, Mykola; Kalaman, Olga; Lorvi, Iryna; Herasimchuk, Tamara",backward,crossref|openalex,doi:10.3390/joitmc7020114,0
doi:10.35940/ijrte.d1001.1284s319,2017,0.000000,Role of Artificial Intelligence in Social Media Marketing,2019,10.35940/ijrte.d1001.1284s319,International Journal of Recent Technology and Engineering (IJRTE),article,,forward,openalex,doi:10.1007/978-3-030-12453-3_151,0
doi:10.35940/ijsce.a1111.16010326,2018,0.000000,The Role of Artificial Intelligence in Reshaping Indias E-Commerce Landscape,2026,10.35940/ijsce.a1111.16010326,International Journal of Soft Computing and Engineering,article,"Ramanjaneyulu, Dr. N.; Dadapeer, Prof. P.; Umrez, Prof. M.",forward,openalex,doi:10.1007/s11747-019-00696-0,0
doi:10.36074/grail-of-science.22.08.2025.015,2019,0.000000,ШТУЧНИЙ ІНТЕЛЕКТ В МАРКЕТИНГУ: ПЕРЕВАГИ ТА НЕДОЛІКИ,2025,10.36074/grail-of-science.22.08.2025.015,ГРААЛЬ НАУКИ,article,"Кудельський, Віталій",forward,openalex,doi:10.1007/s11747-019-00696-0,0
doi:10.36074/grail-of-science.26.12.2025.022,2020,0.000000,ШТУЧНИЙ ІНТЕЛЕКТ ЯК КАТАЛІЗАТОР РОЗВИТКУ СУЧАСНИХ МАРКЕТИНГОВИХ СИСТЕМ,2025,10.36074/grail-of-science.26.12.2025.022,ГРААЛЬ НАУКИ,article,"Смирнова, Тетяна; Смирнова, Софія",forward,openalex,doi:10.1007/s11747-019-00696-0|doi:10.1007/s11747-020-00749-9,0
doi:10.36282/ijasrm/9.1.2024.1925,2021,0.000000,Impact of artificial intelligence on consumer behavior in reference to online shopping,2024,10.36282/ijasrm/9.1.2024.1925,International Journal of Advanced Scientific Research and Management,article,"Vazirani, Meena",forward,openalex,doi:10.1007/s11747-019-00696-0|doi:10.1007/s11747-020-00749-9|doi:10.1108/ijrdm-08-2020-0312,0
doi:10.36615/jcsa.v43i1.2513,2022,0.000000,Artificial Intelligence’s (AI’s) Implications for Strategic Communication,2024,10.36615/jcsa.v43i1.2513,Communicare Journal for Communication Studies in Africa,article,"Shabangu, Pay",forward,openalex,doi:10.1007/s11747-019-00696-0,0
doi:10.36818/2071-4653-2025-2-10,2023,0.000000,Use of artificial intelligence and big data in building brand communication in the global market,2025,10.36818/2071-4653-2025-2-10,Socio-Economic Problems of the Modern Period of Ukraine,article,"Raiko, Diana V.",forward,openalex,doi:10.1007/978-3-030-12453-3_151|doi:10.1177/18393349211037684,0
doi:10.36863/mds.a.23348,2024,0.000000,"L’IA, LES MUTATIONS DU TÉLÉMARKETING ET L’ÉCOLOGIE",2023,10.36863/mds.a.23348,Management & Data Science,article,"Michaud, Thomas",forward,openalex,doi:10.1007/s11747-019-00696-0,0
doi:10.36948/ijfmr.2023.v05i03.3789,2025,0.000000,A Study on Artificial Intelligence in Marketing,2023,10.36948/ijfmr.2023.v05i03.3789,International Journal For Multidisciplinary Research,article,"-, A LAKSHMI PRIYANKA; -, M HARIHARARAO; Prasanna, Mrs. S. Grace; -, Y DEEPIKA",forward,openalex,doi:10.1007/s11747-019-00696-0,0
doi:10.36948/ijfmr.2023.v05i04.4956,2026,0.000000,The Role of Artificial Intelligence in Marketing Analytics,2023,10.36948/ijfmr.2023.v05i04.4956,International Journal For Multidisciplinary Research,article,"-, Zhang Nan; Kun, Zhao; -, Zhao Chen; -, Abhijit Ghosh",forward,openalex,doi:10.3389/fpsyg.2022.856663,0
doi:10.36948/ijfmr.2023.v05i06.11194,2027,0.000000,Personalization in Marketing: Customizing the Customer Experience for Greater Engagement,2023,10.36948/ijfmr.2023.v05i06.11194,International Journal For Multidisciplinary Research,article,"-, Dr Maneesha Kaushik; -, Mahima Sharma",backward,openalex,doi:10.58830/ozgur.pub610.c2592|doi:10.58830/ozgur.pub610.c2595,0
doi:10.36948/ijfmr.2024.v06i01.11924,2028,0.000000,Role of Artificial Intelligence in Marketing: A Paradigm Shift,2024,10.36948/ijfmr.2024.v06i01.11924,International Journal For Multidisciplinary Research,article,"Bharathi, N S -; Manjunath, S; Hemantha, M S -; Praveen, H A -",forward,openalex,doi:10.1007/s11747-019-00696-0|doi:10.1007/s11747-020-00749-9|doi:10.1177/0008125619859317,0
doi:10.36948/ijfmr.2024.v06i03.22283,2029,0.000000,"Exploring AI-Driven Customer Service: Evolution, Architectures, Opportunities, Challenges and Future Directions",2024,10.36948/ijfmr.2024.v06i03.22283,International Journal For Multidisciplinary Research,article,"-, Sai Mounika Inavolu",forward,openalex,doi:10.1007/s11747-019-00696-0,0
doi:10.36948/ijfmr.2024.v06i06.33445,2030,0.000000,"A Study on “The Applicability of Artificial Intelligence Marketing for Creating Data – Driven Marketing Strategies at Cherri Technologies, Pondicherry",2024,10.36948/ijfmr.2024.v06i06.33445,International Journal For Multidisciplinary Research,article,"-, Ayesha .S; Su, Pan",forward,openalex,doi:10.1007/s11747-020-00749-9,0
doi:10.3724/sp.j.1042.2025.1425,2031,0.000000,Marketing effect of virtual influencers and its mechanisms in the context of AI technology,2025,10.3724/sp.j.1042.2025.1425,Advances in Psychological Science,article,"Li, Yan; Chen, Wei; Wu, Ruijuan",forward,openalex,doi:10.1007/s11747-019-00696-0|doi:10.1016/j.bushor.2019.12.002|doi:10.1080/00913367.2019.1654421,0
doi:10.37301/jmubh.v18i2.23211,2032,0.000000,The Effect of Artificial Intelligence Utilizing in Social Media Marketing,2023,10.37301/jmubh.v18i2.23211,Jurnal Manajemen Universitas Bung Hatta,article,"Pratika, Yeyen",forward,openalex,doi:10.1007/s11747-020-00749-9,0
doi:10.37431/conectividad.v7i1.330,2033,0.000000,Hacia un marketing digital inteligente: Propuestas para la formación y la ética en el uso de IA,2026,10.37431/conectividad.v7i1.330,Revista Conectividad,article,"Vásquez, Freddy Giovanni Zúñiga; Poveda, Diego Alejandro Mora; Arroba, Edison Manuel; Guerrero, Darío Javier Lescano",forward,openalex,doi:10.1007/s11747-019-00696-0|doi:10.1177/18393349211037684,0
doi:10.37467/revvisual.v9.4114,2034,0.000000,Publicidad programática y los cambios en la industria digital. ¿El fin de las third party-cookies?,2022,10.37467/revvisual.v9.4114,VISUAL REVIEW International Visual Culture Review / Revista Internacional de Cultura Visual,article,"Santos, Paloma Fuentes; Díaz, Javier Bustos",forward,openalex,doi:10.1016/j.chb.2020.106657,0
doi:10.37497/promptai.4.2025.80,2035,0.000000,AI Use for E-Commerce and Online Retail: Transforming the Future,2025,10.37497/promptai.4.2025.80,PromptAI Academy Journal,article,"Tambuskar, Sonali",forward,openalex,doi:10.1007/s11747-019-00696-0,0
doi:10.37502/ijsmr.2023.6607,2036,0.000000,Implementing Technology for Competitive Advantage in Digital Marketing,2023,10.37502/ijsmr.2023.6607,International Journal of Scientific and Management Research,article,"Hussain, Hisham Noori; Alabdullah, Tariq Tawfeeq Yousif; Ahmed, Essia Ries; Jamal, Kanaan Abdulkarim M.",backward,openalex,doi:10.52970/grmilf.v4i2.356,0
doi:10.37625/abr.28.2.319-342,2037,0.000000,Implementing Responsible Artificial Intelligence in Marketing,2025,10.37625/abr.28.2.319-342,American Business Review,article,"Kumar, Prof Vikas; Dixit, Ashutosh; Sharma, Priyanka; Roy, Sudipendra Nath",forward,openalex,doi:10.1177/0008125619859317,0
doi:10.37638/bima.7.1.955-964,2038,0.000000,"Effect of Artificial Intelligence Implementation and Product Innovation on Digital Marketing Strategy Effectiveness in Palopo City's Micro, Small, and Medium Enterprises",2026,10.37638/bima.7.1.955-964,BIMA Journal (Business Management & Accounting Journal),article,"Ananda, Ananda; Anwar, Suhardi M.; Aqsa, Muhammad",forward,openalex,doi:10.1007/s11747-020-00749-9,0
doi:10.37679/trta.876044,2039,0.000000,Dijital Medyada Programatik Reklamcılık ve Etik Sorunlar,2021,10.37679/trta.876044,TRT Akademi,article,"METE, Mevlüt Hürol",forward,openalex,doi:10.1016/j.techfore.2019.03.020|doi:10.3145/epi.2017.mar.06,0
doi:10.37745/bjms.13/vol10no1pp.32-46,2040,0.000000,Salient Issues in Marketing Analytics,2022,10.37745/bjms.13/vol10no1pp.32-46,British Journal of Marketing Studies,article,,forward,openalex,doi:10.1007/s11747-019-00696-0|doi:10.1016/j.eswa.2018.11.002,0
doi:10.37745/bjms.2013/vol12n26090,2041,0.000000,The Application of Artificial Intelligence on Customer Relationship Management (CRM) in the Sultanate of Oman Telecommunications Sector,2024,10.37745/bjms.2013/vol12n26090,British Journal of Marketing Studies,article,"Eltayib, Nuha Hassan Elmubasher",forward,openalex,doi:10.1007/s11747-020-00749-9,0
doi:10.37745/ijbmr.2013/vol12n25674,2042,0.000000,Applying Artificial Intelligence to the Digital Marketing: Opportunities and Challenges for the Marketer,2024,10.37745/ijbmr.2013/vol12n25674,International Journal of Business and Management Review,article,"Mani, Aelita",forward,openalex,doi:10.1007/s11747-020-00749-9|doi:10.1007/s12599-015-0370-8|doi:10.1177/18393349211037684,0
doi:10.37867/te1403121,2043,0.000000,IMPACT OF SOCIAL MEDIA ENGAGEMENT AND ARTIFICIAL INTELLIGENCE ON ONLINE BUYING BEHAVIOUR,2022,10.37867/te1403121,Towards Excellence,article,"Das, Aditya Prasad; Pradhan, Sunil Kumar; Chaudhury, Suman Kalyan",forward,openalex,doi:10.1007/s11747-019-00696-0,0
doi:10.37917/ijeee.20.1.23,2044,0.000000,Digital Marketing Data Classification by Using Machine Learning Algorithms,2024,10.37917/ijeee.20.1.23,Iraqi Journal for Electrical And Electronic Engineering,article,"Saud, Noor; Atiyah, Oqbah Salim; Ahmed, Mohammed Taher; Bakhit, A. H.",forward,openalex,doi:10.1016/j.jik.2020.08.001,0
doi:10.37979/afb.2023v6n2.138,2045,0.000000,Impacto de la inteligencia artificial (IA) en la efectividad de las estrategias de marketing personalizado,2023,10.37979/afb.2023v6n2.138,Revista científica anfibios,article,"Rivera-Montaño, Sergio A.",forward,openalex,doi:10.1007/s11747-020-00749-9,0
doi:10.38009/ekimad.1795729,2046,0.000000,"A Systematic Literature Review of Zero, First, Second, and Third-Party Data in Digital Marketing: The Post-Cookie Era",2026,10.38009/ekimad.1795729,Ekonomi İşletme ve Maliye Araştırmaları Dergisi,review,"Efendi̇oğlu, İbrahim Halil",forward,openalex,doi:10.4018/979-8-3693-3455-3.ch012,0
doi:10.38120/banusad.1584098,2047,0.000000,PAZARLAMA VE YAPAY ZEKA İLİŞKİSİ: BİR LİTERATÜR İNCELEMESİ,2025,10.38120/banusad.1584098,Bandırma Onyedi Eylül Üniversitesi Sosyal Bilimler Araştırmaları Dergisi,article,"Selçuk, Emin Ergun",forward,openalex,doi:10.1007/s11747-019-00696-0,0
doi:10.38124/ijisrt/ijisrt24may2203,2048,0.000000,Bias Detection and Mitigation in AI-Driven Target Marketing: Exploring Fairness in Automated Consumer Profiling,2024,10.38124/ijisrt/ijisrt24may2203,International Journal of Innovative Science and Research Technology (IJISRT),article,"Soni, Vishvesh",forward,openalex,doi:10.1007/s11747-019-00696-0,0
doi:10.38124/ijisrt/ijisrt24oct1298,2049,0.000000,Impact of AI-Driven CRM on Customer Relationship Management and Business Growth in the Manufacturing Sector,2024,10.38124/ijisrt/ijisrt24oct1298,International Journal of Innovative Science and Research Technology (IJISRT),article,"Kalluri, Venkata Saiteja",forward,openalex,doi:10.1007/s11747-019-00696-0,0
doi:10.38124/ijsrmt.v3i9.1204,2050,0.000000,Leveraging AI-Enhanced Commercial Insights for Precision Marketing in the Biopharmaceutical Industry,2024,10.38124/ijsrmt.v3i9.1204,International Journal of Scientific Research and Modern Technology.,article,"Anokwuru, Ezichi Adanna",forward,openalex,doi:10.1007/s11747-019-00696-0,0
doi:10.38124/ijsrmt.v4i2.1011,2051,0.000000,AI-Driven Field Enablement Systems for Oncology Commercial Strategy: A Framework for Enhancing Decision-Making and Market Execution,2025,10.38124/ijsrmt.v4i2.1011,International Journal of Scientific Research and Modern Technology.,article,"Anokwuru, Ezichi Adanna; Emmauel, Igba",forward,openalex,doi:10.1007/s11747-019-00696-0,0
doi:10.38124/ijsrmt.v4i7.974,2052,0.000000,Marketing Data Intelligence: Driving Campaign Performance with Integrated Marketing Data Solutions,2025,10.38124/ijsrmt.v4i7.974,International Journal of Scientific Research and Modern Technology.,article,"Singh, Ravikant",forward,openalex,doi:10.1016/j.eswa.2018.11.002,0
doi:10.3844/jcssp.2025.78.87,2053,0.000000,Artificial Intelligence and Mathematical Modelling-Based Techniques to Improve Social Media Marketing,2025,10.3844/jcssp.2025.78.87,Journal of Computer Science,article,"Chaudhary, Kiran; Rahman, Mohammad Naquibur; Hasan, Nabeela; Alam, Mansaf; Punit, Aakash",forward,openalex,doi:10.1016/j.compeleceng.2020.106723|doi:10.1108/wjemsd-08-2020-0099,0
doi:10.3846/btp.2020.12313,2054,0.000000,REVOLUTIONISED TECHNOLOGIES FOR MARKETING: THEORETICAL REVIEW WITH FOCUS ON ARTIFICIAL INTELLIGENCE,2020,10.3846/btp.2020.12313,Verslas teorija ir praktika,article,"Peyravi, Bahman; Nekrošienė, Julija; Лобанова, Людмила",forward,openalex,doi:10.1007/s11747-019-00696-0|doi:10.1177/0008125619859317,0
doi:10.3917/dm.112.0105,2055,0.000000,Marketing faced with the organizational challenge of AI explainability,2024,10.3917/dm.112.0105,Décisions Marketing,article,"Vuarin, Louis; Steyer, Véronique",forward,openalex,doi:10.1007/s11747-020-00749-9|doi:10.1016/j.bushor.2019.12.002|doi:10.1177/18393349211037684,0
doi:10.3917/mav.126.0115,2056,0.000000,Développement d’un assistant virtuel en tourisme : rôles clés de l’utilité et du plaisir perçus sur l’intention d’adoption,2021,10.3917/mav.126.0115,Management & Avenir,article,"García, Pablo José Vásquez; Tep, Sandrine Prom; Arcand, Manon; Rajaobelina, Lova; Ricard, Line",forward,openalex,doi:10.1007/s11747-020-00749-9,0
doi:10.3917/qdm.237.0031,2057,0.000000,Intelligence artificielle et marketing : défis éthiques et horizons de recherche,2026,10.3917/qdm.237.0031,Question(s) de management,article,"Goglin, Christian; Serhal, Rania; Medic, Dragana",forward,openalex,doi:10.1007/s11747-019-00696-0|doi:10.1016/j.bushor.2019.12.002,0
doi:10.3991/ijim.v16i13.30609,2058,0.000000,The Impact of Digital Marketing: A Systematic Literature Review,2022,10.3991/ijim.v16i13.30609,International Journal of Interactive Mobile Technologies (iJIM),review,"Qurtubi, Qurtubi; Febrianti, Melinska Ayu; Sugarindra, Muchamad; Hidayat, Anas; Suyanto, M.",backward,openalex,doi:10.58830/ozgur.pub610.c2592|doi:10.58830/ozgur.pub610.c2595,0
doi:10.4018/978-1-4666-8459-1.ch003,2059,0.000000,Artificial Intelligence,2015,10.4018/978-1-4666-8459-1.ch003,"Advances in marketing, customer relationship management, and e-services book series",book-chapter,"Forrest, Edward; Hoanca, Bogdan",backward,crossref|openalex,doi:10.1080/0965254x.2018.1493523,0
doi:10.4018/978-1-5225-1865-5.ch006,2060,0.000000,A Review of Consumer-Facing Digital Technologies Across Different Types of Fashion Store Formats,2017,10.4018/978-1-5225-1865-5.ch006,Advances in business information systems and analytics book series,book-chapter,"Bonetti, Francesca; Perry, Patsy",backward,openalex,doi:10.6092/issn.2611-0563/13120,0
doi:10.4018/978-1-5225-2139-6.ch005,2061,0.000000,Marketing 4.0,2017,10.4018/978-1-5225-2139-6.ch005,"Advances in marketing, customer relationship management, and e-services book series",book-chapter,"Jiménez‐Zarco, Ana Isabel; Rospigliosi, Asher; Martínez‐Ruiz, María Pilar; Izquierdo‐Yusta, Alicia",backward,openalex,doi:10.52970/grmilf.v3i1.398,0
doi:10.4018/978-1-5225-9940-1.ch001,2062,0.000000,Customer Analytics Capabilities in the Big Data Spectrum,2019,10.4018/978-1-5225-9940-1.ch001,"Practice, progress, and proficiency in sustainability",book-chapter,"Hossain, Md Afnan; Akter, Shahriar; Yanamandram, Venkata",forward,openalex,doi:10.1016/j.eswa.2018.11.002,0
doi:10.4018/978-1-6684-3662-2.ch066,2063,0.000000,The Use of Big Data in Marketing Analytics,2021,10.4018/978-1-6684-3662-2.ch066,IGI Global eBooks,book-chapter,"Goi, Chai Lee",forward,openalex,doi:10.1016/j.eswa.2018.11.002,0
doi:10.4018/978-1-6684-4496-2.ch008,2064,0.000000,Developing Customer Engagement Through Artificial Intelligence Tools,2022,10.4018/978-1-6684-4496-2.ch008,"Advances in marketing, customer relationship management, and e-services book series",book-chapter,"Bansal, Rohit; Pruthi, Nishita; Singh, Ram",forward,openalex,doi:10.1177/0008125619859317,0
doi:10.4018/978-1-6684-4496-2.ch014,2065,0.000000,Machine Learning and Artificial Intelligence,2022,10.4018/978-1-6684-4496-2.ch014,"Advances in marketing, customer relationship management, and e-services book series",book-chapter,"Hossain, Md Shamim; Rahman, Mst Farjana",forward,openalex,doi:10.1007/s11747-020-00749-9|doi:10.1016/j.bushor.2019.12.002|doi:10.1016/j.jik.2020.08.001,0
doi:10.4018/978-1-6684-4503-7.ch074,2066,0.000000,Examining the Integration of Virtual and Physical Platforms From Luxury Brand Managers' Perspectives,2022,10.4018/978-1-6684-4503-7.ch074,IGI Global eBooks,book-chapter,"Peretti, Paola; Chiaudano, Valentina; Sawhney, Mohanbir",forward,openalex,doi:10.1007/978-3-319-68750-6_18,0
doi:10.4018/978-1-6684-5844-0.ch004,2067,0.000000,Artificial Intelligence as the New Realm for Online Advertising,2022,10.4018/978-1-6684-5844-0.ch004,"Advances in marketing, customer relationship management, and e-services book series",book-chapter,"Tahoun, Nouran; Taher, Ahmed",forward,openalex,doi:10.1016/j.ausmj.2020.04.002|doi:10.1080/00913367.2019.1654421,0
doi:10.4018/978-1-6684-6366-6.ch006,2068,0.000000,Artificial Intelligence Trends and Perceptions,2023,10.4018/978-1-6684-6366-6.ch006,Advances in environmental engineering and green technologies book series,book-chapter,"Munyengeterwa, Tariro S.; Richards, Melanie B.; Eaton, Joel B.",forward,openalex,doi:10.1007/s11747-019-00696-0|doi:10.1080/00913367.2019.1654421,0
doi:10.4018/978-1-6684-6613-1.ch004,2069,0.000000,Machine Learning Suggesting Marketing Mix,2023,10.4018/978-1-6684-6613-1.ch004,"Advances in marketing, customer relationship management, and e-services book series",book-chapter,"Ambika, N.",forward,openalex,doi:10.1016/j.compeleceng.2020.106723,0
doi:10.4018/978-1-6684-6937-8.ch003,2070,0.000000,The Rising Trend of Artificial Intelligence in Social Media,2023,10.4018/978-1-6684-6937-8.ch003,Advances in computer and electrical engineering book series,book-chapter,"Husseiny, Fatima Al",forward,openalex,doi:10.1108/wjemsd-08-2020-0099|doi:10.17577/ijertv8is060622,0
doi:10.4018/978-1-6684-7029-9.ch004,2071,0.000000,How Will Metaverse and AI Change Traditional Marketing Techniques?,2023,10.4018/978-1-6684-7029-9.ch004,"Advances in marketing, customer relationship management, and e-services book series",book-chapter,"Doğuç, Özge",forward,openalex,doi:10.1007/s11747-020-00749-9|doi:10.1108/wjemsd-08-2020-0099,0
doi:10.4018/978-1-6684-7105-0.ch005,2072,0.000000,The Role of Machine Learning in Customer Experience,2023,10.4018/978-1-6684-7105-0.ch005,Advances in business information systems and analytics book series,book-chapter,"Thakur, Uma",forward,openalex,doi:10.1007/s11747-019-00696-0,0
doi:10.4018/978-1-6684-7519-5.ch003,2073,0.000000,Is It Practical to Utilize AI-Powered Chatbots in Halal Marketing Communications?,2023,10.4018/978-1-6684-7519-5.ch003,"Advances in logistics, operations, and management science book series",book-chapter,"Nasution, Muhammad Dharma Tuah Putra; Rini, Endang Sulistya; Sembiring, Beby Karina Fawzeea; Silalahi, Amlys Syahputra; Pahlufi, Cut Kesuma",forward,openalex,doi:10.1016/j.indmarman.2020.07.022,0
doi:10.4018/978-1-6684-7735-9.ch003,2074,0.000000,Chatbots in Digital Marketing,2023,10.4018/978-1-6684-7735-9.ch003,"Advances in marketing, customer relationship management, and e-services book series",book-chapter,"Huseynov, Farıd",forward,openalex,doi:10.1108/ijrdm-08-2020-0312,0
doi:10.4018/978-1-6684-7735-9.ch004,2075,0.000000,Integrating Electronic Customer Relationship Management and Artificial Intelligence,2023,10.4018/978-1-6684-7735-9.ch004,"Advances in marketing, customer relationship management, and e-services book series",book-chapter,"Al-Weshah, Ghazi A.; Kakeesh, Dana; Shishan, Farah",forward,openalex,doi:10.1007/s11747-020-00749-9|doi:10.1177/0008125619859317,0
doi:10.4018/978-1-6684-8574-3.ch009,2076,0.000000,Artificial Intelligence Effectiveness in Customer Experience at Retail,2023,10.4018/978-1-6684-8574-3.ch009,"Advances in marketing, customer relationship management, and e-services book series",book-chapter,"Carvalho, João M. S.; Faria, Sílvia; Oliveira, Daniel Alves de",forward,openalex,doi:10.1016/j.bushor.2019.12.002|doi:10.1108/ijrdm-08-2020-0312,0
doi:10.4018/978-1-6684-8958-1.ch001,2077,0.000000,Digital Marketing Perspectives,2023,10.4018/978-1-6684-8958-1.ch001,"Advances in marketing, customer relationship management, and e-services book series",book-chapter,"Pires, Paulo Botelho; Santos, José Duarte",forward,openalex,doi:10.1016/j.bushor.2019.12.002|doi:10.1016/j.techfore.2023.122342|doi:10.1177/18393349211037684,0
doi:10.4018/978-1-6684-8958-1.ch005,2078,0.000000,Artificial Intelligence and Marketing,2023,10.4018/978-1-6684-8958-1.ch005,"Advances in marketing, customer relationship management, and e-services book series",book-chapter,"Pires, Paulo Botelho; Santos, José Duarte",forward,openalex,doi:10.1007/978-3-030-12453-3_143|doi:10.1016/j.compeleceng.2020.106723|doi:10.1177/18393349211037684,0
doi:10.4018/978-1-6684-9062-4.ch009,2079,0.000000,Digital Marketing Based on Machine Learning,2023,10.4018/978-1-6684-9062-4.ch009,"Advances in logistics, operations, and management science book series",book-chapter,"Palaniappan, Damodharan; Davda, Yatri; Premavathi, T.",forward,openalex,doi:10.1007/s11747-019-00696-0,0
doi:10.4018/978-1-6684-9146-1,2080,0.000000,Connecting With Consumers Through Effective Personalization and Programmatic Advertising,2023,10.4018/978-1-6684-9146-1,"Advances in marketing, customer relationship management, and e-services book series",book,"1971-, Remondes, Jorge; Jorge, Madeira, Paulo; 1958-, Alves, Carlos Teixeira",backward|seed,crossref|openalex|seed,doi:10.4018/979-8-3693-3455-3.ch012,0
doi:10.4018/978-1-6684-9146-1.ch007,2081,0.000000,Personalization of Marketing for Today and the Future,2023,10.4018/978-1-6684-9146-1.ch007,"Advances in marketing, customer relationship management, and e-services book series",book-chapter,"Pınarbaşı, Fatih",forward,openalex,doi:10.1007/s11747-019-00696-0,0
doi:10.4018/978-1-6684-9146-1.ch011,2082,0.000000,The Impact of Retargeting on Consumer Well-Being and Purchase Intention,2023,10.4018/978-1-6684-9146-1.ch011,"Advances in marketing, customer relationship management, and e-services book series",book-chapter,"Davidova, Evelina; Antuntes, Ana Cristina",backward,crossref|openalex,doi:10.1007/978-3-031-96930-0_11,0
doi:10.4018/978-1-6684-9324-3.ch002,2083,0.000000,Artificial Intelligence Applied to Digital Marketing,2023,10.4018/978-1-6684-9324-3.ch002,"Advances in marketing, customer relationship management, and e-services book series",book-chapter,"Aleixo, José Eduardo; Reis, José Luís; Teixeira, Sandrina; Lima, Ana Pinto de",forward,openalex,doi:10.1007/978-3-030-12453-3_151|doi:10.1007/s11747-019-00696-0|doi:10.1177/0008125619859317,0
doi:10.4018/978-1-6684-9324-3.ch004,2084,0.000000,Assessing the Intersection of Artificial Intelligence and Digital Advertising,2023,10.4018/978-1-6684-9324-3.ch004,"Advances in marketing, customer relationship management, and e-services book series",book-chapter,"Pınarbaşı, Fatih",forward,openalex,doi:10.1016/j.ausmj.2020.04.002|doi:10.1080/0965254x.2022.2148269,0
doi:10.4018/978-1-6684-9324-3.ch005,2085,0.000000,How Artificial Intelligence (AI) is Transforming the User Experience in Digital Marketing,2023,10.4018/978-1-6684-9324-3.ch005,"Advances in marketing, customer relationship management, and e-services book series",book-chapter,"Kaperonis, Stavros",forward,openalex,doi:10.1007/s11747-019-00696-0,0
doi:10.4018/978-1-6684-9324-3.ch009,2086,0.000000,Sentiment Mining,2023,10.4018/978-1-6684-9324-3.ch009,"Advances in marketing, customer relationship management, and e-services book series",book-chapter,"Daisy, Anjali",backward,crossref|openalex,doi:10.4018/979-8-3693-3455-3.ch012,0
doi:10.4018/978-1-6684-9324-3.ch010,2087,0.000000,The Use of Artificial Intelligence in Digital Marketing Competitive Strategies and Tactics,2023,10.4018/978-1-6684-9324-3.ch010,"Advances in marketing, customer relationship management, and e-services book series",book-chapter,"Bhattacharya, Saurabh; Singla, Babita",forward,openalex,doi:10.1007/s11747-019-00696-0,0
doi:10.4018/978-1-6684-9324-3.ch011,2088,0.000000,The Future of Digital Marketing,2023,10.4018/978-1-6684-9324-3.ch011,"Advances in marketing, customer relationship management, and e-services book series",book-chapter,"Raghav, Yogita Yashveer; Tipu, Rupesh Kumar; Bhakhar, Ruchika; Gupta, Tanu; Sharma, Kriti",forward,openalex,doi:10.1007/s11747-020-00749-9|doi:10.1177/0008125619859317,0
doi:10.4018/978-1-6684-9591-9.ch002,2089,0.000000,Impact of Artificial Intelligence on Marketing Research,2023,10.4018/978-1-6684-9591-9.ch002,Advances in human and social aspects of technology book series,book-chapter,"Sáez‐Ortuño, Laura; Sánchez, Javier; Forgas‐Coll, Santiago; Huertas-García, Rubén; Puertas, Eloi",backward|forward,crossref|openalex,doi:10.1177/0008125619859317|doi:10.4018/979-8-3693-3455-3.ch012,0
doi:10.4018/978-1-6684-9591-9.ch016,2090,0.000000,AI-Driven Customer Experience,2023,10.4018/978-1-6684-9591-9.ch016,Advances in human and social aspects of technology book series,book-chapter,"Bialkova, Svetlana",forward,openalex,doi:10.1016/j.ausmj.2020.04.002,0
doi:10.4018/978-1-6684-9897-2.ch007,2091,0.000000,Usability and Responsiveness of Artificial Intelligence Chatbots on Customer Satisfaction,2024,10.4018/978-1-6684-9897-2.ch007,Advances in religious and cultural studies (ARCS) book series,book-chapter,"Padmavathi, Talla; Sidhartha, P. Gowtham",forward,openalex,doi:10.1108/ijrdm-08-2020-0312,0
doi:10.4018/978-1-7998-1125-1.ch007,2092,0.000000,Transformation of Marketing With Technology,2019,10.4018/978-1-7998-1125-1.ch007,Advances in e-business research series,book-chapter,"Pınarbaşı, Fatih; Akpınar, Habib Mehmet",backward,crossref|openalex,doi:10.1080/10696679.2023.2166535,0
doi:10.4018/978-1-7998-4984-1.ch004,2093,0.000000,The Use of Big Data in Marketing Analytics,2020,10.4018/978-1-7998-4984-1.ch004,Advances in electronic commerce (AEC) book series/Advances in electronic commerce series,book-chapter,"Goi, Chai Lee",forward,openalex,doi:10.1016/j.eswa.2018.11.002,0
doi:10.4018/978-1-7998-5077-9.ch005,2094,0.000000,Marketing and Artificial Intelligence,2020,10.4018/978-1-7998-5077-9.ch005,"Advances in marketing, customer relationship management, and e-services book series",book-chapter,"Ramnarayan, Sujata",forward,openalex,doi:10.1007/s11747-019-00696-0|doi:10.1177/0008125619859317,0
doi:10.4018/978-1-7998-5882-9.ch003,2095,0.000000,Examining the Integration of Virtual and Physical Platforms From Luxury Brand Managers' Perspectives,2021,10.4018/978-1-7998-5882-9.ch003,"Advances in marketing, customer relationship management, and e-services book series",book-chapter,"Peretti, Paola; Chiaudano, Valentina; Sawhney, Mohanbir",forward,openalex,doi:10.1007/978-3-319-68750-6_18,0
doi:10.4018/978-1-7998-6985-6.ch016,2096,0.000000,Artificial Intelligence in Marketing,2021,10.4018/978-1-7998-6985-6.ch016,Advances in business information systems and analytics book series,book-chapter,"Sığırcı, Özge",forward,openalex,doi:10.1007/s11747-019-00696-0,0
doi:10.4018/978-1-7998-7192-7.ch014,2097,0.000000,Phygital Customer Experience Mixed Approach of Augmented Reality and Customer Experience (DCX) in the Context of Heritage Tourism,2021,10.4018/978-1-7998-7192-7.ch014,"Advances in marketing, customer relationship management, and e-services book series",book-chapter,"Bahri-Ammari, Nedra; Hassoumi, Ines El",backward,crossref|openalex,doi:10.1155/hbe2/6675139,0
doi:10.4018/978-1-7998-7793-6.ch002,2098,0.000000,Personalized Product Recommendation and User Satisfaction,2021,10.4018/978-1-7998-7793-6.ch002,"Advances in logistics, operations, and management science book series",book-chapter,"Patnaik, Priyadarsini",forward,openalex,doi:10.1007/s11747-019-00696-0,0
doi:10.4018/978-1-7998-7959-6.ch003,2099,0.000000,Hyper-Personalization,2021,10.4018/978-1-7998-7959-6.ch003,"Advances in marketing, customer relationship management, and e-services book series",book-chapter,"Desai, Darshana",forward,openalex,doi:10.1007/s11747-020-00749-9|doi:10.1177/0008125619859317,0
doi:10.4018/978-1-7998-7959-6.ch005,2100,0.000000,Fostering CRM Through Artificial Intelligence,2021,10.4018/978-1-7998-7959-6.ch005,"Advances in marketing, customer relationship management, and e-services book series",book-chapter,"Natrajan, Nidhi Shridhar; Singh, Sanjeev Kumar; Sanjeev, Rinku",forward,openalex,doi:10.1177/0008125619859317,0
doi:10.4018/978-1-7998-7959-6.ch006,2101,0.000000,Artifical Intelligence and CRM,2021,10.4018/978-1-7998-7959-6.ch006,"Advances in marketing, customer relationship management, and e-services book series",book-chapter,"Dixit, Shailja",forward,openalex,doi:10.1007/s11747-019-00696-0,0
doi:10.4018/978-1-7998-7959-6.ch007,2102,0.000000,Investigating the Critical Success Factors of Artificial Intelligence-Driven CRM in J. K. Tyres,2021,10.4018/978-1-7998-7959-6.ch007,"Advances in marketing, customer relationship management, and e-services book series",book-chapter,"Singh, Surabhi; Santos, José Duarte",forward,openalex,doi:10.1007/s11747-019-00696-0,0
doi:10.4018/978-1-7998-8805-5.ch006,2103,0.000000,Personalized Product Recommendation and User Satisfaction,2023,10.4018/978-1-7998-8805-5.ch006,"Advances in logistics, operations, and management science book series",book-chapter,"Patnaik, Priyadarsini; Nayak, Parameswar; Misra, Siddharth",forward,openalex,doi:10.1007/s11747-019-00696-0,0
doi:10.4018/978-1-7998-9266-3.ch007,2104,0.000000,Internet of Things and Its Relevance to Digital Marketing,2023,10.4018/978-1-7998-9266-3.ch007,Advances in wireless technologies and telecommunication book series,book-chapter,"Sanyal, Shouvik; Kalimuthu, M; Arumugam, Thangaraja; Aruna, R.; Jayakrishnan, Balaji; Savarimuthu, A; Chavadi, Chandan; Thangam, Dhanabalan; Manoharan, Sendhilkumar; Patil, Shasikala",forward,openalex,doi:10.1080/0965254x.2018.1493523,0
doi:10.4018/979-8-3373-0164-8.ch001,2105,0.000000,The Future of Shopping and Service Marketing,2025,10.4018/979-8-3373-0164-8.ch001,,book-chapter,"Vetrivel, S. C.; Arun, V. P.; Vidhyapriya, P.",forward,openalex,doi:10.1007/s11747-019-00696-0,0
doi:10.4018/979-8-3373-0164-8.ch006,2106,0.000000,Digital Transformation Challenges,2025,10.4018/979-8-3373-0164-8.ch006,,book-chapter,"Jenefa, Leena; Jayakumar, M.",forward,openalex,doi:10.1007/s11747-020-00749-9,0
doi:10.4018/979-8-3373-0164-8.ch022,2107,0.000000,The Integration of Artificial Intelligence in Customer Relationship Management,2025,10.4018/979-8-3373-0164-8.ch022,,book-chapter,"Perumal, Elantheraiyan; Supritha, R. K.; Kasule, George Wilson; Kesavaraj, Geeta",forward,openalex,doi:10.1007/s11747-019-00696-0|doi:10.1177/0008125619859317,0
doi:10.4018/979-8-3373-0219-5.ch007,2108,0.000000,Artificial Intelligence as the New Face of Marketing Activities and Functions,2024,10.4018/979-8-3373-0219-5.ch007,"Advances in marketing, customer relationship management, and e-services book series",book-chapter,"Sultan, Muhammad Faisal; Shaikh, Sadia; Mahar, Imamuddin; Tunio, Muhammad Nawaz",forward,openalex,doi:10.1007/s11747-019-00696-0|doi:10.1016/j.bushor.2019.12.002,0
doi:10.4018/979-8-3373-0219-5.ch011,2109,0.000000,AI for Personalizing Customer Interactions,2024,10.4018/979-8-3373-0219-5.ch011,"Advances in marketing, customer relationship management, and e-services book series",book-chapter,"Wijethilak, Hewawasam P. G. D.; Singh, Sandeep Kumar; Dhand, Shivani",forward,openalex,doi:10.2478/picbe-2018-0072,0
doi:10.4018/979-8-3373-0608-7.ch005,2110,0.000000,Exploring the Impact of Artificial Intelligence-Based Marketing Practices on Consumer Experience and Loyalty of Millennials,2025,10.4018/979-8-3373-0608-7.ch005,IGI Global eBooks,book-chapter,"Hussainy, Syed Sadullah; Veerasamy, Rangarajan; Al-Wahaibi, Mahmood Ali; Younas, Afshan; Al-Haziazi, Mohammed; Rasheed, Razeena; Al-Maqbali, Hamood; Subramanian, Kabaly P.",forward,openalex,doi:10.1007/s11747-019-00696-0,0
doi:10.4018/979-8-3373-0710-7.ch005,2111,0.000000,Successful AI Integration in Branding,2025,10.4018/979-8-3373-0710-7.ch005,IGI Global eBooks,book-chapter,"Mishra, Rahul; Sybol, Sumin Samuel",forward,openalex,doi:10.1007/s11747-020-00749-9,0
doi:10.4018/979-8-3373-0918-7.ch001,2112,0.000000,Systematic Analysis of the Role of Artificial Intelligence in Customer Experience in the Service Sector,2025,10.4018/979-8-3373-0918-7.ch001,Advances in computational intelligence and robotics book series,book-chapter,"Allal, Zouhair; Kobi, Hajar; KHATTABI, Lamyae; Zamzami, Laila; Lemrami, Elmahdi",forward,openalex,doi:10.1007/s11747-019-00696-0|doi:10.1108/ijrdm-08-2020-0312,0
doi:10.4018/979-8-3373-0918-7.ch008,2113,0.000000,The Impact of Artificial Intelligence on Customer Satisfaction in Moroccan Telecommunications,2025,10.4018/979-8-3373-0918-7.ch008,Advances in computational intelligence and robotics book series,book-chapter,"Bouaddi, Mohamed; Beddaa, Mohammed; Bentalha, Badr",forward,openalex,doi:10.1007/s11747-019-00696-0,0
doi:10.4018/979-8-3373-0948-4.ch015,2114,0.000000,Marketing Intelligence for Brand Love by Leveraging AI and Analytics,2025,10.4018/979-8-3373-0948-4.ch015,IGI Global eBooks,book-chapter,"Ganesha, K. S.; Gangadhara, S. S.",forward,openalex,doi:10.1007/s11747-020-00749-9|doi:10.1016/j.bushor.2019.12.002|doi:10.33140/eoa.02.01.04,0
doi:10.4018/979-8-3373-0948-4.ch017,2115,0.000000,Redesigning Brand Strategies in the Phygital Era,2025,10.4018/979-8-3373-0948-4.ch017,IGI Global eBooks,book-chapter,"Vadlamani, Sreekruthi",forward,openalex,doi:10.1007/s11747-019-00696-0,0
doi:10.4018/979-8-3373-1082-4.ch013,2116,0.000000,Advancing Marketing in Society 5.0,2025,10.4018/979-8-3373-1082-4.ch013,,book-chapter,"Dahake, Parihar Suresh; Dahake, Nihar Suresh; Bansod, Saket; Patil, Prachita",forward,openalex,doi:10.1007/s11747-020-00749-9,0
doi:10.4018/979-8-3373-1787-8.ch002,2117,0.000000,The Evolution of Marketing Strategy,2025,10.4018/979-8-3373-1787-8.ch002,,book-chapter,"Santos, João Carlos Dias; Ribau, Cláudia P.; Martins, Ieda Pelógia",forward,openalex,doi:10.1007/s11747-019-00696-0|doi:10.1504/ijbdm.2020.106876,0
doi:10.4018/979-8-3373-1787-8.ch006,2118,0.000000,AI in Advertising,2025,10.4018/979-8-3373-1787-8.ch006,,book-chapter,"Damle, Madhavi; Jog, Pranav; Baidya, Susmit",forward,openalex,doi:10.1007/s11747-019-00696-0|doi:10.1016/j.bushor.2019.12.002|doi:10.1177/18393349211037684,0
doi:10.4018/979-8-3373-1867-7.ch002,2119,0.000000,Unstrapping Role of Emotion AI and Robotics,2025,10.4018/979-8-3373-1867-7.ch002,Advances in computational intelligence and robotics book series,book-chapter,"Singh, Bhupinder; Jain, Ashima; Chandra, Saurabh",forward,openalex,doi:10.1007/s11747-020-00749-9,0
doi:10.4018/979-8-3373-1867-7.ch007,2120,0.000000,Navigating Emotions Mapping Emotional Touchpoints to Enhance Customer Experience in the Digital Era,2025,10.4018/979-8-3373-1867-7.ch007,Advances in computational intelligence and robotics book series,book-chapter,"Murthy, Yamijala Suryanarayana; Bhatnagar, Priya; Hussain, Zahid",forward,openalex,doi:10.1007/s11747-019-00696-0|doi:10.1007/s11747-020-00749-9,0
doi:10.4018/979-8-3373-1867-7.ch011,2121,0.000000,A.I. for Emotional Storytelling in Advertisements,2025,10.4018/979-8-3373-1867-7.ch011,Advances in computational intelligence and robotics book series,book-chapter,"Biswas, Mitrajit",forward,openalex,doi:10.1007/s11747-019-00696-0,0
doi:10.4018/979-8-3373-2424-1.ch009,2122,0.000000,The Paradox of Choice in the Age of AI,2025,10.4018/979-8-3373-2424-1.ch009,,book-chapter,"Ülker-Demirel, Elif",forward,openalex,doi:10.1177/0008125619859317,0
doi:10.4018/979-8-3373-2518-7.ch010,2123,0.000000,Conclusion,2025,10.4018/979-8-3373-2518-7.ch010,Advances in computational intelligence and robotics book series,book-chapter,,forward,openalex,doi:10.1007/s11747-020-00749-9,0
doi:10.4018/979-8-3373-3221-5.ch007,2124,0.000000,AI and the Future of Marketing Careers Enhancing Customer-Facing Roles at JPMorgan Chase,2025,10.4018/979-8-3373-3221-5.ch007,Advances in computational intelligence and robotics book series,book-chapter,"Mai-Lafia, Manoah Dimis",forward,openalex,doi:10.1177/0008125619859317,0
doi:10.4018/979-8-3373-3336-6.ch007,2125,0.000000,Leveraging Artificial Intelligence and Machine Learning for Business Process Management in Digital Marketing,2025,10.4018/979-8-3373-3336-6.ch007,,book-chapter,"Dahake, Parihar Suresh",forward,openalex,doi:10.1007/s11747-019-00696-0|doi:10.1007/s11747-020-00749-9|doi:10.1016/j.jik.2020.08.001,0
doi:10.4018/979-8-3373-3476-9.ch004,2126,0.000000,The Future of AI Marketing,2025,10.4018/979-8-3373-3476-9.ch004,Advances in computational intelligence and robotics book series,book-chapter,"Mariyappan, M. S. R.",forward,openalex,doi:10.1007/s11747-019-00696-0,0
doi:10.4018/979-8-3373-3476-9.ch005,2127,0.000000,Reimagining Marketing in the Transformative Power of AI in Consumer Engagement,2025,10.4018/979-8-3373-3476-9.ch005,Advances in computational intelligence and robotics book series,book-chapter,"Goel, Ridhima; Singla, Jagdeep",forward,openalex,doi:10.1007/s11747-020-00749-9|doi:10.1016/j.bushor.2019.12.002,0
doi:10.4018/979-8-3373-3476-9.ch006,2128,0.000000,Human and Machine Collaboration,2025,10.4018/979-8-3373-3476-9.ch006,Advances in computational intelligence and robotics book series,book-chapter,"Elantheraiyan, P.; Kandasamy, Logasakthi; Krishnan, Ravishankar",forward,openalex,doi:10.1007/s11747-020-00749-9,0
doi:10.4018/979-8-3373-3476-9.ch007,2129,0.000000,Revolutionizing Consumer Engagement AI-Driven Personalization in Modern Marketing,2025,10.4018/979-8-3373-3476-9.ch007,Advances in computational intelligence and robotics book series,book-chapter,"Govindaraj, Manoj; Khan, Parvez Anwar; Lawrence, Jenifer; Islam, Qamrul",forward,openalex,doi:10.1007/s11747-019-00696-0|doi:10.1007/s11747-020-00749-9,0
doi:10.4018/979-8-3373-3897-2.ch001,2130,0.000000,AI-Powered Communication,2025,10.4018/979-8-3373-3897-2.ch001,Advances in computational intelligence and robotics book series,book-chapter,"Dulloo, Rhytheema; Appolloni, Andrea; Mathiyazhagan, K.",forward,openalex,doi:10.1007/s11747-020-00749-9,0
doi:10.4018/979-8-3373-3897-2.ch002,2131,0.000000,Artificial Intelligence in Marketing,2025,10.4018/979-8-3373-3897-2.ch002,Advances in computational intelligence and robotics book series,book-chapter,"Iyappan, A.; Vevek, S.; Idziak, Ewelina; Karri, Venkataramana",forward,openalex,doi:10.1007/s11747-019-00696-0|doi:10.1007/s11747-020-00749-9|doi:10.1016/j.bushor.2019.12.002|doi:10.1177/0008125619859317,0
doi:10.4018/979-8-3373-3897-2.ch004,2132,0.000000,The Impact of AI-Driven Content Marketing on Social Media Customer Engagement,2025,10.4018/979-8-3373-3897-2.ch004,Advances in computational intelligence and robotics book series,book-chapter,"Dulloo, Rhytheema; Jayakumar, M.; Jenefa, Leena; Kind, Kathrin Gabriele; Waller, Stephane",forward,openalex,doi:10.1007/s11747-019-00696-0|doi:10.1007/s11747-020-00749-9,0
doi:10.4018/979-8-3373-3897-2.ch005,2133,0.000000,Influence of AI Chatbots on Customer Retention,2025,10.4018/979-8-3373-3897-2.ch005,Advances in computational intelligence and robotics book series,book-chapter,"Bhatnagar, P. S.; Sharma, Himani; Chand, M. Gopi; Shinde, Hemant Jaywant",forward,openalex,doi:10.1007/s11747-020-00749-9,0
doi:10.4018/979-8-3373-3897-2.ch007,2134,0.000000,Quantitative Analysis of AI-Driven Predictive Analytics in Digital Marketing,2025,10.4018/979-8-3373-3897-2.ch007,Advances in computational intelligence and robotics book series,book-chapter,"Venkateswaran, P. S.; Ngo, Nguyen-Quynh-Nhu",backward,crossref|openalex,doi:10.1109/iccraids67816.2026.11519734,0
doi:10.4018/979-8-3373-3897-2.ch010,2135,0.000000,Redefining Customer Connections,2025,10.4018/979-8-3373-3897-2.ch010,Advances in computational intelligence and robotics book series,book-chapter,"Verma, Raj; Verma, Subhash; Srivastava, Richa; Kushwaha, Priya; Çapraz, Kürşat",forward,openalex,doi:10.1007/s11747-019-00696-0,0
doi:10.4018/979-8-3373-4667-0.ch004,2136,0.000000,Enhancing Kiosk Efficiency With Artificial Intelligence,2025,10.4018/979-8-3373-4667-0.ch004,,book-chapter,"Rajalakshmi, K.; Hemachandran, C.; Guru, K. Venkatesh",forward,openalex,doi:10.1007/s11747-020-00749-9,0
doi:10.4018/979-8-3373-5182-7.ch001,2137,0.000000,Case Study on AI and the Future of Market Research in the FMCG Sector,2025,10.4018/979-8-3373-5182-7.ch001,IGI Global eBooks,book-chapter,"Sharma, Ankita; Nayyar, Varun",forward,openalex,doi:10.1007/s11747-019-00696-0,0
doi:10.4018/979-8-3373-5332-6.ch006,2138,0.000000,Investigating the Role of Artificial Intelligence in Building the Branding of Tourist Destinations,2025,10.4018/979-8-3373-5332-6.ch006,Advances in computational intelligence and robotics book series,book-chapter,"El-Sisi, Shaymaa Abdul-Wahab",forward,openalex,doi:10.1007/s11747-020-00749-9,0
doi:10.4018/979-8-3373-6582-4.ch009,2139,0.000000,Generative AI in Marketing OpenAI's ChatGPT Enhancing Customer Conversation and Content,2025,10.4018/979-8-3373-6582-4.ch009,Advances in computational intelligence and robotics book series,book-chapter,"Balawardhana, Madara",forward,openalex,doi:10.1007/s11747-019-00696-0,0
doi:10.4018/979-8-3693-0039-8.ch012,2140,0.000000,AI in Market Research,2023,10.4018/979-8-3693-0039-8.ch012,Advances in human resources management and organizational development book series,book-chapter,"Paliwal, Manisha; Chatradhi, Nishita",forward,openalex,doi:10.1007/s11747-019-00696-0|doi:10.1007/s11747-020-00749-9,0
doi:10.4018/979-8-3693-0049-7.ch003,2141,0.000000,The Role of Artificial Intelligence (AI) in Enhancing Marketing and Customer Loyalty,2023,10.4018/979-8-3693-0049-7.ch003,Advances in business information systems and analytics book series,book-chapter,"Venkateswaran, P. S.; Dominic, M. Lishmah; Agarwal, Shashank; Oberai, Himani; Anand, Ila Mehrotra; Rajest, S. Suman",backward,crossref|openalex,doi:10.4018/979-8-3693-3455-3.ch012,0
doi:10.4018/979-8-3693-0049-7.ch005,2142,0.000000,Unlocking the Power of Artificial Intelligence and Machine Learning in Transforming Marketing as We Know It,2023,10.4018/979-8-3693-0049-7.ch005,Advances in business information systems and analytics book series,book-chapter,"Arumugam, Thangaraja; Arun, R.; Natarajan, Sundarapandiyan; Thoti, Kiran Kumar; Shanthi, P.; Kommuri, Uday Kiran",forward,openalex,doi:10.1007/s11747-019-00696-0,0
doi:10.4018/979-8-3693-0116-6.ch006,2143,0.000000,Impact of OTT Media on Advertising and Marketing,2024,10.4018/979-8-3693-0116-6.ch006,Advances in multimedia and interactive technologies book series,book-chapter,"Sağlam, Munise Hayrun; Kırçova, İbrahim",forward,openalex,doi:10.1007/978-3-319-25023-6_1|doi:10.1016/j.chb.2020.106657,0
doi:10.4018/979-8-3693-0418-1.ch015,2144,0.000000,Artificial Intelligence,2023,10.4018/979-8-3693-0418-1.ch015,"Advances in logistics, operations, and management science book series",book-chapter,"Negi, Vinod",forward,openalex,doi:10.1007/s11747-020-00749-9,0
doi:10.4018/979-8-3693-0482-2.ch004,2145,0.000000,Impact of Blockchain Technology on Transparency and Trust in Programmatic Advertising Supply Chain,2024,10.4018/979-8-3693-0482-2.ch004,"Advances in logistics, operations, and management science book series",book-chapter,"Khan, Muhammad Ibrahim",backward,crossref|openalex,doi:10.4018/979-8-3693-7041-4.ch003|doi:10.4018/979-8-3693-7041-4.ch006,0
doi:10.4018/979-8-3693-0712-0.ch010,2146,0.000000,The Effects of Artificial Intelligence (AI) on Marketing,2024,10.4018/979-8-3693-0712-0.ch010,"Advances in logistics, operations, and management science book series",book-chapter,"Joaquim, Ana Filipa Vieira Lopes",forward,openalex,doi:10.1016/j.bushor.2019.12.002,0
doi:10.4018/979-8-3693-1058-8.ch008,2147,0.000000,AI and Data Analytics for Market Research and Competitive Intelligence,2024,10.4018/979-8-3693-1058-8.ch008,Advances in business information systems and analytics book series,book-chapter,"Vashishth, Tarun Kumar; Sharma, Vikas; Sharma, Kewal Krishan; Kumar, Bhupendra; Chaudhary, Sachin; Panwar, Rajneesh",forward,openalex,doi:10.1007/s11747-019-00696-0|doi:10.1007/s11747-020-00749-9|doi:10.1177/0008125619859317,0
doi:10.4018/979-8-3693-1231-5.ch003,2148,0.000000,Harnessing Data Analytics and Marketing Intelligence for Sustainable Marketing Innovation,2024,10.4018/979-8-3693-1231-5.ch003,"Advances in marketing, customer relationship management, and e-services book series",book-chapter,"Tchanturia, Nino; Dalakishvili, Rusudan",forward,openalex,doi:10.1016/j.jik.2020.08.001,0
doi:10.4018/979-8-3693-1239-1.ch001,2149,0.000000,Investigating the Service Quality of Chatbots on Telecom Service Providers' Websites and Apps,2024,10.4018/979-8-3693-1239-1.ch001,"Advances in hospitality, tourism and the services industry (AHTSI) book series",book-chapter,"Fianu, Eli; Amankwah-Sarfo, Fred; Affum, Ernest Kwame; Brown‐Acquaye, William Leslie",forward,openalex,doi:10.1108/ijrdm-08-2020-0312,0
doi:10.4018/979-8-3693-1339-8.ch003,2150,0.000000,Identifying the Applications of Artificial Intelligence in Online Marketing,2024,10.4018/979-8-3693-1339-8.ch003,"Advances in marketing, customer relationship management, and e-services book series",book-chapter,"Abbasi, Rasoul; Esmaili, Mohadeseh",forward,openalex,doi:10.1007/978-3-030-12453-3_151|doi:10.1007/s11747-019-00696-0|doi:10.1007/s11747-020-00749-9|doi:10.1177/0008125619859317,0
doi:10.4018/979-8-3693-1503-3.ch002,2151,0.000000,Does AI Chatbot Service Quality Impact Customer Loyalty?,2024,10.4018/979-8-3693-1503-3.ch002,"Advances in finance, accounting, and economics book series",book-chapter,"Rupali, A.; Sharma, Natasha; Arora, Prerna; Mishra, Paritosh",forward,openalex,doi:10.1108/ijrdm-08-2020-0312,0
doi:10.4018/979-8-3693-1762-4.ch005,2152,0.000000,The Digital Transformation,2024,10.4018/979-8-3693-1762-4.ch005,Advances in web technologies and engineering book series,book-chapter,"Yadav, Gajalakshmi N. S.; Seranmadevi, R.",forward,openalex,doi:10.1016/j.bushor.2019.12.002|doi:10.1177/0008125619859317,0
doi:10.4018/979-8-3693-1781-5.ch004,2153,0.000000,AI-Driven Algorithms for Optimizing Social Media Advertising,2024,10.4018/979-8-3693-1781-5.ch004,Advances in e-business research series,book-chapter,"Jha, Amaresh",forward,openalex,doi:10.1007/s11747-019-00696-0|doi:10.1007/s11747-020-00749-9|doi:10.1016/j.bushor.2019.12.002|doi:10.1177/0008125619859317,0
doi:10.4018/979-8-3693-2137-9.ch004,2154,0.000000,Impact of AI on the Flower of Service Model in the Hospitality Industry,2024,10.4018/979-8-3693-2137-9.ch004,"Advances in hospitality, tourism and the services industry (AHTSI) book series",book-chapter,"Noor, Nurhafihz; Sim, Karen S.",forward,openalex,doi:10.1007/s11747-020-00749-9,0
doi:10.4018/979-8-3693-2153-9.ch002,2155,0.000000,The Role of Artificial Intelligence to Empower and Leverage Brands,2024,10.4018/979-8-3693-2153-9.ch002,"Advances in marketing, customer relationship management, and e-services book series",book-chapter,"Cunha, Carlos R.; Gomes, João; Mendonça, Vítor",forward,openalex,doi:10.1007/s11747-019-00696-0|doi:10.1007/s11747-020-00749-9,0
doi:10.4018/979-8-3693-2153-9.ch003,2156,0.000000,Increasing Customer Engagement in Digital Marketing Campaigns in a Time of AI,2024,10.4018/979-8-3693-2153-9.ch003,"Advances in marketing, customer relationship management, and e-services book series",book-chapter,"Dudzinskaite, Urte; Correia, Ricardo; Venciūtė, Dominyka; Fontes, Ruta",forward,openalex,doi:10.1007/978-3-030-12453-3_151|doi:10.1177/0008125619859317,0
doi:10.4018/979-8-3693-2153-9.ch006,2157,0.000000,The Influence of Artificial Intelligence on Advertising,2024,10.4018/979-8-3693-2153-9.ch006,"Advances in marketing, customer relationship management, and e-services book series",book-chapter,"Budėnaitė, Milda; Correia, Ricardo; Venciūtė, Dominyka",forward,openalex,doi:10.1007/s11747-019-00696-0,0
doi:10.4018/979-8-3693-2165-2.ch003,2158,0.000000,AI-Driven Marketing Success Stories,2024,10.4018/979-8-3693-2165-2.ch003,"Advances in marketing, customer relationship management, and e-services book series",book-chapter,"Sankar, Jeganathan Gomathi",forward,openalex,doi:10.1007/s11747-019-00696-0,0
doi:10.4018/979-8-3693-2165-2.ch006,2159,0.000000,Artificial Intelligence-Driven Advertising and Customer Targeting,2024,10.4018/979-8-3693-2165-2.ch006,"Advances in marketing, customer relationship management, and e-services book series",book-chapter,"Chiwaridzo, Option Takunda; Iyioluwa, Adeyinka Kehinde",forward,openalex,doi:10.1016/j.compeleceng.2020.106723|doi:10.1016/j.eswa.2018.11.002,0
doi:10.4018/979-8-3693-2193-5.ch004,2160,0.000000,The Synergy of Management Information Systems and Predictive Analytics for Marketing,2023,10.4018/979-8-3693-2193-5.ch004,Advances in business information systems and analytics book series,book-chapter,"Dominic, M. Lishmah; Venkateswaran, P. S.; Reddi, Latha Thamma; Rangineni, Sandeep; Regin, R.; Rajest, S. Suman",backward,crossref|openalex,doi:10.4018/979-8-3693-3455-3.ch012,0
doi:10.4018/979-8-3693-2215-4.ch012,2161,0.000000,Marketing 5.0 and the Role of Mind Mapping in Content Advertising,2024,10.4018/979-8-3693-2215-4.ch012,"Advances in marketing, customer relationship management, and e-services book series",book-chapter,"Kaur, Navreet; Kaushal, Preeti",forward,openalex,doi:10.1007/s11747-020-00749-9,0
doi:10.4018/979-8-3693-2272-7.ch017,2162,0.000000,Enhancing Guest Loyalty in the Hotel Industry Through Artificial Intelligence-Drive Personalization,2024,10.4018/979-8-3693-2272-7.ch017,"Advances in hospitality, tourism and the services industry (AHTSI) book series",book-chapter,"Saxena, Sanjeev Kumar; Gupta, Vandana; Kumar, Sunil",forward,openalex,doi:10.1177/0008125619859317,0
doi:10.4018/979-8-3693-2276-5.ch004,2163,0.000000,Applications of Artificial Intelligence in Marketing,2024,10.4018/979-8-3693-2276-5.ch004,"Advances in marketing, customer relationship management, and e-services book series",book-chapter,"Bansal, Ajit; Bansal, Anu; Kumar, Manish; Bajwa, Sonia",forward,openalex,doi:10.1108/wjemsd-08-2020-0099,0
doi:10.4018/979-8-3693-2276-5.ch009,2164,0.000000,Harmonizing AI and Human Interaction,2024,10.4018/979-8-3693-2276-5.ch009,"Advances in marketing, customer relationship management, and e-services book series",book-chapter,"Sarin, Asheetu Bhatia; Sharma, Shivangi",forward,openalex,doi:10.1007/s11747-019-00696-0|doi:10.1007/s11747-020-00749-9|doi:10.1177/0008125619859317,0
doi:10.4018/979-8-3693-2276-5.ch011,2165,0.000000,Impact of AI in Changing Customer Experience,2024,10.4018/979-8-3693-2276-5.ch011,"Advances in marketing, customer relationship management, and e-services book series",book-chapter,"Duraisamy, Alamelu; Subha, M. V.",forward,openalex,doi:10.1007/s11747-019-00696-0,0
doi:10.4018/979-8-3693-2363-2.ch012,2166,0.000000,Examining the Impact of AI and Digital Marketing on Consumer Purchase Intention,2024,10.4018/979-8-3693-2363-2.ch012,"Advances in electronic government, digital divide, and regional development book series",book-chapter,"Khandelwal, Aditi R. R.; Yadav, Ratisha; Chaturvedi, Ankita; Kumar, A. V. Senthil",forward,openalex,doi:10.1007/978-3-030-72080-3_20|doi:10.1016/j.indmarman.2020.07.022,0
doi:10.4018/979-8-3693-2367-0.ch006,2167,0.000000,Demystifying Artificial Intelligence and Customer Engagement,2024,10.4018/979-8-3693-2367-0.ch006,"Advances in marketing, customer relationship management, and e-services book series",book-chapter,"Bhandari, Arabinda; Sinha, Mudita",forward,openalex,doi:10.1177/0008125619859317,0
doi:10.4018/979-8-3693-2754-8.ch002,2168,0.000000,“Is It a Machine Influencing Me?”,2024,10.4018/979-8-3693-2754-8.ch002,"Advances in marketing, customer relationship management, and e-services book series",book-chapter,"Bakır, Uğur; Akyol, Zöhre; Bazarcı, Selçuk",forward,openalex,doi:10.1007/s11747-019-00696-0|doi:10.1177/0008125619859317,0
doi:10.4018/979-8-3693-2754-8.ch012,2169,0.000000,How AI Impacts Marketing and Business Jobs and Decision-Making Processes in the Leading AI Economy and in a Technostress Environment,2024,10.4018/979-8-3693-2754-8.ch012,"Advances in marketing, customer relationship management, and e-services book series",book-chapter,"Goudira, Eleana",forward,openalex,doi:10.1007/s11747-019-00696-0,0
doi:10.4018/979-8-3693-2754-8.ch014,2170,0.000000,Leveraging Text Analytics to Enhance Marketing Insights From Digital Customer Experiences,2024,10.4018/979-8-3693-2754-8.ch014,"Advances in marketing, customer relationship management, and e-services book series",book-chapter,"Tuna, Murat Fatih",backward,openalex,doi:10.58830/ozgur.pub610.c2592|doi:10.58830/ozgur.pub610.c2595,0
doi:10.4018/979-8-3693-2754-8.ch017,2171,0.000000,Research Notes on the Future of Marketing and Consumer Insights,2024,10.4018/979-8-3693-2754-8.ch017,"Advances in marketing, customer relationship management, and e-services book series",book-chapter,"Tarnanidis, Theodore; Manaf, Arman Hadi Abdul",forward,openalex,doi:10.1080/10696679.2023.2166535,0
doi:10.4018/979-8-3693-3172-9.ch001,2172,0.000000,Artificial Intelligence in Costumer Acquisition,2024,10.4018/979-8-3693-3172-9.ch001,"Advances in marketing, customer relationship management, and e-services book series",book-chapter,"Elhissoufi, Mustapha; Alla, Lhoussaine",forward,openalex,doi:10.1007/s11747-019-00696-0|doi:10.1080/00913367.2022.2111728|doi:10.1177/0008125619859317,0
doi:10.4018/979-8-3693-3172-9.ch002,2173,0.000000,Marketing Applications of Emerging Technologies,2024,10.4018/979-8-3693-3172-9.ch002,"Advances in marketing, customer relationship management, and e-services book series",book-chapter,"Aarabe, Mourad; Khizzou, Nouhaila Ben; Alla, Lhoussaine; Benjelloun, Ahmed",forward,openalex,doi:10.1007/s11747-020-00749-9|doi:10.1016/j.bushor.2019.12.002,0
doi:10.4018/979-8-3693-3172-9.ch003,2174,0.000000,The Application of AI in Neuromarketing,2024,10.4018/979-8-3693-3172-9.ch003,"Advances in marketing, customer relationship management, and e-services book series",book-chapter,"Fahim, Ichrak; Haramouni, Loubna; Majdi, Mohamed Khalil; Elkandoussi, Fatima",forward,openalex,doi:10.1007/s11747-019-00696-0,0
doi:10.4018/979-8-3693-3172-9.ch004,2175,0.000000,Artificial Intelligence Applications in Marketing,2024,10.4018/979-8-3693-3172-9.ch004,"Advances in marketing, customer relationship management, and e-services book series",book-chapter,"Zejjari, Ibtissam; Benhayoun, Issam",forward,openalex,doi:10.1007/s11747-019-00696-0,0
doi:10.4018/979-8-3693-3172-9.ch010,2176,0.000000,Optimizing Marketing Campaigns With AI-Driven Insights on Mobile User Behavior,2024,10.4018/979-8-3693-3172-9.ch010,"Advances in marketing, customer relationship management, and e-services book series",book-chapter,"Tas, Nurullah; Huseynov, Farıd; Özdenizci, Büşra",forward,openalex,doi:10.1007/s11747-019-00696-0,0
doi:10.4018/979-8-3693-3172-9.ch011,2177,0.000000,Applying Artificial Intelligence to Enhance E-Commerce Marketing Strategies,2024,10.4018/979-8-3693-3172-9.ch011,"Advances in marketing, customer relationship management, and e-services book series",book-chapter,"Seghyar, Nabil; Amane, Meryem; Gouiouez, Mounir; Hraoui, Said; Berrada, Mohammed",forward,openalex,doi:10.1007/s11747-019-00696-0|doi:10.1007/s11747-020-00749-9,0
doi:10.4018/979-8-3693-3172-9.ch017,2178,0.000000,Phygital Marketing and the Pain of Paying,2024,10.4018/979-8-3693-3172-9.ch017,"Advances in marketing, customer relationship management, and e-services book series",book-chapter,"Boudri, Rachid; Bentalha, Badr; Andaloussi, Omar Benjelloun",forward,openalex,doi:10.1007/978-3-319-68750-6_18,0
doi:10.4018/979-8-3693-3172-9.ch018,2179,0.000000,Exploratory Analysis of the Impact of Phygital on the Customer Experience,2024,10.4018/979-8-3693-3172-9.ch018,"Advances in marketing, customer relationship management, and e-services book series",book-chapter,"Gueznai, Mohamed Amine; Elboussadi, Abdellah",forward,openalex,doi:10.1007/978-3-319-68750-6_18,0
doi:10.4018/979-8-3693-3172-9.ch020,2180,0.000000,Innovative Marketing in Banking,2024,10.4018/979-8-3693-3172-9.ch020,"Advances in marketing, customer relationship management, and e-services book series",book-chapter,"Dwivedi, Dwijendra Nath; Mahanty, Ghanashyama; Dwivedi, Varunendra nath",forward,openalex,doi:10.1007/978-3-030-12453-3_143|doi:10.1080/00913367.2019.1654421,0
doi:10.4018/979-8-3693-3253-5.ch017,2181,0.000000,Potential of Digitalization for the Utilization of Artificial Intelligence Models for Uplifting Traditional Marketing Methods,2024,10.4018/979-8-3693-3253-5.ch017,Advances in human and social aspects of technology book series,book-chapter,"Dadas, Anandrao Bhanudas",forward,openalex,doi:10.1177/18393349211037684,0
doi:10.4018/979-8-3693-3455-3.ch001,2182,0.000000,Introduction to Data-Driven Marketing,2024,10.4018/979-8-3693-3455-3.ch001,"Advances in marketing, customer relationship management, and e-services book series",book-chapter,"Rosário, Albérico Travassos; Cruz, Rui; Moniz, Luís Bettencourt; Figueiredo, José",forward,openalex,doi:10.1007/978-3-319-25023-6_1|doi:10.1016/j.jik.2020.08.001,0
doi:10.4018/979-8-3693-3455-3.ch010,2183,0.000000,The Influence of Personalization on Consumer Satisfaction,2024,10.4018/979-8-3693-3455-3.ch010,"Advances in marketing, customer relationship management, and e-services book series",book-chapter,"Casaca, Joaquim A.; Miguel, Luís",forward,openalex,doi:10.1007/s12599-015-0370-8,0
doi:10.4018/979-8-3693-3455-3.ch011,2184,0.000000,Interdisciplinary Perspectives in Data-Driven Marketing,2024,10.4018/979-8-3693-3455-3.ch011,"Advances in marketing, customer relationship management, and e-services book series",book-chapter,"Kulkarni, Mayuri Vaibhav; Deshmukh, Sharmishthadevi B.; Behare, Nitesh; Waghulkar, Shrikant; Sane, Ajit; Gupta, Shital; Shelke, Atmaram; Sharma, Suraj",forward,openalex,doi:10.1016/j.jik.2020.08.001,0
doi:10.4018/979-8-3693-3455-3.ch012,2185,0.000000,Emerging Trends in Data-Driven Marketing,2024,10.4018/979-8-3693-3455-3.ch012,"Advances in marketing, customer relationship management, and e-services book series",book-chapter,"Behare, Nitesh; Chaudhari, Meghasham; Sharma, Suraj; Sane, Ajit; Kharate, Sunita; Waghulkar, Shrikant; Mekhe, Suhas C.; Pawar, Priyanka",forward,openalex,doi:10.4018/978-1-6684-9146-1,0
doi:10.4018/979-8-3693-3691-5.ch008,2186,0.000000,Impact of Artificial Intelligence on Marketing and Consumer Decision-Making,2024,10.4018/979-8-3693-3691-5.ch008,Advances in computational intelligence and robotics book series,book-chapter,"Ahmad, Syed Aijaz; Mir, Maroof Ahmad",forward,openalex,doi:10.1007/s11747-019-00696-0,0
doi:10.4018/979-8-3693-3799-8.ch008,2187,0.000000,Generative AI and Strategic Communication in Social Impact Campaigns,2025,10.4018/979-8-3693-3799-8.ch008,"Advances in marketing, customer relationship management, and e-services book series",book-chapter,"Mendoza, Samuel Calle; Esteban-Regules, Blanca; Almaraz, Isidoro Arroyo",forward,openalex,doi:10.1007/s11747-020-00749-9|doi:10.1016/j.bushor.2019.12.002,0
doi:10.4018/979-8-3693-3799-8.ch014,2188,0.000000,Green Marketing and AI-Driven Branded Entertainment,2025,10.4018/979-8-3693-3799-8.ch014,"Advances in marketing, customer relationship management, and e-services book series",book-chapter,"Hemalatha, S.; Michael, Ruben Anto; Rajesh, Deepa; Maheswari, P.; Velmurugan, Palanivel Rathinasabapathi",forward,openalex,doi:10.1007/s11747-020-00749-9,0
doi:10.4018/979-8-3693-3924-4.ch004,2189,0.000000,The Integration of Artificial Intelligence for Advanced Social Marketing Strategies,2024,10.4018/979-8-3693-3924-4.ch004,"Advances in marketing, customer relationship management, and e-services book series",book-chapter,"Sangeetha, V.; Darshan, S; Jayanth, M L",forward,openalex,doi:10.1007/s11747-020-00749-9,0
doi:10.4018/979-8-3693-3924-4.ch007,2190,0.000000,Enhancing Engagement With Museums Through Phygital Marketing Strategies,2024,10.4018/979-8-3693-3924-4.ch007,"Advances in marketing, customer relationship management, and e-services book series",book-chapter,"Zbuchea, Alexandra; Bîră, Monica; BĂLAN, Emanuela Ana-Maria",forward,openalex,doi:10.1007/978-3-319-68750-6_18,0
doi:10.4018/979-8-3693-3960-2.ch006,2191,0.000000,Artificial Intelligence in Marketing Management Personalization and Consumer Insights,2025,10.4018/979-8-3693-3960-2.ch006,Advances in human resources management and organizational development book series,book-chapter,"Hegde, Nanditha; Bhat, Romica; Sheoliha, Neelam; Som, Shatabdi; Bihade, Varsha",forward,openalex,doi:10.1007/s11747-019-00696-0,0
doi:10.4018/979-8-3693-4046-2.ch010,2192,0.000000,Marketing Applications of Emerging Technologies and Business Performance of Tourism SMEs,2024,10.4018/979-8-3693-4046-2.ch010,Advances in business strategy and competitive advantage book series,book-chapter,"Aarabe, Mourad; Khizzou, Nouhaila Ben; Alla, Lhoussaine; Benjelloun, Ahmed",forward,openalex,doi:10.1007/s11747-019-00696-0,0
doi:10.4018/979-8-3693-4322-7.ch004,2193,0.000000,Artificial Intelligence and Customer Experiences,2024,10.4018/979-8-3693-4322-7.ch004,Advances in computational intelligence and robotics book series,book-chapter,,forward,openalex,doi:10.1108/ijrdm-08-2020-0312,0
doi:10.4018/979-8-3693-4322-7.ch006,2194,0.000000,Exploring the Impact of Artificial Intelligence on Brand Management,2024,10.4018/979-8-3693-4322-7.ch006,Advances in computational intelligence and robotics book series,book-chapter,,forward,openalex,doi:10.1177/0008125619859317,0
doi:10.4018/979-8-3693-4322-7.ch011,2195,0.000000,AI in Consumer Behavior Management,2024,10.4018/979-8-3693-4322-7.ch011,Advances in computational intelligence and robotics book series,book-chapter,,forward,openalex,doi:10.1177/0008125619859317,0
doi:10.4018/979-8-3693-4361-6.ch005,2196,0.000000,The Future of MarTech,2024,10.4018/979-8-3693-4361-6.ch005,"Advances in marketing, customer relationship management, and e-services book series",book-chapter,"Sripathi, Madhavi",forward,openalex,doi:10.1007/s11747-019-00696-0,0
doi:10.4018/979-8-3693-4361-6.ch009,2197,0.000000,Opportunities and Challenges of Leveraging Artificial Intelligence (AI) in Sport Marketing,2024,10.4018/979-8-3693-4361-6.ch009,"Advances in marketing, customer relationship management, and e-services book series",book-chapter,"Mohammadi, Sardar; Pashaie, Sajjad; Ghaffarisadr, Seyyed Iman; Rayner, Mike",forward,openalex,doi:10.1007/978-3-030-72080-3_20|doi:10.1177/18393349211037684,0
doi:10.4018/979-8-3693-4466-8.ch001,2198,0.000000,Big Data in Marketing Strategy,2024,10.4018/979-8-3693-4466-8.ch001,"Advances in marketing, customer relationship management, and e-services book series",book-chapter,"Vaghani, Divyeshkumar",forward,openalex,doi:10.1016/j.indmarman.2020.07.022,0
doi:10.4018/979-8-3693-4466-8.ch010,2199,0.000000,Digital Transformation in Customer Experience and Behavior,2024,10.4018/979-8-3693-4466-8.ch010,"Advances in marketing, customer relationship management, and e-services book series",book-chapter,"Vijay, Jisha; Priyanka, U.",forward,openalex,doi:10.1007/978-3-030-12453-3_143|doi:10.1177/18393349211037684,0
doi:10.4018/979-8-3693-5298-4.ch020,2200,0.000000,Consumer Engagement,2024,10.4018/979-8-3693-5298-4.ch020,"Advances in information security, privacy, and ethics book series",book-chapter,"Salam, Muhammad Abdus; Rayun, S. M. Nafiz; Islam, Waziha; Hasan, Robiul; Firmansyah, Egi Arvian; Kalinaki, Kassim",forward,openalex,doi:10.1177/18393349211037684,0
doi:10.4018/979-8-3693-5340-0.ch001,2201,0.000000,How Artificial Intelligence Can Leverage Relationship Marketing Strategies,2024,10.4018/979-8-3693-5340-0.ch001,"Advances in marketing, customer relationship management, and e-services book series",book-chapter,"Rosário, Albérico Travassos; Casaca, Joaquim A.",forward,openalex,doi:10.1007/s11747-020-00749-9,0
doi:10.4018/979-8-3693-5340-0.ch002,2202,0.000000,How AI Influences Marketing From the Consumer Perspective,2024,10.4018/979-8-3693-5340-0.ch002,"Advances in marketing, customer relationship management, and e-services book series",book-chapter,"Azevedo, Francisca Gonçalves; Oliveira, Francisca Santos Santos; Thielen, Katharina; Imamović, Irma",forward,openalex,doi:10.1007/s11747-020-00749-9|doi:10.1016/j.bushor.2019.12.002,0
doi:10.4018/979-8-3693-5340-0.ch003,2203,0.000000,The Future of Customer Relationship Service,2024,10.4018/979-8-3693-5340-0.ch003,"Advances in marketing, customer relationship management, and e-services book series",book-chapter,"Islam, Md. Touhidul",forward,openalex,doi:10.17577/ijertv8is060622,0
doi:10.4018/979-8-3693-5340-0.ch004,2204,0.000000,AI-Driven Personalization in Omnichannel Marketing,2024,10.4018/979-8-3693-5340-0.ch004,"Advances in marketing, customer relationship management, and e-services book series",book-chapter,"Balcıoğlu, Yavuz Selim",forward,openalex,doi:10.1007/s11747-019-00696-0|doi:10.1007/s11747-020-00749-9,0
doi:10.4018/979-8-3693-5340-0.ch008,2205,0.000000,Converging Theories,2024,10.4018/979-8-3693-5340-0.ch008,"Advances in marketing, customer relationship management, and e-services book series",book-chapter,"Arantes, Luzia; Costa, Sandra",forward,openalex,doi:10.1177/18393349211037684,0
doi:10.4018/979-8-3693-5340-0.ch010,2206,0.000000,"More Than Brands, Friends",2024,10.4018/979-8-3693-5340-0.ch010,"Advances in marketing, customer relationship management, and e-services book series",book-chapter,"Ferreira, Sandra; Pereira, Olga",forward,openalex,doi:10.1177/0008125619859317,0
doi:10.4018/979-8-3693-5360-8.ch009,2207,0.000000,A Comprehensive Review of Economic and Managerial Factors,2024,10.4018/979-8-3693-5360-8.ch009,Advances in business strategy and competitive advantage book series,book-chapter,"Khneyzer, Chadi; Rebeiz, Karim S.; Touma, Jacques",forward,openalex,doi:10.33140/eoa.02.01.04,0
doi:10.4018/979-8-3693-5380-6.ch017,2208,0.000000,Leveraging Intelligent Process Automation for Customer Engagement in Sales and Marketing,2024,10.4018/979-8-3693-5380-6.ch017,Advances in computational intelligence and robotics book series,book-chapter,"Sharma, Anil; Gangwar, Veer P.; Bhattacharyya, Atanu; Giri, Udayan; Chavan, Ganesh T.; Mahato, Surendra",backward|forward,crossref|openalex,doi:10.1007/s11747-019-00696-0|doi:10.1109/iccraids67816.2026.11519734|doi:10.33140/eoa.02.01.04,0
doi:10.4018/979-8-3693-5548-0.ch001,2209,0.000000,Leveraging Artificial Intelligence to Enhance Consumer Engagement and Foster Seamless Interactions,2024,10.4018/979-8-3693-5548-0.ch001,Advances in electronic commerce (AEC) book series/Advances in electronic commerce series,book-chapter,"Arumugam, Thangaraja; Hameed, Saman; Priyanshu, Deepa; Prajith, P. K.; Krishnaraj, Renuga",forward,openalex,doi:10.1007/s11747-019-00696-0|doi:10.1016/j.bushor.2019.12.002,0
doi:10.4018/979-8-3693-5578-7.ch009,2210,0.000000,AI in Marketing,2024,10.4018/979-8-3693-5578-7.ch009,"Advances in logistics, operations, and management science book series",book-chapter,"Türkyılmaz, Serap",forward,openalex,doi:10.1007/s11747-019-00696-0,0
doi:10.4018/979-8-3693-5668-5.ch001,2211,0.000000,The Impact of Digital Products and Artificial Intelligence on Sustainable Marketing Methods,2024,10.4018/979-8-3693-5668-5.ch001,"Advances in marketing, customer relationship management, and e-services book series",book-chapter,"Basit, Shoaib Abdul; Gharleghi, Behrooz; Rehman, Awais Ur; Tee, Poh Kiong; Batool, Khadija; Nawaser, Khaled",forward,openalex,doi:10.1007/s11747-019-00696-0|doi:10.1016/j.bushor.2019.12.002,0
doi:10.4018/979-8-3693-5668-5.ch009,2212,0.000000,Role of AI-Powered CRM in Business,2024,10.4018/979-8-3693-5668-5.ch009,"Advances in marketing, customer relationship management, and e-services book series",book-chapter,"Sultana, Syed Tabassum; Rao, T. Venkat Narayana",forward,openalex,doi:10.1007/s11747-020-00749-9|doi:10.1177/18393349211037684,0
doi:10.4018/979-8-3693-5678-4.ch006,2213,0.000000,Artificial Intelligence and Hyper-Personalisation in Travel Platforms,2024,10.4018/979-8-3693-5678-4.ch006,"Advances in hospitality, tourism and the services industry (AHTSI) book series",book-chapter,"Sahani, Garima; Chaudhary, Monica; Ghouse, Suhail M.",forward,openalex,doi:10.1177/0008125619859317,0
doi:10.4018/979-8-3693-5951-8.ch002,2214,0.000000,An Aid of Business Intelligence in Retailing Services and Experience Using Artificial Intelligence,2024,10.4018/979-8-3693-5951-8.ch002,Advances in computational intelligence and robotics book series,book-chapter,"Roja, M. Parveen; Kuppam, Manoj; Koduru, Surendra Kumar Reddy; Byloppilly, Rameshwaran; Trivedi, Sunil Dutt; Rajest, S. Suman",forward,openalex,doi:10.1108/ijrdm-08-2020-0312,0
doi:10.4018/979-8-3693-6225-9.ch007,2215,0.000000,Innovative Medical Marketing Strategies Powered by Machine Learning,2025,10.4018/979-8-3693-6225-9.ch007,Advances in computational intelligence and robotics book series,book-chapter,"Roy, Sunil Kumar; Anitha, R.; Reka, R.; Bilfaqih, Syeda Hina; Bharathi, S.Sivagnana",forward,openalex,doi:10.1016/j.compeleceng.2020.106723,0
doi:10.4018/979-8-3693-6537-3.ch015,2216,0.000000,Exploring Consumer Perceptions and Ethical Considerations in AI-Powered E-Commerce,2024,10.4018/979-8-3693-6537-3.ch015,Advances in business information systems and analytics book series,book-chapter,"Ara, Aftab; Thomas, Anisha",forward,openalex,doi:10.1007/s11747-020-00749-9,0
doi:10.4018/979-8-3693-6552-6.ch019,2217,0.000000,The Evolution of Personalization From Traditional Marketing to AI Computing,2024,10.4018/979-8-3693-6552-6.ch019,Advances in wireless technologies and telecommunication book series,book-chapter,"Garg, Neha; Gupta, Kapil; Chelikani, Harshal; Ravada, Praveen",forward,openalex,doi:10.1177/0008125619859317,0
doi:10.4018/979-8-3693-6660-8.ch006,2218,0.000000,"Digital Transformation of Marketing Processes, Customer Privacy, Data Security, and Emerging Challenges in Fostering Sustainable Digital Marketing",2024,10.4018/979-8-3693-6660-8.ch006,"Advances in marketing, customer relationship management, and e-services book series",book-chapter,"Gull, Hina; Saeed, Saqib; Alaied, Hamzah A. K.; Alajmi, Ali; Saqib, Madeeha; Iqbal, Sardar Zafar; Almuhaideb, Abdullah M.",forward,openalex,doi:10.1016/j.jik.2020.08.001,0
doi:10.4018/979-8-3693-6660-8.ch009,2219,0.000000,Revolutionizing Marketing by Utilizing the Power of Artificial Intelligence,2024,10.4018/979-8-3693-6660-8.ch009,"Advances in marketing, customer relationship management, and e-services book series",book-chapter,"Jindal, Priya; Rohilla, Anju",forward,openalex,doi:10.1007/s11747-019-00696-0|doi:10.1007/s11747-020-00749-9,0
doi:10.4018/979-8-3693-6660-8.ch013,2220,0.000000,Rise of Artificial Intelligence in Marketing,2024,10.4018/979-8-3693-6660-8.ch013,"Advances in marketing, customer relationship management, and e-services book series",book-chapter,"Singh, Jaswinder Pal; Mishra, Neha",forward,openalex,doi:10.1007/s11747-019-00696-0|doi:10.1016/j.bushor.2019.12.002,0
doi:10.4018/979-8-3693-6755-1.ch002,2221,0.000000,Delineation of Artificial Intelligence in the Hospitality and Tourism Industries,2024,10.4018/979-8-3693-6755-1.ch002,"Advances in hospitality, tourism and the services industry (AHTSI) book series",book-chapter,"Manoharan, Geetha; Ashtikar, Sunitha Purushottam; Kumar, Sanjeev",forward,openalex,doi:10.1007/s11747-019-00696-0,0
doi:10.4018/979-8-3693-6755-1.ch003,2222,0.000000,AI in Hospitality and Tourism Promotion,2024,10.4018/979-8-3693-6755-1.ch003,"Advances in hospitality, tourism and the services industry (AHTSI) book series",book-chapter,"Sharma, Vikas",forward,openalex,doi:10.1007/s11747-019-00696-0,0
doi:10.4018/979-8-3693-6760-5.ch002,2223,0.000000,Applications of Machine Learning (ML) and Artificial Intelligence (AI) in Marketing,2024,10.4018/979-8-3693-6760-5.ch002,"Advances in marketing, customer relationship management, and e-services book series",book-chapter,"Mittal, Shikha; Tyagi, Shivani; Dublish, Mani",forward,openalex,doi:10.1007/s11747-019-00696-0,0
doi:10.4018/979-8-3693-6760-5.ch007,2224,0.000000,How Can AI Help Change the Future of Marketing?,2024,10.4018/979-8-3693-6760-5.ch007,"Advances in marketing, customer relationship management, and e-services book series",book-chapter,"Sharma, Meenakshi; Zaman, Zaid; Painuly, Pramod Kumar; Kumar, A. V. Senthil",forward,openalex,doi:10.1007/s11747-019-00696-0,0
doi:10.4018/979-8-3693-6813-8.ch004,2225,0.000000,Unleashing the Power of Customer Personalization in the Digital Age With Artificial Intelligence,2024,10.4018/979-8-3693-6813-8.ch004,"Advances in marketing, customer relationship management, and e-services book series",book-chapter,"Sahu, Premendra; Mandal, Pinaki",forward,openalex,doi:10.1007/s12599-015-0370-8|doi:10.1177/0008125619859317,0
doi:10.4018/979-8-3693-7041-4.ch001,2226,0.000000,Introduction to Programmatic Advertising,2025,10.4018/979-8-3693-7041-4.ch001,"Advances in marketing, customer relationship management, and e-services book series",book-chapter,"Gupta, Anshu; Golchha, Dikshita; Azhar, Mohd",forward,openalex,doi:10.1080/0965254x.2022.2148269,0
doi:10.4018/979-8-3693-7041-4.ch003,2227,0.000000,The Role of Artificial Intelligence in Ad Fraud Detection in the Blockchain and Programmatic Advertising Ecosystem,2025,10.4018/979-8-3693-7041-4.ch003,"Advances in marketing, customer relationship management, and e-services book series",book-chapter,"Sağlam, Munise Hayrun; Kırçova, İbrahim",forward,openalex,doi:10.1007/978-3-319-25023-6_1|doi:10.1016/j.chb.2020.106657|doi:10.1016/j.techfore.2019.03.020|doi:10.3145/epi.2017.mar.06,0
doi:10.4018/979-8-3693-7041-4.ch006,2228,0.000000,Programmatic Advertising in E-Commerce,2025,10.4018/979-8-3693-7041-4.ch006,"Advances in marketing, customer relationship management, and e-services book series",book-chapter,"Gündüzyeli, Bora",forward,openalex,doi:10.1007/978-3-319-25023-6_1|doi:10.1016/j.chb.2020.106657|doi:10.1016/j.techfore.2019.03.020|doi:10.1080/00913367.2019.1654421,0
doi:10.4018/979-8-3693-7122-0.ch002,2229,0.000000,AI-Powered Branding,2024,10.4018/979-8-3693-7122-0.ch002,"Advances in marketing, customer relationship management, and e-services book series",book-chapter,"Sekarini, S.; Selvabaskar, S.",forward,openalex,doi:10.1007/s11747-019-00696-0,0
doi:10.4018/979-8-3693-7122-0.ch003,2230,0.000000,AI Bias and Fairness,2024,10.4018/979-8-3693-7122-0.ch003,"Advances in marketing, customer relationship management, and e-services book series",book-chapter,"Yadav, Suraj Jaywant",forward,openalex,doi:10.1007/s11747-020-00749-9,0
doi:10.4018/979-8-3693-7122-0.ch006,2231,0.000000,AI-Powered Customer Engagement,2024,10.4018/979-8-3693-7122-0.ch006,"Advances in marketing, customer relationship management, and e-services book series",book-chapter,"Jasrotia, Aruditya; Banerjee, Suprabhat; Shukla, Rajnish",forward,openalex,doi:10.1007/s11747-019-00696-0,0
doi:10.4018/979-8-3693-7122-0.ch011,2232,0.000000,A Bibliometric Analysis of Artificial Intelligence in Service Marketing,2024,10.4018/979-8-3693-7122-0.ch011,"Advances in marketing, customer relationship management, and e-services book series",book-chapter,"Paatlan, Sandeep; Ranga, Jayati",forward,openalex,doi:10.1016/j.bushor.2019.12.002,0
doi:10.4018/979-8-3693-7122-0.ch012,2233,0.000000,Exploring the Impact of AI-Driven Chatbots on Customer Service in the Hospitality Industry,2024,10.4018/979-8-3693-7122-0.ch012,"Advances in marketing, customer relationship management, and e-services book series",book-chapter,"Suhag, Narender; Sarkar, Divya; Singh, Amrik",forward,openalex,doi:10.1007/s11747-020-00749-9|doi:10.1108/ijrdm-08-2020-0312,0
doi:10.4018/979-8-3693-7122-0.ch015,2234,0.000000,Harnessing AI for Next-Generation Service Marketing,2024,10.4018/979-8-3693-7122-0.ch015,"Advances in marketing, customer relationship management, and e-services book series",book-chapter,"Vetrivel, S. C.; Arun, V. P.; Saravanan, T. P.; Maheswari, R.",forward,openalex,doi:10.1007/s11747-020-00749-9|doi:10.1016/j.ausmj.2020.04.002|doi:10.1080/00913367.2019.1654421|doi:10.1108/wjemsd-08-2020-0099|doi:10.1177/0008125619859317,0
doi:10.4018/979-8-3693-7122-0.ch017,2235,0.000000,Innovative Approaches to Market Segmentation Using AI in Emerging Economies,2024,10.4018/979-8-3693-7122-0.ch017,"Advances in marketing, customer relationship management, and e-services book series",book-chapter,"Vetrivel, S. C.; Saravanan, T. P.; Arun, V. P.; Maheswari, R.",forward,openalex,doi:10.1007/s11747-020-00749-9|doi:10.1016/j.ausmj.2020.04.002|doi:10.1080/00913367.2019.1654421|doi:10.1108/wjemsd-08-2020-0099|doi:10.1177/0008125619859317,0
doi:10.4018/979-8-3693-7122-0.ch018,2236,0.000000,Integrating AI-Driven Technologies Into Service Marketing,2024,10.4018/979-8-3693-7122-0.ch018,"Advances in marketing, customer relationship management, and e-services book series",book-chapter,"Freeda, R. Adline; Anju, A.; Kanthavel, R.; Dhaya, R.; Vijay, Frank",forward,openalex,doi:10.1108/ijrdm-08-2020-0312,0
doi:10.4018/979-8-3693-7122-0.ch019,2237,0.000000,Integrating the AI-Driven Technologies Into Pharmaceutical Service Marketing,2024,10.4018/979-8-3693-7122-0.ch019,"Advances in marketing, customer relationship management, and e-services book series",book-chapter,"Singh, Kumkum; Singh, Saurabh; Wadhwa, Sheetu; Baghel, Dileep Singh",forward,openalex,doi:10.1007/s11747-019-00696-0,0
doi:10.4018/979-8-3693-7122-0.ch022,2238,0.000000,Leveraging Predictive Analytics for Success in Developing Economies,2024,10.4018/979-8-3693-7122-0.ch022,"Advances in marketing, customer relationship management, and e-services book series",book-chapter,"Kanade, Tarun Madan; Batule, Radhakrishna Bhaskar; Joseph, Jonathan",forward,openalex,doi:10.1177/18393349211037684,0
doi:10.4018/979-8-3693-7122-0.ch027,2239,0.000000,Role of AI in Service Marketing of Eco-Friendly Hotels,2024,10.4018/979-8-3693-7122-0.ch027,"Advances in marketing, customer relationship management, and e-services book series",book-chapter,"Bakshi, Neetesh; Singh, Ajit Kumar",forward,openalex,doi:10.1007/s11747-020-00749-9,0
doi:10.4018/979-8-3693-7122-0.ch030,2240,0.000000,The Transition to the Conversational Era,2024,10.4018/979-8-3693-7122-0.ch030,"Advances in marketing, customer relationship management, and e-services book series",book-chapter,"Elkhatibi, Yassine; Benabdelouahed, Redouane",forward,openalex,doi:10.1007/s11747-019-00696-0,0
doi:10.4018/979-8-3693-7122-0.ch031,2241,0.000000,Tracing the Ethical and Social Dimensions of AI in Marketing,2024,10.4018/979-8-3693-7122-0.ch031,"Advances in marketing, customer relationship management, and e-services book series",book-chapter,"Bhanot, Neeraj; Sharma, Rahul; Phuja, Anurag",forward,openalex,doi:10.1007/s11747-019-00696-0|doi:10.1007/s11747-020-00749-9|doi:10.1108/wjemsd-08-2020-0099|doi:10.1177/18393349211037684,0
doi:10.4018/979-8-3693-7235-7.ch010,2242,0.000000,The Autthenticity of AI Influencers in Marketing,2024,10.4018/979-8-3693-7235-7.ch010,Advances in human and social aspects of technology book series,book-chapter,"Güzel, Çağla Öztürk",forward,openalex,doi:10.1007/s11747-019-00696-0|doi:10.1177/0008125619859317,0
doi:10.4018/979-8-3693-7620-1.ch020,2243,0.000000,Understanding the Usability and Response Quality of Artificial Intelligence Chatbots on Customer Engagement in Branded Apparel E-Retailing,2024,10.4018/979-8-3693-7620-1.ch020,"Advances in logistics, operations, and management science book series",book-chapter,"Singhal, Padma; Mishra, Naveen",forward,openalex,doi:10.1108/ijrdm-08-2020-0312,0
doi:10.4018/979-8-3693-7658-4.ch007,2244,0.000000,SME Marketing Entrepreneurship in AI-Shaped Business Environments,2024,10.4018/979-8-3693-7658-4.ch007,Advances in business strategy and competitive advantage book series,book-chapter,"Yurdagel, Mine; Baycur, Gözde",forward,openalex,doi:10.1007/s11747-019-00696-0|doi:10.1007/s11747-020-00749-9,0
doi:10.4018/979-8-3693-7673-7.ch013,2245,0.000000,"Untact, Immersive, and Hyperpersonalized",2024,10.4018/979-8-3693-7673-7.ch013,"Advances in marketing, customer relationship management, and e-services book series",book-chapter,"More, Pratik; Sapre, Sneha",forward,openalex,doi:10.1016/j.techfore.2019.03.020|doi:10.1080/00913367.2019.1654421,0
doi:10.4018/979-8-3693-7773-4.ch014,2246,0.000000,AI-Based Customer Supporting and Preference System,2024,10.4018/979-8-3693-7773-4.ch014,"Advances in marketing, customer relationship management, and e-services book series",book-chapter,"Singh, Warshi; Rai, Sidhanshu; Katiyar, Arpana; Katiyar, R. S.; Rajput, Sanu",forward,openalex,doi:10.1007/s11747-019-00696-0,0
doi:10.4018/979-8-3693-7903-5.ch022,2247,0.000000,Entrepreneurial Insights,2024,10.4018/979-8-3693-7903-5.ch022,Advances in business strategy and competitive advantage book series,book-chapter,"Vijay, Jisha; Priyanka, U.",forward,openalex,doi:10.1016/j.bushor.2019.12.002,0
doi:10.4018/979-8-3693-7909-7.ch003,2248,0.000000,AI-Driven Service Marketing,2024,10.4018/979-8-3693-7909-7.ch003,"Advances in hospitality, tourism and the services industry (AHTSI) book series",book-chapter,"Berry, Karan; Singh, Amrik",forward,openalex,doi:10.1177/0008125619859317,0
doi:10.4018/979-8-3693-7909-7.ch016,2249,0.000000,Future Trends,2024,10.4018/979-8-3693-7909-7.ch016,"Advances in hospitality, tourism and the services industry (AHTSI) book series",book-chapter,"John, Asha; Tyagi, Pankaj Kumar; Nadda, Vipin",forward|seed,openalex|seed,doi:10.1108/ijrdm-08-2020-0312|doi:10.17577/ijertv8is060622|doi:10.2478/picbe-2018-0072,0
doi:10.4018/979-8-3693-8222-6.ch001,2250,0.000000,Adoption of Artificial Intelligence in Marketing,2024,10.4018/979-8-3693-8222-6.ch001,"Advances in marketing, customer relationship management, and e-services book series",book-chapter,"Kaur, Surinder; Singh, Gurmeet",forward,openalex,doi:10.1007/s11747-020-00749-9,0
doi:10.4018/979-8-3693-8442-8.ch012,2251,0.000000,The Impact and Consequences of Artificial Intelligence in Copywriting,2024,10.4018/979-8-3693-8442-8.ch012,Advances in business strategy and competitive advantage book series,book-chapter,"Provasi, Veronica; Duarte, Alexandre",forward,openalex,doi:10.1080/00913367.2019.1654421,0
doi:10.4018/979-8-3693-8507-4.ch004,2252,0.000000,AI-Driven Strategies for Maximizing Revenue in Tourism,2024,10.4018/979-8-3693-8507-4.ch004,"Advances in finance, accounting, and economics book series",book-chapter,"Pandey, Uma; Bansal, Saloni; Valuskar, Vishal",forward,openalex,doi:10.1016/j.bushor.2019.12.002,0
doi:10.4018/979-8-3693-8507-4.ch019,2253,0.000000,Reimagining Customer Relations Through AI Innovation,2024,10.4018/979-8-3693-8507-4.ch019,"Advances in finance, accounting, and economics book series",book-chapter,"Al‐Romeedy, Bassam Samir; Singh, Amrik",forward,openalex,doi:10.33140/eoa.02.01.04,0
doi:10.4018/979-8-3693-8659-0.ch001,2254,0.000000,From Data to Decisions on Artificial Intelligence's Influence on Digital Marketing Research,2024,10.4018/979-8-3693-8659-0.ch001,Advances in computational intelligence and robotics book series,book-chapter,"Arun, R.; Bhakar, Shilpa; Turlapati, Venkata Ramaiah; Shanthi, P.; Saikumari, V.",forward,openalex,doi:10.1007/s11747-020-00749-9,0
doi:10.4018/979-8-3693-8659-0.ch007,2255,0.000000,Impact of Artificial Intelligence on Customer Journey Mapping and Experience Design,2024,10.4018/979-8-3693-8659-0.ch007,Advances in computational intelligence and robotics book series,book-chapter,"Arumugam, Thangaraja; Hameed, Saman; Ehya, J. A. S. Mohamed; Kadiresan, Vimala; Krishnaraj, Renuga",forward,openalex,doi:10.1007/s11747-019-00696-0|doi:10.1007/s11747-020-00749-9|doi:10.1177/0008125619859317,0
doi:10.4018/979-8-3693-8769-6.ch002,2256,0.000000,AI-Generated Content to Transform Marketing Strategies in the Hospitality Industry,2025,10.4018/979-8-3693-8769-6.ch002,Advances in computational intelligence and robotics book series,book-chapter,"Akpur, Akın; ERDAĞ, Teoman",forward,openalex,doi:10.1007/s11747-019-00696-0|doi:10.1016/j.ausmj.2020.04.002,0
doi:10.4018/979-8-3693-8769-6.ch008,2257,0.000000,"Impact of AI, Machine Learning, and Big Language Models on Marketing Segmentation Strategies in Hospitality Businesses",2025,10.4018/979-8-3693-8769-6.ch008,Advances in computational intelligence and robotics book series,book-chapter,"Birdir, Sevda Sahilli",forward,openalex,doi:10.1007/s11747-019-00696-0,0
doi:10.4018/979-8-3693-9461-8.ch004,2258,0.000000,Brand Management via AI,2025,10.4018/979-8-3693-9461-8.ch004,"Advances in marketing, customer relationship management, and e-services book series",book-chapter,"Hashem, Tareq N.; Ahmad, Albattat; Kumar, Anuj; El-Taher, Sodfa",forward,openalex,doi:10.1007/s11747-020-00749-9,0
doi:10.4018/979-8-3693-9461-8.ch006,2259,0.000000,Understanding Artificial Intelligence and Its Major Role in Branding,2025,10.4018/979-8-3693-9461-8.ch006,"Advances in marketing, customer relationship management, and e-services book series",book-chapter,"Sajan, Alex; Giri, Pratibha",forward,openalex,doi:10.1007/s11747-019-00696-0|doi:10.3389/fpsyg.2022.856663,0
doi:10.4018/979-8-3693-9461-8.ch018,2260,0.000000,Revolutionizing Customer Experience With AI-Powered Personalization,2025,10.4018/979-8-3693-9461-8.ch018,"Advances in marketing, customer relationship management, and e-services book series",book-chapter,"Behare, Nitesh; Bhagat, Supriya; Sarangdhar, Praful",backward,crossref|openalex,doi:10.1109/iccraids67816.2026.11519734,0
doi:10.4018/979-8-3693-9561-5.ch002,2261,0.000000,Examining the Nexus Between AI and Digital Marketing,2025,10.4018/979-8-3693-9561-5.ch002,IGI Global eBooks,book-chapter,"Kumar, Anil; Idziak, Ewelina; Pandey, Sakshi",forward,openalex,doi:10.1007/s11747-019-00696-0,0
doi:10.4018/979-8-3693-9561-5.ch003,2262,0.000000,AIvertising,2025,10.4018/979-8-3693-9561-5.ch003,IGI Global eBooks,book-chapter,"Singh, Surabhi; Garg, Ankit; Walsh, John",forward,openalex,doi:10.1007/s11747-020-00749-9|doi:10.1016/j.ausmj.2020.04.002|doi:10.1080/00913367.2019.1654421|doi:10.1108/wjemsd-08-2020-0099|doi:10.1177/0008125619859317|doi:10.3389/fpsyg.2022.856663,0
doi:10.4018/979-8-3693-9561-5.ch004,2263,0.000000,AI-Powered Personalization Drives Loyalty in Retail,2025,10.4018/979-8-3693-9561-5.ch004,IGI Global eBooks,book-chapter,"Jung, Na Young",forward,openalex,doi:10.1007/s11747-019-00696-0|doi:10.1177/0008125619859317,0
doi:10.4018/979-8-3693-9561-5.ch005,2264,0.000000,Leveraging Artificial Intelligence for Personalized Marketing,2025,10.4018/979-8-3693-9561-5.ch005,IGI Global eBooks,book-chapter,"Li, Jialei; Hingoro, Attaullah",forward,openalex,doi:10.1108/wjemsd-08-2020-0099|doi:10.1177/0008125619859317,0
doi:10.4018/979-8-3693-9561-5.ch007,2265,0.000000,Enhancing Quick Commerce Service Experience Through AI Marketing,2025,10.4018/979-8-3693-9561-5.ch007,IGI Global eBooks,book-chapter,"Haneefa, K. V.; Singh, Harmandeep",forward,openalex,doi:10.1007/s11747-019-00696-0,0
doi:10.4018/979-8-3693-9561-5.ch008,2266,0.000000,Impact of Artificial Intelligence on SEO and Online Visibility,2025,10.4018/979-8-3693-9561-5.ch008,IGI Global eBooks,book-chapter,"Elkhatibi, Yassine; Boussedra, Faouzi",forward,openalex,doi:10.1007/s11747-019-00696-0,0
doi:10.4018/979-8-3693-9561-5.ch009,2267,0.000000,The Integration of AI With IoT for Personalized In-Store Experiences in the Experience Economy,2025,10.4018/979-8-3693-9561-5.ch009,IGI Global eBooks,book-chapter,"Yadav, Rohit; Huzooree, Geshwaree; Yadav, Mohit",forward,openalex,doi:10.1007/s11747-019-00696-0|doi:10.1007/s11747-020-00749-9,0
doi:10.4018/979-8-3693-9561-5.ch014,2268,0.000000,Beyond Traditional Analytics,2025,10.4018/979-8-3693-9561-5.ch014,IGI Global eBooks,book-chapter,"Parivara, Swetha Appaji; Pattada, Prathima Shivakumar; Sengupta, Anasuya",forward,openalex,doi:10.1007/s11747-019-00696-0,0
doi:10.4018/979-8-3693-9561-5.ch016,2269,0.000000,Key Enablers of Marketing 6.0 in the Metaverse,2025,10.4018/979-8-3693-9561-5.ch016,IGI Global eBooks,book-chapter,"Dulloo, Rhytheema; Silić, Mario; Appolloni, Andrea",forward,openalex,doi:10.1007/s11747-019-00696-0,0
doi:10.4018/979-8-3693-9611-7.ch017,2270,0.000000,Shaping Consumer Behaviour With AI,2025,10.4018/979-8-3693-9611-7.ch017,Advances in computational intelligence and robotics book series,book-chapter,"Kaur, Balpreet; Mehra, Preeti",forward,openalex,doi:10.1007/s11747-019-00696-0|doi:10.1007/s11747-020-00749-9,0
doi:10.4018/979-8-3693-9636-0.ch008,2271,0.000000,Artificial Intelligence for Social Good in Service Marketing,2024,10.4018/979-8-3693-9636-0.ch008,"Advances in hospitality, tourism and the services industry (AHTSI) book series",book-chapter,"Shukla, Dharna; Tripathi, Ranjeeta",forward,openalex,doi:10.1007/978-3-030-12453-3_143,0
doi:10.4018/979-8-3693-9770-1.ch019,2272,0.000000,The Role of Artificial Intelligence in Enhancing the Effectiveness of Brand Marketing Campaigns,2025,10.4018/979-8-3693-9770-1.ch019,Advances in computational intelligence and robotics book series,book-chapter,"Sardana, Kushagra; Singh, Twinkle",forward,openalex,doi:10.1007/s11747-019-00696-0|doi:10.1007/s11747-020-00749-9,0
doi:10.4018/979-8-3693-9841-8.ch009,2273,0.000000,Transforming Marketing With Generative AI and ChatGPT,2025,10.4018/979-8-3693-9841-8.ch009,Advances in computational intelligence and robotics book series,book-chapter,"Bellaaj, Moez",forward,openalex,doi:10.1007/s11747-019-00696-0|doi:10.1007/s11747-020-00749-9,0
doi:10.4018/979-8-3693-9894-4.ch006,2274,0.000000,Navigating the AI Revolution in Advertising,2025,10.4018/979-8-3693-9894-4.ch006,Advances in computational intelligence and robotics book series,book-chapter,"Beede, Park",forward,openalex,doi:10.1177/0008125619859317,0
doi:10.4018/979-8-3693-9944-6.ch011,2275,0.000000,Exploring the Emergence of AI-Driven Service Marketing Paradigms,2025,10.4018/979-8-3693-9944-6.ch011,,book-chapter,"Govindaraj, Manoj; Varya, N S; Amri, Khairul",backward,crossref|openalex,doi:10.1109/iccraids67816.2026.11519734,0
doi:10.4018/979-8-3693-9959-0.ch011,2276,0.000000,Enhancing Consumer Engagement Through Augmented Reality,2025,10.4018/979-8-3693-9959-0.ch011,"Advances in marketing, customer relationship management, and e-services book series",book-chapter,"Thandayuthapani, S.; Thirumoorthi, P.",forward,openalex,doi:10.1007/s11747-019-00696-0,0
doi:10.4018/ijaibm.365343,2277,0.000000,Network Models,2024,10.4018/ijaibm.365343,International Journal of Artificial Intelligence,article,"Turner-Henderson, Tiffanie",forward,openalex,doi:10.1007/s11747-019-00696-0|doi:10.1177/0008125619859317,0
doi:10.4018/ijaiml.338379,2278,0.000000,"Analysis and Implications of Adopting AI and Machine Learning in Marketing, Servicing, and Communications Technology",2024,10.4018/ijaiml.338379,International Journal of Artificial Intelligence and Machine Learning,article,"Borole, Priyal",forward,openalex,doi:10.1007/s11747-019-00696-0|doi:10.1007/s11747-020-00749-9|doi:10.1016/j.bushor.2019.12.002|doi:10.1177/0008125619859317,0
doi:10.4018/ijbir.297062,2279,0.000000,The State of Artificial Intelligence in Marketing With Directions for Future Research,2022,10.4018/ijbir.297062,International Journal of Business Intelligence Research,article,"Chen, Jing; Ablanedo‐Rosas, José Humberto; Frankwick, Gary L.; Arevalo, F.",forward,openalex,doi:10.1007/s11747-019-00696-0,0
doi:10.4018/ijcrmm.361975,2280,0.000000,Exploring the Impact of Combining Neuromarketing and AI Adoption on the Perceived Effectiveness of Social Media Advertising Campaigns,2024,10.4018/ijcrmm.361975,International Journal of Customer Relationship Marketing and Management,article,"AlRoshoud, Abdullah Nabeel; El‐Gohary, Hatem",forward,openalex,doi:10.1007/s11747-019-00696-0,0
doi:10.4018/ijdmmi.368043,2281,0.000000,A Marketing Perspective on the Roles of AI and ML in Shaping Contemporary Programmatic Advertising,2025,10.4018/ijdmmi.368043,International Journal of Digital Marketing Management and Innovation,article,"Neves, Joana; Pereira, Miguel Cachulo",backward|forward,crossref|openalex,doi:10.1016/j.ausmj.2020.04.002|doi:10.1080/00913367.2019.1654421|doi:10.1080/0965254x.2022.2148269|doi:10.3390/jtaer21060179,0
doi:10.4018/ijdst.307953,2282,0.000000,Innovative Knowledge Automation Framework in DM and Collaborative Edge Computing Social IoT Systems,2022,10.4018/ijdst.307953,International Journal of Distributed Systems and Technologies,article,"Zhang, Qiansha; Li, Gang",forward|seed,openalex|seed,doi:10.1016/j.compeleceng.2020.106723|doi:10.1016/j.indmarman.2020.07.022|doi:10.1016/j.jik.2020.08.001|doi:10.1016/j.techsoc.2020.101425|doi:10.1080/0965254x.2018.1493523|doi:10.5539/ijbm.v15n7p120,0
doi:10.4018/ijebr.309388,2283,0.000000,Impact of Customer Perception of Value Co-Creation for Personalization in Online Shopping,2022,10.4018/ijebr.309388,International Journal of E-Business Research,article,"J., Jensolin Abitha Kumari; Gotmare, Preeti R.",forward,openalex,doi:10.1007/s11747-019-00696-0,0
doi:10.4018/ijec.304040,2284,0.000000,Research on an Interactive Question Answering System of Artificial Intelligence Customer Service Based on Word2Vec,2022,10.4018/ijec.304040,International Journal of e-Collaboration,article,"Zhang, Jiong; Zheng, ChunGuang; Jing, Yang; Usama, Mohammad",forward,openalex,doi:10.2478/picbe-2018-0072,0
doi:10.4018/ijeei.2018070102,2285,0.000000,Artificial Intelligence,2018,10.4018/ijeei.2018070102,International Journal of E-Entrepreneurship and Innovation,article,"Marinchak, Christina McDowell; Forrest, Edward; Hoanca, Bogdan",backward,crossref|openalex,doi:10.1007/978-3-030-72080-3_20,0
doi:10.4018/ijesma.384512,2286,0.000000,Consumer Resistance to Chatbot Adoption,2025,10.4018/ijesma.384512,International Journal of E-Services and Mobile Applications,article,"Bouqlila, Fatine; Megzari, Selma; Dahab, Dounia",forward,openalex,doi:10.1007/s11747-019-00696-0|doi:10.1108/ijrdm-08-2020-0312,0
doi:10.4018/ijiit.382563,2287,0.000000,Sales Forecasting and Data-Driven Marketing Strategies for E-Commerce Platforms Using XGBoost,2025,10.4018/ijiit.382563,International Journal of Intelligent Information Technologies,article,"Zhang, Minqiang; Wu, Linlin",forward,openalex,doi:10.1504/ijbdm.2020.106876,0
doi:10.4018/ijissc.2020040104,2288,0.000000,Marketing Analytics for Customer Engagement,2020,10.4018/ijissc.2020040104,International Journal of Information Systems and Social Change,article,"Nagaraj, Samala",forward,openalex,doi:10.1016/j.eswa.2018.11.002,0
doi:10.4018/ijssci.312229,2289,0.000000,The Role of Machine Learning in Creating and Capturing Value,2022,10.4018/ijssci.312229,International Journal of Software Science and Computational Intelligence,article,"Climent, Ricardo Costa",forward,openalex,doi:10.1016/j.jik.2020.08.001,0
doi:10.4018/ijthi.345928,2290,0.000000,Evaluating the Effectiveness of Recommendation Engines on Customer Experience Across Product Categories,2024,10.4018/ijthi.345928,International Journal of Technology and Human Interaction,article,"Sasanuma, Katsunobu; Yang, Gyung Yeol",forward,openalex,doi:10.1177/0008125619859317,0
doi:10.4018/jgim.20210701.oa10,2291,0.000000,The Impact of Artificial Intelligence on Branding,2021,10.4018/jgim.20210701.oa10,Journal of Global Information Management,article,"Varsha, P. S.; Akter, Shahriar; Kumar, Amit; Gochhait, Saikat; Patagundi, Basanna",forward,openalex,doi:10.1007/s11747-019-00696-0|doi:10.1016/j.bushor.2019.12.002|doi:10.1177/0008125619859317,0
doi:10.4018/jgim.20211101.oa3,2292,0.000000,Addressing Algorithmic Bias in AI-Driven Customer Management,2021,10.4018/jgim.20211101.oa3,Journal of Global Information Management,article,"Akter, Shahriar; Dwivedi, Yogesh K.; Biswas, Kumar; Michael, Katina; Bandara, Ruwan; Sajib, Shahriar",forward,openalex,doi:10.1007/s11747-019-00696-0|doi:10.1016/j.bushor.2019.12.002,0
doi:10.4018/jgim.298992,2293,0.000000,Operationalizing Artificial Intelligence-Enabled Customer Analytics Capability in Retailing,2022,10.4018/jgim.298992,Journal of Global Information Management,article,"Hossain, Md Afnan; Akter, Shahriar; Yanamandram, Venkata; Gunasekaran, Angappa",forward,openalex,doi:10.1007/s11747-019-00696-0,0
doi:10.4018/jgim.343308,2294,0.000000,Exploring Determinants That Influence the Usage Intention of AI-Based Customer Services in the UAE,2024,10.4018/jgim.343308,Journal of Global Information Management,article,"Almuraqab, Nasser A. Saif; Jasimuddin, Sajjad M.; Saci, Fateh",forward,openalex,doi:10.1007/s11747-019-00696-0,0
doi:10.4018/jgim.372177,2295,0.000000,Unveiling the Impact of AI Technological Anxiety on the Marketers' Intention to Adopt Generative AI,2025,10.4018/jgim.372177,Journal of Global Information Management,article,"Meng, Tao; Li, Xiaofei; Alam, Faizan; Yan, Yuyang; Chau, Toby",forward,openalex,doi:10.1007/s11747-019-00696-0,0
doi:10.4018/jgim.373320,2296,0.000000,The Rise of the Phygital Citizens,2025,10.4018/jgim.373320,Journal of Global Information Management,article,"Kumari, Pooja; Gupta, Nakul; Aeron, Prageet",forward,openalex,doi:10.1016/j.techfore.2023.122342,0
doi:10.4018/joeuc.328089,2297,0.000000,Determinants Affecting Consumer Trust in Communication With AI Chatbots,2023,10.4018/joeuc.328089,Journal of Organizational and End User Computing,article,"Li, Jinjie; Wu, Lianren; Qi, Jiayin; Zhang, Yuxin; Wu, Zhiyan; Hu, Shuaibo",forward,openalex,doi:10.1108/ijrdm-08-2020-0312,0
doi:10.4018/joeuc.336547,2298,0.000000,Marketing Decision Model and Consumer Behavior Prediction With Deep Learning,2024,10.4018/joeuc.336547,Journal of Organizational and End User Computing,article,"Xu, Anfeng; Li, Yue; Donta, Praveen Kumar",forward,openalex,doi:10.1016/j.jik.2020.08.001,0
doi:10.4018/joeuc.371759,2299,0.000000,The Optimization of Advertising Content and Prediction of Consumer Response Rate Based on Generative Adversarial Networks,2025,10.4018/joeuc.371759,Journal of Organizational and End User Computing,article,"Wang, Changlin; Lu, Zhonghua; He, Zhoue",forward,openalex,doi:10.1016/j.jik.2020.08.001,0
doi:10.4102/sajim.v23i1.1299,2300,0.000000,Useful chatbot experience provides technological satisfaction: An emerging market perspective,2021,10.4102/sajim.v23i1.1299,South African journal of information management,article,"Lubbe, Isolde; Ngoma, Nonhlanhla",forward,openalex,doi:10.1007/s11747-019-00696-0,0
doi:10.4102/sajim.v27i1.1926,2301,0.000000,The role of artificial intelligence personalisation in e-commerce: Customer purchase decisions in the retail sector,2025,10.4102/sajim.v27i1.1926,South African journal of information management,article,"Moodley, Kebashnee; Sookhdeo, Lavina",forward,openalex,doi:10.1108/ijrdm-08-2020-0312,0
doi:10.4108/eai.7-10-2021.2316147,2302,0.000000,The Attitude toward The Programmatic Advertising on Click-Through Intention,2022,10.4108/eai.7-10-2021.2316147,,conference-paper,"Hasri, Meidy; Silva, Noemí; Susanto, Yosef; Winarno, P. M.",backward|forward,crossref|openalex,doi:10.1007/978-3-031-96930-0_11|doi:10.1108/itp-09-2019-0480,0
doi:10.4185/10.4185/rlcs-2022-1693,2303,0.000000,Smart Advertising: Innovación y disrupción tecnológica asociadas a la IA en el ecosistema publicitario,2022,10.4185/10.4185/rlcs-2022-1693,Revista Latina de Comunicación Social,article,"Martínez, Inmaculada José Martínez; Terrón, Juan Miguel Aguado; Cobarro, Paloma del Henar Sánchez",forward,openalex,doi:10.1007/s11747-020-00749-9|doi:10.1080/00913367.2019.1654421|doi:10.1177/0008125619859317,0
doi:10.4236/ajibm.2023.134014,2304,0.000000,Factors Affecting Consumers Adoption of AI-Based Chatbots: The Role of Anthropomorphism,2023,10.4236/ajibm.2023.134014,American Journal of Industrial and Business Management,article,"Alboqami, Hassan",forward,openalex,doi:10.1108/ijrdm-08-2020-0312,0
doi:10.4236/jcc.2024.1211009,2305,0.000000,Research on the Application Effects of Artificial Intelligence in Personalized Marketing,2024,10.4236/jcc.2024.1211009,Journal of Computer and Communications,article,"Feng, Binyang",forward,openalex,doi:10.1177/0008125619859317,0
doi:10.4236/jss.2024.124037,2306,0.000000,Collaborative AI Enabled Place Branding: A Hybrid-Narrative Review and Prospects for Future Research,2024,10.4236/jss.2024.124037,Open Journal of Social Sciences,review,"Chen, Liying; Wang, Ziqi; Pang, Hongli",forward,openalex,doi:10.1007/s11747-020-00749-9,0
doi:10.4236/ojbm.2026.142070,2307,0.000000,The Impact of Generative Artificial Intelligence in Advertising on Multi-Generational Purchase Intentions: An Empirical Study in China,2026,10.4236/ojbm.2026.142070,Open Journal of Business and Management,article,"Shoukery, Nada Essam Ahmed Fouad",forward,openalex,doi:10.1007/s11747-020-00749-9,0
doi:10.4314/swj.v20i1.3,2308,0.000000,Enhanced AI-Powered Customer Experience Model,2025,10.4314/swj.v20i1.3,Science World Journal,article,"Abubakar, Ruqayyah Abdullahi; Aliyu, Ahmed Abubakar; Yashe, Zahra B.; Ahmad, Muhammad Aminu; Abdulkadir, Sa’adatu; Ibrahim, Muhammad; Ahmed, Abubakar Muazu",forward,openalex,doi:10.1007/s11747-019-00696-0|doi:10.1108/ijrdm-08-2020-0312,0
doi:10.4324/9780429506956-8,2309,0.000000,Advertising analytics,2023,10.4324/9780429506956-8,,book-chapter,"Hollifield, C. Ann; Coffey, Amy Jo",backward,openalex,doi:10.1504/ijbdm.2019.10023294,0
doi:10.4324/9781003035749-15,2310,0.000000,Brand Experience Co-Creation at the Time of Artificial Intelligence,2022,10.4324/9781003035749-15,,book-chapter,"Mangiò, Federico; Pedeliento, Giuseppe; Andreini, Daniela",backward,crossref|openalex,doi:10.1080/00913367.2022.2111728,0
doi:10.4324/9781003093909-3,2311,0.000000,Understanding Big Data and its application in the digital marketing landscape,2021,10.4324/9781003093909-3,,book-chapter,"Singaraju, Stephen; Niininen, Outi",forward,openalex,doi:10.1080/00913367.2019.1654421,0
doi:10.4324/9781003093909-4,2312,0.000000,Data-driven marketing processes,2021,10.4324/9781003093909-4,,book-chapter,"Länsipuro, Heidi; Karjaluoto, Heikki",backward,crossref|openalex,doi:10.4018/979-8-3693-3455-3.ch001,0
doi:10.4324/9781003093909-5,2313,0.000000,The planning and implementation process of Programmatic Advertising campaigns in emerging markets,2021,10.4324/9781003093909-5,,book-chapter,"Tiet, Thanh; Karjaluoto, Heikki",backward|forward,crossref|openalex,doi:10.1080/00913367.2019.1654421|doi:10.25139/jsk.v5i3.3077,0
doi:10.4324/9781003124870-8,2314,0.000000,"The Past, Present, and Future of Internet Personalization in Service of Advertising",2023,10.4324/9781003124870-8,,book-chapter,"Turow, Joseph",backward,crossref|openalex,doi:10.4018/979-8-3693-7041-4.ch006,0
doi:10.4324/9781003453901-11,2315,0.000000,AI and Creativity in Marketing,2024,10.4324/9781003453901-11,,book-chapter,"Abkenar, Pasha; Moura, Francisco Tigre; Hindley, Clare",backward,openalex,doi:10.58830/ozgur.pub610.c2595,0
doi:10.4324/9781003617396-11,2316,0.000000,Artificial intelligence and big data analytics in international marketing,2025,10.4324/9781003617396-11,,book-chapter,"Zaborek, Piotr",forward,openalex,doi:10.1007/s11747-019-00696-0,0
doi:10.4324/9781032711089-13,2317,0.000000,Reshaping Marketing Strategies with AI,2024,10.4324/9781032711089-13,Productivity Press eBooks,book-chapter,"Vardhan, V. Vishnu; Manthena, Sathwika; Reddy, D. Srinivasa; Aadil, Mir",seed,seed,,0
doi:10.4324/9781315232201-11,2318,0.000000,Phygital customer experience,2019,10.4324/9781315232201-11,,book-chapter,"Batat, Wided",backward,crossref|openalex,doi:10.3390/joitmc7020114,0
doi:10.4337/9781035312870.00008,2319,0.000000,Introduction to Marketing Automation and Decision Making,2023,10.4337/9781035312870.00008,Edward Elgar Publishing eBooks,book-chapter,"Guercini, Simone",forward,openalex,doi:10.1007/978-3-319-25023-6_1|doi:10.1007/s11747-019-00696-0,0
doi:10.4337/9781800371897.00012,2320,0.000000,How does phygital humanize customer experience and create a continuum linking physical and digital settings?,2022,10.4337/9781800371897.00012,Edward Elgar Publishing eBooks,book-chapter,"Batat, Wided",backward,openalex,doi:10.58830/ozgur.pub610.c2592|doi:10.58830/ozgur.pub610.c2595,0
doi:10.4468/2023.01.02rovai.pasquinelli.teh,2321,0.000000,AI in the Luxury In-Store Atmospherics,2023,10.4468/2023.01.02rovai.pasquinelli.teh,Symphonya Emerging Issues in Management,article,"Rovai, Serena; Pasquinelli, Cecilia; Teh, Camen",forward,openalex,doi:10.1007/s11747-019-00696-0|doi:10.1007/s11747-020-00749-9|doi:10.1177/0008125619859317,0
doi:10.46223/hcmcoujs.econ.vi.18.5.2407.2023,2322,0.000000,Nghiên cứu các yếu tố ảnh hưởng đến ý định sử dụng chatbot của khách hàng: Góc nhìn tại Việt Nam,2023,10.46223/hcmcoujs.econ.vi.18.5.2407.2023,TẠP CHÍ KHOA HỌC ĐẠI HỌC MỞ THÀNH PHỐ HỒ CHÍ MINH - KINH TẾ VÀ QUẢN TRỊ KINH DOANH,article,"Lê, Xuân Cù",forward,openalex,doi:10.1108/ijrdm-08-2020-0312,0
doi:10.46243/jst.2025.v10.i05.pp29-37,2323,0.000000,Leveraging AI-Driven Sales Intelligence to Revolutionize CRM Forecasting with Predictive Analytics,2025,10.46243/jst.2025.v10.i05.pp29-37,Journal of Science and Technology,article,"Kotte, Girish",forward,openalex,doi:10.1007/s11747-020-00749-9,0
doi:10.46254/af03.20220293,2324,0.000000,Chatbot Platform Selection in Marketplace using AHP-TOPSIS Methods: A Case Study in Indonesia,2022,10.46254/af03.20220293,,conference-paper,"Triyana, Desi; Moeis, Armand Omar",forward,openalex,doi:10.1007/s11747-019-00696-0,0
doi:10.46402/sjrbm.2025.30,2325,0.000000,Data to Delight: Liverating AI in enhancing customer Journeys,2025,10.46402/sjrbm.2025.30,Samvakti Journal of Research in Business Management,article,"R, Meghana V. R Meghana V.",forward,openalex,doi:10.1007/s11747-020-00749-9,0
doi:10.46481/asr.2025.4.3.301,2326,0.000000,Persuasive power of artificial intelligence-generated ads: exploring online behaviour among Gen Z internet users in Nigeria,2025,10.46481/asr.2025.4.3.301,African Scientific Reports,article,"Ogbaga, Ignatius Nwoyibe; Nweke, Henry Friday",forward,openalex,doi:10.1007/s11747-020-00749-9,0
doi:10.46632/rmc/5/2/2,2327,0.000000,Influence of AI on Shopping Experience of Generation Z Customers,2024,10.46632/rmc/5/2/2,,article,,forward,openalex,doi:10.1108/ijrdm-08-2020-0312,0
doi:10.46652/rgn.v11i51.1625,2328,0.000000,Generación de contenido con IA en campañas publicitarias en TikTok y su incidencia en la interacción con la audiencia en el Ecuador,2026,10.46652/rgn.v11i51.1625,Religación,article,"Sani, Dennys Alexander Chuiza; Álvarez, Cristian Andrés Erazo",forward,openalex,doi:10.1080/00913367.2020.1795954,0
doi:10.46763/joe2510181s,2329,0.000000,Robots as a catalyst for Marketing automation: Potential and limitations,2025,10.46763/joe2510181s,Journal of Economics,article,"Spasova, Valentina; Grujovski, Vladimir",forward,openalex,doi:10.1007/s11747-019-00696-0,0
doi:10.46799/ijssr.v4i12.1144,2330,0.000000,ANALYSIS OF MACHINE LEARNING AND AI TO ENHANCE MARKETING NEEDS AND CUSTOMER SATISFACTION,2024,10.46799/ijssr.v4i12.1144,International Journal of Social Service and Research,article,"Nugroho, Dony Ari",forward,openalex,doi:10.1007/s11747-019-00696-0|doi:10.1177/18393349211037684,0
doi:10.46852/0424-2513.3.2024.26,2331,0.000000,Digitalization and its Impact on the Development of Contemporary Marketing Strategies,2024,10.46852/0424-2513.3.2024.26,Economic Affairs,article,"Kobets, Dmytro",forward,openalex,doi:10.1007/s11747-020-00749-9|doi:10.1504/ijbdm.2020.106876,0
doi:10.47058/joa11.4,2332,0.000000,La inteligencia artificial en la publicidad: una revisión sistemática de la década 2020-2024,2024,10.47058/joa11.4,Journal of the Academy,article,"Sanguineti, Reli Gabriel Blanco; Córdova, Carlos Alberto Carrillo; Baltazar, Alina",forward,openalex,doi:10.1007/s11747-019-00696-0,0
doi:10.47059/revistageintec.v11i4.2302,2333,0.000000,Rocchio Nearest Centroid and Normalized Neural Network based Lead Generation in Social Media Marketing,2021,10.47059/revistageintec.v11i4.2302,Revista Gestão Inovação e Tecnologias,article,"Narayanan, Kumar S.; Suganya, S.",forward,openalex,doi:10.1007/s11747-020-00749-9,0
doi:10.47097/piar.1259927,2334,0.000000,Pazarlamada Yeni Paradigma: Fijitalleşme,2023,10.47097/piar.1259927,Pamukkale Üniversitesi İşletme Araştırmaları Dergisi,article,"TAŞKIN, Dildar; Kahraman, Hamit; Taşkın, Ercan",forward,openalex,doi:10.1007/978-3-319-68750-6_18,0
doi:10.47097/piar.1562412,2335,0.000000,The Role of Artificial Intelligence in Integrated Marketing Communication: An Evaluation of ChatGPT,2024,10.47097/piar.1562412,Pamukkale Üniversitesi İşletme Araştırmaları Dergisi,article,"Yoldaş, Ebru Nur; AYCI, Ali",forward,openalex,doi:10.1007/s11747-019-00696-0|doi:10.1016/j.bushor.2019.12.002|doi:10.1177/0008125619859317,0
doi:10.47107/inifedergi.1242957,2336,0.000000,SANAL BİR INFLUENCER ÜZERİNE DUYGU ANALİZİ: AY PERA,2023,10.47107/inifedergi.1242957,İNİF E - Dergi,article,"BAYÇU, Sevil; Artukarslan, Betül",forward,openalex,doi:10.1016/j.bushor.2019.12.002,0
doi:10.47134/jbkd.v2i4.4515,2337,0.000000,Tren Komunikasi Pemasaran Berbasis AI dan Personalisasi,2025,10.47134/jbkd.v2i4.4515,Jurnal Bisnis dan Komunikasi Digital,article,"Adinta, Avril Salwaa; Ruby, Rafly Mayza; Marcelina, Sheren; Purwanto, Eko",forward,openalex,doi:10.1007/s11747-019-00696-0,0
doi:10.47172/2965-730x.sdgsreview.v5.n03.pe04503,2338,0.000000,Exploring King Khalid University Faculty Members’ Perspectives on Consumer Behavior and the Evolution of Marketing Strategies in the Age of Artificial Intelligence,2025,10.47172/2965-730x.sdgsreview.v5.n03.pe04503,Journal of Lifestyle and SDGs Review,article,"Al-Shahrani, Sultan Abdullah; Alhaj, Ali Albashir Mohammed",forward,openalex,doi:10.1007/s11747-019-00696-0,0
doi:10.47191/ijcsrr/v7-i8-16,2339,0.000000,Driving Business Growth through Data Decision Making: The Role of Marketing Automation,2024,10.47191/ijcsrr/v7-i8-16,International Journal of Current Science Research and Review,article,"Johanes, Budi; Siallagan, Manahan",forward,openalex,doi:10.1007/s12599-015-0370-8,0
doi:10.47191/jefms/v7-i2-35,2340,0.000000,"AI Think with Me, Or Think for Me?",2024,10.47191/jefms/v7-i2-35,Journal of Economics Finance and Management Studies,article,"Jombang, STIE PGRI Dewantara; Rizky, Zaenur; Rofiah, Chusnul; Jombang, STIE PGRI Dewantara",forward,openalex,doi:10.1007/s11747-020-00749-9|doi:10.1016/j.techsoc.2020.101425,0
doi:10.47233/jteksis.v5i4.1057,2341,0.000000,Penerapan Articial Intelligence sebagai Stimulus Niat Beli Konsumen dalam Pemasaran Media Sosial,2023,10.47233/jteksis.v5i4.1057,Jurnal Teknologi Dan Sistem Informasi Bisnis,article,"Kusuma, Pradana Jati; Purusa, Nanda Adhi; Aqmala, Diana; Chasanah, Amalia Nur",forward,openalex,doi:10.1177/0008125619859317,0
doi:10.47353/ijema.v3i6.366,2342,0.000000,A Conceptual Review of Consumer Behavior in AI-Personalized Digital Environments,2025,10.47353/ijema.v3i6.366,International Journal of Economics Management and Accounting (IJEMA),article,"Jayadi, Usman",forward,openalex,doi:10.1007/s11747-019-00696-0,0
doi:10.47363/jaicc/2022(1)202,2343,0.000000,"""Real-Time Decision Making with Pega Customer Decision Hub: Transforming Customer Experience in the Digital Age""",2022,10.47363/jaicc/2022(1)202,Journal of Artificial Intelligence & Cloud Computing,article,"Tammana, Praveen Kumar",forward,openalex,doi:10.1007/s11747-019-00696-0,0
doi:10.47392/irjaem.2024.0023,2344,0.000000,Artificial Intelligence in Marketing,2024,10.47392/irjaem.2024.0023,International Research Journal on Advanced Engineering and Management (IRJAEM),article,"kagada, Jaya",backward,openalex,doi:10.58830/ozgur.pub610.c2595,0
doi:10.47542/sauied.1510772,2345,0.000000,Yiyecek İçecek İşletmelerinde Yapay Zekâ Tabanlı Pazarlama,2024,10.47542/sauied.1510772,Sakarya Üniversitesi İşletme Enstitüsü Dergisi,article,"İbiş, Salim",forward,openalex,doi:10.1007/s11747-020-00749-9,0
doi:10.47576/2949-1886.2025.6.6.003,2346,0.000000,Автоматизированное принятие решений в real-time маркетинге: как AI управляет точками контакта на этапах воронки,2025,10.47576/2949-1886.2025.6.6.003,Industrial Economics,article,"Мищенко, Е.В.; Левченко, К.В.; Егикян, Г.Р.; Данилина, Я.В.; Смирнова, Ирина",forward,openalex,doi:10.1007/s11747-020-00749-9,0
doi:10.47576/2949-1894.2026.2.2.013,2347,0.000000,Использование искусственного интеллекта для повышения эффективности маркетинга вторичной недвижимости,2026,10.47576/2949-1894.2026.2.2.013,Innovative Economy Information Analytics Forecasts,article,"Казарян, С.А.",forward,openalex,doi:10.1007/s11747-019-00696-0|doi:10.1007/s11747-020-00749-9,0
doi:10.47576/2949-1908.2024.28.83.026,2348,0.000000,Трансформация комплекса маркетинга на фоне стратегического развития искусственного интеллекта,2025,10.47576/2949-1908.2024.28.83.026,The Applied Economic Researches Journal,article,"Левченко, В.О.",forward,openalex,doi:10.1007/s11747-020-00749-9,0
doi:10.47577/business.v10i.11903,2349,0.000000,"Omnichannel Marketing in the Digital Age: Creating Consistent, Personalized and Connected Customer Experiences",2024,10.47577/business.v10i.11903,Technium Business and Management,article,"Darvidou, Konstantia",forward,openalex,doi:10.1016/j.indmarman.2019.12.008,0
doi:10.47577/tssj.v45i1.9133,2350,0.000000,The Promise and Peril of Big Data in Driving Consumer Engagement,2023,10.47577/tssj.v45i1.9133,Technium Social Sciences Journal,article,"Vasilopoulou, Christina; Theodorakopoulos, Leonidas; Igoumenakis, Giorgos",backward,openalex,doi:10.58830/ozgur.pub610.c2592|doi:10.58830/ozgur.pub610.c2595,0
doi:10.47577/tssj.v55i1.10651,2351,0.000000,Artificial Intelligence in Marketing Communication: A Comprehensive Exploration of the Integration and Impact of AI,2024,10.47577/tssj.v55i1.10651,Technium Social Sciences Journal,article,"Şenyapar, Hafize Nurgül Durmuş",forward,openalex,doi:10.1007/978-3-030-12453-3_143|doi:10.1007/s11747-019-00696-0|doi:10.1016/j.bushor.2019.12.002,0
doi:10.47611/jsrhs.v12i1.3890,2352,0.000000,A Qualitative Examination of the Influence of AI on Social Media Companies,2023,10.47611/jsrhs.v12i1.3890,Journal of Student Research,article,"Monroe, Braden",forward,openalex,doi:10.1007/s11747-019-00696-0,0
doi:10.47772/ijriss.2021.5830,2353,0.000000,The Unprotected Port: A Legal Appraisal of DataDriven (Programmatic) Advertising In Nigeria,2021,10.47772/ijriss.2021.5830,International Journal of Research and Innovation in Social Science,article,"Bakare, Samuel Omodolapo; Ogundele, Tolulope",backward|forward,crossref|openalex,doi:10.1007/978-3-031-96930-0_11|doi:10.1007/978-3-319-25023-6_1|doi:10.1016/j.techfore.2019.03.020|doi:10.3145/epi.2017.mar.06,0
doi:10.47813/2782-5280-2025-4-4-4016-4026,2354,0.000000,"The evolution and impact of digital marketing: a multi-methodological analysis of trends, collaborations, and scholarly contributions",2025,10.47813/2782-5280-2025-4-4-4016-4026,Информатика Экономика Управление - Informatics Economics Management,article,"Rahman, Md Mizanur; Rayhan, Zahir; Hasan, Mehedi; Mia, Aowlad; Podder, Rani",forward,openalex,doi:10.1080/0965254x.2022.2148269,0
doi:10.47813/2782-5280-2026-5-2-2031-2043,2355,0.000000,"Artificial Intelligence in marketing: a systematic review of usage, integration, and strategic gaps",2026,10.47813/2782-5280-2026-5-2-2031-2043,Информатика Экономика Управление - Informatics Economics Management,review,"Selvalaxan, S.; Vivek, R.",forward,openalex,doi:10.1007/s11747-019-00696-0|doi:10.1007/s11747-020-00749-9,0
doi:10.47814/ijssrr.v8i7.2822,2356,0.000000,The Privacy Paradox in Personalised Advertising: Insights from Demographic and Behavioural Data in Delhi NCR,2025,10.47814/ijssrr.v8i7.2822,International Journal of Social Science Research and Review,article,"Chaudhary, Shivam",backward,crossref|openalex,doi:10.3390/jtaer21060179,0
doi:10.48047/pne.2019.56.1.21,2357,0.000000,Investigating the Role of Big Data Analytics in Market Segmentation and Targeting: A Quantitative Investigation,2023,10.48047/pne.2019.56.1.21,,article,"Negi, Rakshit",backward,openalex,doi:10.58830/ozgur.pub610.c2592|doi:10.58830/ozgur.pub610.c2595,0
doi:10.48064/equinox.1902332,2358,0.000000,Yapay Zeka Destekli Müşteri Deneyimi: Araştırma Eğilimlerinin Bibliyometrik Analizi,2026,10.48064/equinox.1902332,Equinox Journal of Economics Business and Political Studies,article,"Öztürk, Resul",forward,openalex,doi:10.1108/ijrdm-08-2020-0312,0
doi:10.48082/espacios-a26v47n01i11,2359,0.000000,El impacto de la inteligencia artificial en el marketing de las empresas del IBEX35,2026,10.48082/espacios-a26v47n01i11,ESPACIOS,article,"CARRERA-HERRERA, Juan J.; MUÑOZ, Pablo",forward,openalex,doi:10.1007/s11747-020-00749-9,0
doi:10.48090/ciki.v1i1.1253,2360,0.000000,APLICAÇÕES DE ANÁLISE DE DADOS PARA VENDAS INTERNAS E GESTÃO DE LEADS,2023,10.48090/ciki.v1i1.1253,Anais ... Congresso Internacional do Conhecimento e Inovação,conference-paper,"Artese, Leticia; Gonçalves, Alexandre Leopoldo; Hahn, Charlon Da Silva",forward,openalex,doi:10.1016/j.indmarman.2019.12.008,0
doi:10.48175/ijarsct-17823,2361,0.000000,The Use of AI in Personalized Marketing: Balancing Benefits and Privacy Concerns,2024,10.48175/ijarsct-17823,International Journal of Advanced Research in Science Communication and Technology,article,"Yadav, Mandeep; Kumar, Amitesh; Jha, Rachit",forward,openalex,doi:10.1007/s11747-019-00696-0|doi:10.1016/j.bushor.2019.12.002,0
doi:10.48175/ijarsct-31344,2362,0.000000,The Business of Emotions: How AI is Learning to Monetize Your Mood,2026,10.48175/ijarsct-31344,International Journal of Advanced Research in Science Communication and Technology,article,"S, Raamiz and Reshma",forward,openalex,doi:10.1007/s11747-020-00749-9,0
doi:10.48175/ijarsct-31369,2363,0.000000,Impact of Artificial Intelligence Driven Personalization on Consumer Purchase Decisions in Social Media,2026,10.48175/ijarsct-31369,International Journal of Advanced Research in Science Communication and Technology,article,"W, Lakshmi V, Sindhu T R, Stefy I",forward,openalex,doi:10.1007/s11747-020-00749-9,0
doi:10.48175/ijarsct-36208,2364,0.000000,The Personalisation–Privacy Paradox in AI-Driven Digital Travel Platforms: The Role of Trust in Consumer Booking Behaviour,2026,10.48175/ijarsct-36208,International Journal of Advanced Research in Science Communication and Technology,article,"Hussain, Vipul P. Karnik and Nazim",forward,openalex,doi:10.1007/s11747-020-00749-9,0
doi:10.48175/ijarsct-37862,2365,0.000000,Impact of AI on Consumer Behavior and Personalization,2026,10.48175/ijarsct-37862,International Journal of Advanced Research in Science Communication and Technology,article,"Mane, Baban Suresh",forward,openalex,doi:10.1007/s11747-019-00696-0|doi:10.1007/s11747-020-00749-9,0
doi:10.48550/arxiv.2107.14019,2366,0.000000,Who Owns the Data? A Systematic Review at the Boundary of Information Systems and Marketing,2021,10.48550/arxiv.2107.14019,arXiv (Cornell University),review,"France, Stephen L.; Vaghefi, Mahyar Sharif; Kazandjian, Brett",forward,openalex,doi:10.1016/j.eswa.2018.11.002,0
doi:10.5120/ijca2023922707,2367,0.000000,A Study on the Impact of “Personalized Marketing” on Customer Satisfaction and Loyalty in Retail Fashion in 2023,2023,10.5120/ijca2023922707,International Journal of Computer Applications,article,"Chhabria, Sweety Gupta; Gupta, S. K.; Gupta, Hanisha",forward,openalex,doi:10.1007/s11747-019-00696-0,0
doi:10.51201/jusst/21/08419,2368,0.000000,The Transformation Of Marketing By Ai,2021,10.51201/jusst/21/08419,Journal of University of Shanghai for Science and Technology,article,"Kiran, K V Bhanu",forward,openalex,doi:10.1007/s11747-019-00696-0,0
doi:10.51263/jameb.v6i1.132,2369,0.000000,Artificial Intelligence Effect on Marketing Mix,2021,10.51263/jameb.v6i1.132,Jurnal Aplikasi Manajemen Ekonomi dan Bisnis,article,"Djermani, Farouk; Hajimia, Hafizah",forward,openalex,doi:10.1007/s11747-020-00749-9,0
doi:10.51431/bbf.v10i3.690,2370,0.000000,influencia de la inteligencia artificial en el futuro del marketing,2021,10.51431/bbf.v10i3.690,Big Bang Faustiniano,article,"Bravo, Juan Carlos Chávez",forward,openalex,doi:10.1007/s11747-019-00696-0,0
doi:10.51473/rcmos.v1i2.2025.1885,2371,0.000000,Adoção de ferramentas de inteligência artificial no marketing digital: evidências empíricas e desafios em pequenas empresas de moda feminina em Sobral-CE,2025,10.51473/rcmos.v1i2.2025.1885,RCMOS - Revista Científica Multidisciplinar O Saber,article,"Silva, Ellen Victor da; Ribeiro, Rogeane Morais; Orlanda, Raimundo Pedro Justino de",forward,openalex,doi:10.1007/s11747-019-00696-0,0
doi:10.51544/jlmk.v8i2.5120,2372,0.000000,Transformasi Komunikasi Pemasaran di Era Artificial Intelligence,2024,10.51544/jlmk.v8i2.5120,JURNAL LENSA MUTIARA KOMUNIKASI,article,"Aulia, Dinni",forward,openalex,doi:10.1007/s11747-020-00749-9|doi:10.1108/wjemsd-08-2020-0099,0
doi:10.51583/ijltemas.2025.14020019,2373,0.000000,"Artificial Intelligence for Big Data in Modern Marketing: A Review about Trends, Applications, and Challenges.",2025,10.51583/ijltemas.2025.14020019,International Journal of Latest Technology in Engineering Management & Applied Science,article,"Uwimana, Chantal; Niyigena, Clemence; Nshutiyimana, Gedeon; Umutoniwase, Epiphanie",forward,openalex,doi:10.1080/0965254x.2018.1493523|doi:10.1504/ijbdm.2020.106876,0
doi:10.51583/ijltemas.2025.1411000109,2374,0.000000,How Anthropomorphism And Initial Trust Shape Chatbot Customer Experience? The Moderating Role Of Technology Anxiety,2025,10.51583/ijltemas.2025.1411000109,International Journal of Latest Technology in Engineering Management & Applied Science,article,"Baati, Ons",forward,openalex,doi:10.1108/ijrdm-08-2020-0312,0
doi:10.51583/ijltemas.2026.15020000075,2375,0.000000,AI-Driven Marketing Communications and Herbal Drugs Brand Awareness Among Retirees in Southwest Nigeria,2026,10.51583/ijltemas.2026.15020000075,International Journal of Latest Technology in Engineering Management & Applied Science,article,"Sadamoro, F. (Ph. D); Olukorede, B. B. (Ph. D); Ayodele, O. O",forward,openalex,doi:10.1007/s11747-020-00749-9,0
doi:10.51583/ijltemas.2026.150600071,2376,0.000000,"Influence of Virtual Influencer Credibility, AI-Generated Content Quality, Parasocial Interaction and Digital Trust on Purchase Intention",2026,10.51583/ijltemas.2026.150600071,International Journal of Latest Technology in Engineering Management & Applied Science,article,"Singh, S. N.; Bhardwaj, Dr. Ravindra",forward,openalex,doi:10.1007/s11747-019-00696-0|doi:10.1007/s11747-020-00749-9,0
doi:10.51594/csitrj.v5i7.1349,2377,0.000000,Machine learning software for optimizing SME social media marketing campaigns,2024,10.51594/csitrj.v5i7.1349,Computer Science & IT Research Journal,article,"Kedi, Wagobera Edgar; Ejimuda, Chibundom; Idemudia, Courage; Ijomah, Tochukwu Ignatius",backward,openalex,doi:10.58830/ozgur.pub610.c2592|doi:10.58830/ozgur.pub610.c2595,0
doi:10.51594/ijmer.v6i7.1327,2378,0.000000,AI Chatbot integration in SME marketing platforms: Improving customer interaction and service efficiency,2024,10.51594/ijmer.v6i7.1327,International Journal of Management & Entrepreneurship Research,article,"Kedi, Wagobera Edgar; Ejimuda, Chibundom; Idemudia, Courage; Ijomah, Tochukwu Ignatius",backward,openalex,doi:10.58830/ozgur.pub610.c2595,0
doi:10.51867/aqssr.3.1.47,2379,0.000000,"Leveraging artificial intelligence for customer personalization: Insights from banks located in Mwanza City, Tanzania",2026,10.51867/aqssr.3.1.47,African Quarterly Social Science Review,article,"Odilah, Thomas John",forward,openalex,doi:10.1007/s11747-020-00749-9,0
doi:10.51903/jimeb.v2i2.607,2380,0.000000,Peran Sistem Informasi Pemasaran dalam Mengelola Proses Pemasaran Melalui Digital Marketing,2023,10.51903/jimeb.v2i2.607,Jurnal Ilmiah Manajemen Ekonomi dan Bisnis,article,"Purwanti, Aldina Esty; Lupiana, Feri",forward,openalex,doi:10.1016/j.techsoc.2020.101425,0
doi:10.52000/jsi.v3i4.140,2381,0.000000,POTENTIAL USE OF ARTIFICIAL INTELLIGENCE FOR DIGITAL PROMOTIONAL VIDEO: NEUROMARKETING APPROACH,2023,10.52000/jsi.v3i4.140,Jurnal Studi Inovasi,article,"Jastacia, Bella; Akbar, Deni Adha",forward,openalex,doi:10.1177/0008125619859317,0
doi:10.52058/2786-5274-2024-8(36)-768-785,2382,0.000000,ТРАНСФОРМАЦІЯ МАРКЕТИНГУ В ЕРУ ШТУЧНОГО ІНТЕЛЕКТУ: СУЧАСНІ ТЕНДЕНЦІЇ ТА ПЕРСПЕКТИВИ РОЗВИТКУ,2024,10.52058/2786-5274-2024-8(36)-768-785,Наукові інновації та передові технології,article,"Дербенцев, Василь; Даценко, Наталія; Ахмедов, Ренат; Росошенко, Володимир; Мислинський, Дмитро",forward,openalex,doi:10.1007/s11747-019-00696-0|doi:10.1007/s11747-020-00749-9|doi:10.1177/0008125619859317,0
doi:10.52096/jsrbs.8.16.21,2383,0.000000,Müşteri Deneyimini İyileştirmede Yapay Zeka Uygulamaları: Çevrimiçi Perakende Firması Örneği,2022,10.52096/jsrbs.8.16.21,Journal of Social Research and Behavioral Sciences,article,"TUTSAL, Ediz; Ventura, Keti",forward,openalex,doi:10.1108/ijrdm-08-2020-0312,0
doi:10.5210/spir.v2023i0.13498,2384,0.000000,GET WITH THE PROGRAM: PROGRAMMATIC ADVERTISING AND THE DATAFICATION OF PODCAST AUDIENCES,2023,10.5210/spir.v2023i0.13498,AoIR Selected Papers of Internet Research,article,"Sullivan, John L.",forward,openalex,doi:10.1007/978-3-319-25023-6_1,0
doi:10.5220/0007395502560265,2385,0.000000,A Reinforcement Learning Method to Select Ad Networks in Waterfall Strategy,2019,10.5220/0007395502560265,TU/e Research Portal,conference-paper,"Afshar, R.; Zhang, Yingqian; Fırat, Murat; Kaymak, Uzay",backward|forward,crossref|openalex,doi:10.1007/978-3-319-25023-6_1|doi:10.1109/cifer.2019.8759106|doi:10.5220/0007395502560265,0
doi:10.5220/0010214603310336,2386,0.000000,The Impact of the Transparency Consent Framework on Current Programmatic Advertising Practices,2020,10.5220/0010214603310336,,conference-paper,"Pawlata, Hubert; Cakir, Gültekin",backward,crossref|openalex,doi:10.1007/978-3-031-96930-0_11,0
doi:10.52403/ijrr.20260644,2387,0.000000,Prioritizing Critical Success Factors for Artificial Intelligence (AI) Adoption in Marketing among Small and Medium Sized Enterprises in Vietnam,2026,10.52403/ijrr.20260644,International Journal of Research and Review,article,"Ha, Nguyen Thi Thai",forward,openalex,doi:10.1007/s11747-020-00749-9|doi:10.1177/0008125619859317,0
doi:10.52589/ajsshr-w41ps6hn,2388,0.000000,"Communication Students’ Perception of AI in Planning, Creating and Disseminating Advertisement",2025,10.52589/ajsshr-w41ps6hn,African Journal of Social Sciences and Humanities Research,article,"Nwodu, G. E.; Obiora, A. V.; Agbachukwu, P. I.",forward,openalex,doi:10.1080/00913367.2019.1654421,0
doi:10.52589/bjmms-o74rrgav,2389,0.000000,When AI Advertising Gets Smarter: The Role of AI-Agencies in Forming Brand Loyalty,2026,10.52589/bjmms-o74rrgav,British Journal of Management and Marketing Studies,article,"Alrayes, Nouf",forward,openalex,doi:10.1080/00913367.2019.1654421,0
doi:10.52633/jms.v4i2.210,2390,0.000000,Transformation of Marketing Decisions through Artificial Intelligence and Digital Marketing,2022,10.52633/jms.v4i2.210,Journal of Marketing Strategies,article,"Zaman, Khansa",forward,openalex,doi:10.1007/s11747-019-00696-0|doi:10.1007/s11747-020-00749-9|doi:10.1016/j.bushor.2019.12.002,0
doi:10.5267/j.msl.2019.11.036,2391,0.000000,The analysis of customer satisfaction factors which influence chatbot acceptance in Indonesia,2019,10.5267/j.msl.2019.11.036,Management Science Letters,article,"Sanny, Lim; Susastra, Ari Clementin; Roberts, Choky; Yusramdaleni, Reflia",backward,openalex,doi:10.1108/ijrdm-08-2020-0312,0
doi:10.52783/eel.v13i5.831,2392,0.000000,Impact of Artificial Intelligence in Online Customer Satisfaction: An Empirical Study using Multiple Regression Analysis,2023,10.52783/eel.v13i5.831,,article,"Singh, Nirmal",forward,openalex,doi:10.1007/s11747-019-00696-0,0
doi:10.52783/eel.v15i3.3386,2393,0.000000,Effectiveness of generative AI and graphic design in fostering consumer engagement,2025,10.52783/eel.v15i3.3386,European Economic Letters (EEL),article,"Shah, Maahi",forward,openalex,doi:10.1007/978-3-030-72080-3_20,0
doi:10.52783/jier.v3i2.433,2394,0.000000,Precision Marketing Strategy for E-Commerce By Using Big Data Technology,2023,10.52783/jier.v3i2.433,Journal of Informatics Education and Research,article,"Saluja, A. S.",backward,openalex,doi:10.58830/ozgur.pub610.c2592|doi:10.58830/ozgur.pub610.c2595,0
doi:10.52783/jier.v4i1.514,2395,0.000000,Determinants of Consumers’ Attitudes Towards AI-Enabled Advertising Over Social Media in Indian Context: Applying and Extending the Technology Acceptance Model,2024,10.52783/jier.v4i1.514,Journal of Informatics Education and Research,article,"Kumar, Arun",forward,openalex,doi:10.1080/00913367.2019.1654421|doi:10.1080/00913367.2022.2111728,0
doi:10.52783/jier.v4i1.601,2396,0.000000,Digital Marketing Strategies to Improve Customer Experience and Engagement,2024,10.52783/jier.v4i1.601,Journal of Informatics Education and Research,article,"Bajeja, Niharika",backward,openalex,doi:10.58830/ozgur.pub610.c2592|doi:10.58830/ozgur.pub610.c2595,0
doi:10.52783/jisem.v10i16s.2674,2397,0.000000,Digitalisation’s Impact on Global Entrepreneurship and Marketing Strategies,2025,10.52783/jisem.v10i16s.2674,Journal of Information Systems Engineering & Management,article,"Ptashchеnko, Olеna",seed,seed,,0
doi:10.52783/tjjpt.v44.i4.1735,2398,0.000000,"Exploring The Effects of Conversational Marketing and Artificial Intelligence on Customer Engagement - A Comprehensive Literature Review.""",2023,10.52783/tjjpt.v44.i4.1735,Journal of Propulsion Technology,article,"Bhagyalakshmi, Ms. G. Shehnaz Begam Dr. R.",forward,openalex,doi:10.1007/s11747-019-00696-0,0
doi:10.5281/zenodo.4030215,2399,0.000000,A NEW BUSINESS MARKETING TOOL: CHATBOT,2020,10.5281/zenodo.4030215,,article,"BARIŞ, Ayşe",backward,openalex,doi:10.58830/ozgur.pub610.c2595,0
doi:10.5281/zenodo.7945040,2400,0.000000,Phygital: Toward the empowerment of the customer and the competitiveness of the retail businesses,2023,10.5281/zenodo.7945040,Zenodo (CERN European Organization for Nuclear Research),article,"BADIA, Kenza EL; Assoud, Mohamed; Wahabi, Rachid",backward,openalex,doi:10.58830/ozgur.pub610.c2592|doi:10.58830/ozgur.pub610.c2595,0
doi:10.52835/19maysbd.1445578,2401,0.000000,Pazarlamada Yapay Zekanın Bibliyometrik Analiz Yöntemi ile İncelenmesi,2024,10.52835/19maysbd.1445578,19 Mayıs Sosyal Bilimler Dergisi,article,"HARMANDAROĞLU, Seyda Fatih",forward,openalex,doi:10.1007/s11747-019-00696-0,0
doi:10.52970/grmilf.v3i1.398,2402,0.000000,Optimizing Marketing Management Strategies Through IT Innovation: Big Data Integration for Better Consumer Understanding,2023,10.52970/grmilf.v3i1.398,Golden Ratio of Mapping Idea and Literature Format,article,"Putra, Aditya Halim Perdana Kusuma; Rivera, Kevin M.; Pramukti, Andika",backward|forward,openalex,doi:10.1007/978-981-13-3338-5_1|doi:10.58830/ozgur.pub610.c2595,0
doi:10.52970/grmilf.v4i2.356,2403,0.000000,Building Competitive Advantage Through Information Technology Integration in Marketing and Branding Management Strategies,2024,10.52970/grmilf.v4i2.356,Golden Ratio of Mapping Idea and Literature Format,article,"Mariam, Siti",backward|forward,openalex,doi:10.1007/978-981-13-3338-5_1|doi:10.52970/grmilf.v4i2.356,0
doi:10.53032/tvcr/2026.v8n2.07,2404,0.000000,A Study on the Role of Artificial Intelligence in Consumer Decision Making in Karimnagar City,2026,10.53032/tvcr/2026.v8n2.07,The Voice of Creative Research,article,"Mamatha, Doosa",forward,openalex,doi:10.1007/s11747-019-00696-0|doi:10.1007/s11747-020-00749-9,0
doi:10.53422/jdms.2024.111913,2405,0.000000,Facilitating AI in the Domain of Digital Marketing in Chennai City,2023,10.53422/jdms.2024.111913,Journal of Development Economics and Management Research Studies,article,"Kieran, S.; Krishna, Jaya",forward,openalex,doi:10.1108/wjemsd-08-2020-0099,0
doi:10.53443/anadoluibfd.1532705,2406,0.000000,HİPER-KİŞİSELLEŞTİRME UYGULAMALARININ TÜKETİCİNİN ÇEVRİMİÇİ ETKİLEŞİME DEVAM ETME DAVRANIŞINA ETKİSİ,2025,10.53443/anadoluibfd.1532705,Anadolu Üniversitesi İktisadi ve İdari Bilimler Fakültesi Dergisi,article,"Holzer, Şebnem Başimi; Alptekin, Nesrin",forward,openalex,doi:10.1007/s11747-019-00696-0,0
doi:10.53469/ijomsr.2025.08(01).05,2407,0.000000,New Marketing Models in the Context of Digital Marketing,2025,10.53469/ijomsr.2025.08(01).05,International Journal of Management Science Research,article,"Qiao, Shichao",forward,openalex,doi:10.1016/j.jik.2020.08.001|doi:10.1108/wjemsd-08-2020-0099,0
doi:10.53555/ajbr.v27i4s.5665,2408,0.000000,Evaluating The Integration Of Ai In Digital Marketing Automation,2024,10.53555/ajbr.v27i4s.5665,African Journal of Biomedical Research,article,"Ahuja, Prof. Rahul",forward,openalex,doi:10.1007/s11747-020-00749-9|doi:10.1108/wjemsd-08-2020-0099,0
doi:10.53555/jptcp.v31i1.3954,2409,0.000000,AI-DRIVEN TRANSFORMATIONS IN HEALTHCARE MARKETING: A QUALITATIVE INQUIRY INTO THE EVOLUTION AND IMPACT OF ARTIFICIAL INTELLIGENCE ON ONLINE STRATEGIES,2024,10.53555/jptcp.v31i1.3954,,article,"Khan, Khurram; Imran, Asma; Nadir, Rana",forward,openalex,doi:10.1007/s11747-019-00696-0,0
doi:10.53623/jdmc.v6i2.1274,2410,0.000000,From Invisible to Unstoppable: How AI and Digital Marketing Transform IT Consulting Start-ups,2026,10.53623/jdmc.v6i2.1274,Journal of Digital Marketing and Communication,article,"Khanfir, Rym",forward,openalex,doi:10.1007/s11747-020-00749-9,0
doi:10.53728/2765-6500.1577,2411,0.000000,"Who Makes You More Disappointed? The Effect of Avatar Presentation, Company Market Status, and Agent Identity on Customers’ Perceived Service Quality and Satisfaction of Online Chatting Services",2021,10.53728/2765-6500.1577,ASIA MARKETING JOURNAL,article,"Park, Sangwoo; Choi, Woo Jin; Shin, Dongwoo",backward,crossref|openalex,doi:10.1080/23311975.2024.2427428,0
doi:10.53728/2765-6500.1637,2412,0.000000,Do People Really Care if it's Phygital Retail? Exploring the Relationship Between Customer Experiences and Customer Behaviors,2024,10.53728/2765-6500.1637,ASIA MARKETING JOURNAL,article,"Liu, LiMei; Lee, Seong Ho",backward,crossref|openalex,doi:10.1155/hbe2/6675139,0
doi:10.53730/ijhs.v6ns2.7025,2413,0.000000,Impact of artificial intelligence on consumer buying behaviors,2022,10.53730/ijhs.v6ns2.7025,International Journal of Health Sciences,article,"Khan, Sohail Imran",forward,openalex,doi:10.1007/s11747-019-00696-0|doi:10.1007/s11747-020-00749-9,0
doi:10.54033/cadpedv21n6-060,2414,0.000000,A reconfiguração da identidade digital: impactos do neuromarketing e da inteligência artificial na percepção e comportamento do consumidor,2024,10.54033/cadpedv21n6-060,Caderno Pedagógico,article,"Santana, Ísis Terezinha Santos de; Jankowitsch, Jhonata; Costa, Robson Antônio Tavares; Silveira, Francis Moreira da",forward,openalex,doi:10.1007/s11747-019-00696-0,0
doi:10.54097/hbem.v10i.8115,2415,0.000000,Applying Machine Learning to Luxury Marketing: Utilizing Prediction Model to Develop Brand Strategy,2023,10.54097/hbem.v10i.8115,Highlights in Business Economics and Management,article,"Jing, Qian",backward,openalex,doi:10.58830/ozgur.pub610.c2595,0
doi:10.54097/hbem.v10i.8135,2416,0.000000,Research on Marketing Methods based on Machine Learning Model,2023,10.54097/hbem.v10i.8135,Highlights in Business Economics and Management,article,"Yu, Qingyuan",forward,openalex,doi:10.1007/s11747-020-00749-9|doi:10.1177/18393349211037684,0
doi:10.54220/6915.2024.94.68.009,2417,0.000000,Инновации в маркетинге на промышленных предприятиях с использованием систем искусственного интеллекта,2024,10.54220/6915.2024.94.68.009,Учет и статистика,article,"M., D.; N., Venkata Subramanian",forward,openalex,doi:10.1007/s11747-020-00749-9,0
doi:10.54241/2065-004-003-020,2418,0.000000,"Artificial Intelligence ""AI"":, Marketing Touchpoints",2021,10.54241/2065-004-003-020,,article,"Abi, Khalida; Zakraoui, Salah; Benahmed, Ahmed",backward,openalex,doi:10.1080/0965254x.2022.2148269,0
doi:10.54254/2753-7102/2025.23436,2419,0.000000,"Legal and ethical challenges in digital advertising: addressing false advertising, privacy violations, and consumer manipulation through algorithmic and data-driven advertising systems",2025,10.54254/2753-7102/2025.23436,Advances in Social Behavior Research,article,"Cheng, Xiaofeng",forward,openalex,doi:10.1108/wjemsd-08-2020-0099,0
doi:10.54254/2754-1169/101/20231661,2420,0.000000,Effect of Different Chatbot Features on Customer Satisfaction in E-commerce,2024,10.54254/2754-1169/101/20231661,Advances in Economics Management and Political Sciences,article,"Ding, Jiangmeng; Wang, Xing; Chen, Xiang; Li, Mingze",forward,openalex,doi:10.1108/ijrdm-08-2020-0312,0
doi:10.54254/2754-1169/2024.19326,2421,0.000000,The Influence of AI in Marketing,2025,10.54254/2754-1169/2024.19326,Advances in Economics Management and Political Sciences,article,"Wang, Shuo",forward,openalex,doi:10.1177/0008125619859317,0
doi:10.54254/2754-1169/2025.22139,2422,0.000000,Predicting Consumer Purchase Propensity in Communication Studies Using Big Data and Artificial Intelligence,2025,10.54254/2754-1169/2025.22139,Advances in Economics Management and Political Sciences,article,"Li, Yi",forward,openalex,doi:10.1007/s11747-019-00696-0|doi:10.1007/s11747-020-00749-9,0
doi:10.54254/2754-1169/51/20230651,2423,0.000000,"Investigating the Impact and Effectiveness of Digital Marketing on Brand Awareness, Sales and Customer Engagement",2023,10.54254/2754-1169/51/20230651,Advances in Economics Management and Political Sciences,article,"Wan, Yuxuan",backward,openalex,doi:10.58830/ozgur.pub610.c2592|doi:10.58830/ozgur.pub610.c2595,0
doi:10.54254/2754-1169/92/20231109,2424,0.000000,Generative AI Impact on Marketing Agency,2024,10.54254/2754-1169/92/20231109,Advances in Economics Management and Political Sciences,article,"Hu, Xinran",forward,openalex,doi:10.1007/s11747-020-00749-9,0
doi:10.54254/2754-1169/92/20231411,2425,0.000000,Data Analysis of Customer Segmentation and Personalized Strategy in the Era of Big Data,2024,10.54254/2754-1169/92/20231411,Advances in Economics Management and Political Sciences,article,"Sun, Chen",forward,openalex,doi:10.1007/s11747-020-00749-9,0
doi:10.54254/3029-0880/2025.21864,2426,0.000000,Optimizing marketing strategies and personalized recommendation systems through precision advertising and customer segmentation with artificial intelligence and business intelligence,2025,10.54254/3029-0880/2025.21864,Advances in Operation Research and Production Management,article,"Wang, Zhexu",forward,openalex,doi:10.1007/s11747-020-00749-9,0
doi:10.54392/ajir26112,2427,0.000000,AI-Driven Service Quality in E-Commerce: Expectation–Perception Gaps Using Interval-Valued Pythagorean Fuzzy Analysis,2026,10.54392/ajir26112,Asian Journal of Interdisciplinary Research,article,"Ch, Paramaiah; Nalluri, Venkateswarlu; Chang, Jing–Rong; Dalavai, Sudhir Babu; V.V, Ajith Kumar; Kumar, Sanjay",forward,openalex,doi:10.1108/ijrdm-08-2020-0312,0
doi:10.54404/jts.2025.199v.02,2428,0.000000,Ảnh hưởng của cảm nhận đánh đổi khi sử dụng dịch vụ hỗ trợ bởi AI đến quyết định mua hàng trực tuyến: Vai trò của chất lượng dịch vụ điện tử và hình ảnh thương hiệu,2025,10.54404/jts.2025.199v.02,Tạp chí Khoa học Thương mại,article,"Van, Chien Le",forward,openalex,doi:10.1007/s11747-019-00696-0,0
doi:10.54404/jts.2025.200v.05,2429,0.000000,Hành vi sử dụng chatbot trong bán lẻ điện tử: Vai trò của giá trị thông tin và cảm nhận thông minh,2025,10.54404/jts.2025.200v.05,Tạp chí Khoa học Thương mại,article,"Lê, Xuân Cù",forward,openalex,doi:10.1108/ijrdm-08-2020-0312,0
doi:10.54433/jdiis.2023100023,2430,0.000000,Perceived Challenges and Benefits of AI Implementation in Customer Relationship Management Systems,2023,10.54433/jdiis.2023100023,Journal of Digitovation and Information System,article,"Mazingue, Camilia",forward,openalex,doi:10.1007/s11747-019-00696-0,0
doi:10.54439/gupayad.1505890,2431,0.000000,Yapay Zekâ ve Influencer Pazarlamasının Kesişiminin Bibliyometrik Analiz ile İncelenmesi,2024,10.54439/gupayad.1505890,Güncel Pazarlama Yaklaşımları ve Araştırmaları Dergisi,article,"Aktaş, Öznur",forward,openalex,doi:10.1007/s11747-019-00696-0,0
doi:10.54439/gupayad.1536059,2432,0.000000,Yapay Zekâ ve Dijital Pazarlama Alanlarındaki Yayınların Bibliyometrik Analizi,2024,10.54439/gupayad.1536059,Güncel Pazarlama Yaklaşımları ve Araştırmaları Dergisi,article,"Şenli, Hasan Teyfik",forward,openalex,doi:10.1007/978-3-030-72080-3_20,0
doi:10.54439/gupayad.1922455,2433,0.000000,Pazarlama Sektöründe Yapay Zekâ Araştırmaları: 2015–2025 Dönemi Bibliyometrik Analizi,2026,10.54439/gupayad.1922455,Güncel Pazarlama Yaklaşımları ve Araştırmaları Dergisi,article,"Akbulut, Metin",forward,openalex,doi:10.1007/s11747-019-00696-0|doi:10.1007/s11747-020-00749-9,0
doi:10.54471/iqtishoduna.v13i1.2364,2434,0.000000,Exploring Small and Medium Enterprises' Intention to Adopt AI - Powered Chatbots in Halal Marketing Communications,2024,10.54471/iqtishoduna.v13i1.2364,IQTISHODUNA Jurnal Ekonomi Islam,article,"Nasution, Muhammad Dharma Tuah Putra; Rafiki, Ahmad; Rossanty, Yossie; Pahlufi, Cut Kesuma",forward,openalex,doi:10.1108/ijrdm-08-2020-0312,0
doi:10.54536/ajet.v3i3.3212,2435,0.000000,Website Visitor Analysis &amp; Branding Quality Measurement Using Artificial Intelligence,2024,10.54536/ajet.v3i3.3212,American Journal of Education and Technology,article,"Chanthati, Sasibhushan Rao",forward,openalex,doi:10.1007/s11747-020-00749-9|doi:10.1108/ijrdm-08-2020-0312,0
doi:10.54733/smar.1602880,2436,0.000000,Yapay Zekâ Destekli Ürünlerde Müşteri Deneyimi Nasıl Ölçülür? Türkiye’ye Özgü Bir Ölçek Uyarlaması,2025,10.54733/smar.1602880,Sosyal Mucit Academic Review,article,"Tuncal, Arif",forward,openalex,doi:10.1108/ijrdm-08-2020-0312,0
doi:10.54741/mjar/6.3.2026.319,2437,0.000000,AI-Driven Hyper-Personalisation and Consumer Usage Behaviour in Food Delivery Applications,2026,10.54741/mjar/6.3.2026.319,Management Journal for Advanced Research,article,"James, Kevin John; Praveena, K",forward,openalex,doi:10.1007/s11747-020-00749-9,0
doi:10.55028/don.v10i3.13269,2438,0.000000,EXPERIÊNCIA DO CONSUMIDOR E INTELIGÊNCIA ARTIFICIAL: UMA REVISÃO DA LITERATURA,2022,10.55028/don.v10i3.13269,Desafio Online,article,"Costa, Carla Christina Ravaneda da; Veiga, Cássia Rita Pereira da; Veiga, Claudimar Pereira da",forward,openalex,doi:10.1016/j.bushor.2019.12.002,0
doi:10.55041/ijsrem25001,2439,0.000000,Impact of Artificial Intelligence on Digital Marketing,2023,10.55041/ijsrem25001,INTERANTIONAL JOURNAL OF SCIENTIFIC RESEARCH IN ENGINEERING AND MANAGEMENT,article,"Kar, Shirsendu",backward,openalex,doi:10.58830/ozgur.pub610.c2595,0
doi:10.55041/ijsrem33410,2440,0.000000,Influence of Chatbot on Consumer Purchase Intention,2024,10.55041/ijsrem33410,INTERANTIONAL JOURNAL OF SCIENTIFIC RESEARCH IN ENGINEERING AND MANAGEMENT,article,"Kumari, Anisha",forward,openalex,doi:10.1108/ijrdm-08-2020-0312,0
doi:10.55041/ijsrem51309,2441,0.000000,Future Trends of B2C Marketing with Artificial Intelligence,2025,10.55041/ijsrem51309,INTERANTIONAL JOURNAL OF SCIENTIFIC RESEARCH IN ENGINEERING AND MANAGEMENT,article,"Tyagi, Mukund; Sirohi, Nikhil; Tyagi, Pallavi; Yadav, Kajal",forward,openalex,doi:10.1007/s11747-019-00696-0,0
doi:10.55041/ijsrem51633,2442,0.000000,The Transformative Role of Digital Marketing in Driving Sales Outcomes in the Fashion and Garment Sector,2025,10.55041/ijsrem51633,INTERANTIONAL JOURNAL OF SCIENTIFIC RESEARCH IN ENGINEERING AND MANAGEMENT,article,"R, DR. PANKAJAKSHI; NARASIMHAMURTY, C A",forward,openalex,doi:10.1007/s11747-019-00696-0,0
doi:10.55057/ijbtm.2023.5.3.22,2443,0.000000,"The Effectiveness of AI in Marketing ""Spotify Wrapped"": How it Affects Indonesian Customer's Engagement",2023,10.55057/ijbtm.2023.5.3.22,International Journal of Business and Technology Management,article,"Meidivia, Raysa Rasheesa; Novieningtyas, Annissaa; Naumovska, Ljupka",forward,openalex,doi:10.1007/s11747-020-00749-9,0
doi:10.55214/25768484.v8i6.3404,2444,0.000000,"Artificial intelligence in digital marketing automation: Enhancing personalization, predictive analytics, and ethical integration",2024,10.55214/25768484.v8i6.3404,Edelweiss Applied Science and Technology,article,"Islam, Md Ahadul; Fakir, Shafiqul Islam; Masud, Seaam Bin; Hossen, Md. Deluar; Islam, Md; Siddiky, Md Rafiuddin",backward,crossref|openalex,doi:10.1109/iccraids67816.2026.11519734,0
doi:10.55248/gengpi.2023.4227,2445,0.000000,Role of Artificial Intelligence (AI) in Changing Consumer Buying Behaviour,2023,10.55248/gengpi.2023.4227,International Journal of Research Publication and Reviews,article,"Biswas, Koushiki; b, Gourango Patra",forward,openalex,doi:10.1007/s11747-019-00696-0,0
doi:10.55248/gengpi.5.0424.0949,2446,0.000000,Aligning Forces: A Study of the Interplay Between Digital Marketing Strategies and Sales Performance,2024,10.55248/gengpi.5.0424.0949,International Journal of Research Publication and Reviews,article,"Chaudhari, Prof. Meghasham; Roy, Kaushani; Chauhan, Ajitsingh",forward,openalex,doi:10.1016/j.indmarman.2020.07.022,0
doi:10.55248/gengpi.6.0625.21107,2447,0.000000,AI-Powered Market Segmentation and Personalization Strategies for Enhancing Digital Product Lifecycle Management,2025,10.55248/gengpi.6.0625.21107,International Journal of Research Publication and Reviews,article,"Ikeh, Chioma Onyinye",forward,openalex,doi:10.1007/s11747-019-00696-0,0
doi:10.5539/ijbm.v15n7p120,2448,0.000000,The Impact of Digital Marketing on Consumer Buying Decision Process in the Egyptian Market,2020,10.5539/ijbm.v15n7p120,International Journal of Business and Management,article,"Omar, Amira M.; Atteya, Nermine Magdy",backward,crossref|openalex,doi:10.4018/ijdst.307953,0
doi:10.55452/1998-6688-2025-22-2-440-454,2449,0.000000,ANALYSIS OF BUSINESS PROCESS MODELING: A CASE OF PRIVATE TARGETED ADVERTISING AGENCY,2025,10.55452/1998-6688-2025-22-2-440-454,Herald of Kazakh-British technical university,article,"Ospanov, I. M.; Avinash, B. M.; Ilhamzhanov, R. K.",forward,openalex,doi:10.1080/00913367.2022.2111728,0
doi:10.55454/rcsas.3.12.2023.003,2450,0.000000,Exploring the Synergy: Integrating Machine Learning Algorithms and Human Expertise in a Hybrid Learning Model for Enhanced Marketing Strategies,2023,10.55454/rcsas.3.12.2023.003,The Review of Contemporary Scientific and Academic Studies,article,"S.V., Niranchana; Sirikonda, Shwetha",backward,openalex,doi:10.58830/ozgur.pub610.c2592|doi:10.58830/ozgur.pub610.c2595,0
doi:10.55529/jmcc.45.1.11,2451,0.000000,Exploring the Role of AI for Enhancement of Social Media Marketing,2024,10.55529/jmcc.45.1.11,Journal of Media Culture and Communication,article,"Aggarwal, Deepshikha; Sharma, Deepti; Saxena, Archana B.",forward,openalex,doi:10.1007/s11747-019-00696-0|doi:10.1007/s11747-020-00749-9|doi:10.1177/18393349211037684,0
doi:10.55609/yenimedya.1332353,2452,0.000000,Sosyal Medya Pazarlamasında Yapay Zekâ Teknolojilerinin Tüketim Alışkanlıkları Üzerindeki Rolü: Kuşaklar Arası Bir İnceleme,2024,10.55609/yenimedya.1332353,Yeni Medya Dergisi,article,"ŞİŞMAN, Özge ÖZKÖK; Coşgun, Asena Temelli",forward,openalex,doi:10.1007/s11747-020-00749-9,0
doi:10.55609/yenimedya.1434419,2453,0.000000,An Examination of the Utilization of Artificial Intelligence Technologies by Advertising Agencies,2024,10.55609/yenimedya.1434419,Yeni Medya Dergisi,article,"Bir, Görkem; AKSU, Simge",forward,openalex,doi:10.1080/00913367.2020.1795954,0
doi:10.55654/jfs.2024.9.sp.07,2454,0.000000,EXPLORING MARKETING TRANSFORMATION IN THE AGE OF ARTIFICIAL INTELLIGENCE,2024,10.55654/jfs.2024.9.sp.07,Journal of Financial Studies,article,"Hera, Octavian Dumitru",forward,openalex,doi:10.1007/s11747-019-00696-0|doi:10.1007/s11747-020-00749-9|doi:10.1016/j.ausmj.2020.04.002,0
doi:10.55677/gjefr/05-2025-vol02e1,2455,0.000000,The Impacts of Big Data Analytics and Artificial Intelligence on Marketing Strategies,2025,10.55677/gjefr/05-2025-vol02e1,Global journal of economic and finance research.,article,"Nwobodo, Luther Kington",forward,openalex,doi:10.1007/s11747-019-00696-0|doi:10.1177/0008125619859317,0
doi:10.5585/2026.27263,2456,0.000000,Measuring the efficiency of digital marketing automation tools in enhancing marketing performance: the mediating role of social influence,2026,10.5585/2026.27263,ReMark - Revista Brasileira de Marketing,article,"Rahman, Md Adnan; Emon, Md Mehedi Hasan; Khan, Tahsina; Ahmad, Jamee; Jahan, Sharmin; Zakari, Bukari; Hamid, Abu Bakar Abdul",forward,openalex,doi:10.1108/wjemsd-08-2020-0099,0
doi:10.5585/remark.v22i4.23979,2457,0.000000,What is digital transformation in Marketing? A bibliometric and scientometric analysis of an evolving topic,2023,10.5585/remark.v22i4.23979,ReMark - Revista Brasileira de Marketing,article,"Fernandes, Aleixo; Gabriel, Marcelo Luiz Dias da Silva",forward,openalex,doi:10.1016/j.bushor.2019.12.002|doi:10.1016/j.techsoc.2020.101425|doi:10.1177/0008125619859317,0
doi:10.55908/sdgs.v11i5.1175,2458,0.000000,Role of Artificial Intelligence Across Various Media Platforms: A Quantitative Investigation of Media Expert's Opinion,2023,10.55908/sdgs.v11i5.1175,Journal of Law and Sustainable Development,article,"Govindaraj, Manoj; Gnanasekaran, Chandramowleeswaran; Sivakulanthay, Thandayuthapani; Gnanamanickam, Stanley Vincent",forward,openalex,doi:10.1007/978-3-030-12453-3_143|doi:10.1108/wjemsd-08-2020-0099,0
doi:10.55927/ajabm.v4i2.223,2459,0.000000,The Impact of Artificial Intelligence on Operational Efficiency in Marketing Management,2025,10.55927/ajabm.v4i2.223,Asian Journal of Applied Business and Management,article,"Ngabalin, Anna M.",forward,openalex,doi:10.1007/s11747-019-00696-0|doi:10.1007/s11747-020-00749-9,0
doi:10.55927/eajmr.v2i3.3112,2460,0.000000,Impact of artificial intelligence on marketing,2023,10.55927/eajmr.v2i3.3112,East Asian Journal of Multidisciplinary Research,article,"Shaik, Mahabub",backward|forward,crossref|openalex,doi:10.1007/978-3-658-46399-1_72-1|doi:10.1007/s11747-019-00696-0,0
doi:10.55927/jambak.v2i1.4034,2461,0.000000,Implementation of Artificial Intelligence in Digital Marketing Development: a Thematic Review and Practical Exploration,2023,10.55927/jambak.v2i1.4034,Jurnal Manajemen Bisnis Akuntansi dan Keuangan,article,"Nirwana, Aditya; Sudarmiatin, Sudarmiatin; Melany, Melany",forward,openalex,doi:10.1007/978-3-030-12453-3_143|doi:10.1007/978-3-030-12453-3_151|doi:10.1007/978-3-030-72080-3_20,0
doi:10.55948/ijermca.2025.0509,2462,0.000000,AI-Powered Digital Marketing: Unlocking Potential and Addressing Hurdles,2025,10.55948/ijermca.2025.0509,International Journal of Enhanced Research in Management & Computer Applications,article,"Shah, Tanmaykumar",forward,openalex,doi:10.1007/s11747-019-00696-0,0
doi:10.56002/ceos.0037_cimne_1_1,2463,0.000000,O impacto da inteligência artificial no Customer Journey,2021,10.56002/ceos.0037_cimne_1_1,,article,"Moura, Simone Albuquerque de; Reis, José Luís; Rodrigues, Luís Silva",forward,openalex,doi:10.1007/s11747-020-00749-9,0
doi:10.56025/ijaresm.2023.120124482,2464,0.000000,Exploring the Ethical Challenges of Ai in Personalised Marketing in Context of Beauty and Wellness,2023,10.56025/ijaresm.2023.120124482,International Journal of All Research Education & Scientific Methods,article,"Alvi, Arbaaz; Mupona, Oprah Chido",forward,openalex,doi:10.1177/0008125619859317,0
doi:10.56043/reveco-2022-0031,2465,0.000000,"ONLINE ADVERTISING – HISTORY, EVOLUTION, AND CHALLENGES",2022,10.56043/reveco-2022-0031,Revista Economica,article,"Ungureanu, Andrei; POPESCU, Doris-Louise",backward,crossref|openalex,doi:10.1007/978-3-031-96930-0_11|doi:10.4018/979-8-3693-7041-4.ch006,0
doi:10.56133/intermedia.1533851,2466,0.000000,"Reklam ve Yapay Zeka İlişkisi: “Journal of Advertising"" Dergisindeki Makalelerin Bibliyometrik Analizi",2024,10.56133/intermedia.1533851,Intermedia International e-journal,article,"Güngör, Arzu; Tanyıldızı, Nural İmik",forward,openalex,doi:10.1080/00913367.2019.1654421|doi:10.1080/00913367.2020.1795954|doi:10.1080/00913367.2022.2111728,0
doi:10.56133/intermedia.1544872,2467,0.000000,Yapay Zeka Destekli Sanal Etkileyiciler: Türkiye’deki Sanal Etkileyicilere Yönelik Kullanıcı Tepkileri Üzerine Bir Araştırma,2025,10.56133/intermedia.1544872,Intermedia International e-journal,article,"Öksüz, Burcu; Ormancı, Malike",forward,openalex,doi:10.1016/j.bushor.2019.12.002,0
doi:10.56133/intermedia.1740804,2468,0.000000,A Discussion on the Future of Advertising Agencies in the Impact of Artificial Intelligence,2026,10.56133/intermedia.1740804,Intermedia International e-journal,article,"AKSU, Simge",forward,openalex,doi:10.1007/s11747-019-00696-0|doi:10.1108/wjemsd-08-2020-0099,0
doi:10.56177/12icmie2025.140,2469,0.000000,Artificial Intelligence Tools Used for Graphic Content Generation,2025,10.56177/12icmie2025.140,,conference-paper,"BARBU, Andreea; TACHE, Maria Elena; HADDAD, Sandra Samy George; KESHTA, Jilan",forward,openalex,doi:10.1007/s11747-020-00749-9,0
doi:10.56203/iyd.1052548,2470,0.000000,PAZARLAMA ALANINDA YAPAY ZEKANIN GELİŞEN ROLÜNE GENEL BİR BAKIŞ,2022,10.56203/iyd.1052548,İzmir Yönetim Dergisi,article,"Şalvarlı, Mustafa Seçkin; KAYIŞKAN, Doğu",forward,openalex,doi:10.1007/s11747-019-00696-0|doi:10.1007/s11747-020-00749-9|doi:10.1177/0008125619859317,0
doi:10.56238/arev7n8-196,2471,0.000000,INTELIGÊNCIA ARTIFICIAL GENERATIVA COMO FORMA DE CRIAÇÃO DE MATERIAIS DE DIVULGAÇÃO: UMA APLICAÇÃO NO MERCADO CINEMATOGRÁFICO,2025,10.56238/arev7n8-196,Aracê.,article,"Leite, Jéssica; Aragão, Bruno",forward,openalex,doi:10.1007/s11747-019-00696-0,0
doi:10.56238/revgeov16n5-093,2472,0.000000,INTELIGÊNCIA ARTIFICIAL APLICADA AO CRM PARA OTIMIZAR CAMPANHAS DE MARKETING DE UMA AÇAITERIA,2025,10.56238/revgeov16n5-093,Revista de Geopolítica,article,"Oliveira, B.S.; Vale, G.; Caselli, Francisco de Tarso Ribeiro; Moraes, Thiago Assunção de; Leitão, Antônio Bruno de Vasconcelos; cezar, kleber; Pessoa, Márcio Vinicius Brito; Macedo, Francisco",forward,openalex,doi:10.1007/s11747-019-00696-0,0
doi:10.56294/sctconf2024896,2473,0.000000,Is artificial intelligence really influencing the marketing strategies and consumer behaviour?,2024,10.56294/sctconf2024896,Salud Ciencia y Tecnología - Serie de Conferencias,article,"Latha, R.; Chandran, M.",forward,openalex,doi:10.1007/s11747-019-00696-0,0
doi:10.56442/ijble.v5i1.512,2474,0.000000,Enhancing SME Product Brand Equity in The Digital Age as Strategic Approaches in the Era of Artificial Intelligence,2024,10.56442/ijble.v5i1.512,International Journal of Business Law and Education,article,"Indrasari, Meithiana; Syamsudin, Nur; Tampubolon, Liosten Rianna Rosida Ully",forward,openalex,doi:10.1177/0008125619859317|doi:10.1177/18393349211037684,0
doi:10.56578/jimd020304,2475,0.000000,Strategic Framework for Leveraging Artificial Intelligence in Future Marketing Decision-Making,2023,10.56578/jimd020304,Journal of Intelligent Management Decision,article,"Hicham, Nouri; Nassera, Habbat; Karim, Sabri",forward,openalex,doi:10.1007/s11747-020-00749-9|doi:10.1016/j.indmarman.2019.12.008|doi:10.1177/0008125619859317,0
doi:10.56581/ijlemr.8.10.10-13,2476,0.000000,Artificial Intelligence (AI) and Marketing,2023,10.56581/ijlemr.8.10.10-13,International Journal of Latest Engineering and Management Research (IJLEMR),article,"Guruprasad, M.; Agarwal, Mukul; Johari, Rohan; Khatri, Manish",forward,openalex,doi:10.1007/s11747-020-00749-9|doi:10.1177/0008125619859317,0
doi:10.56614/eiprmj.v12i1y23.248,2477,0.000000,Digital Transformation 4.0: Integration of Artificial Intelligence &amp; Metaverse in Marketing,2023,10.56614/eiprmj.v12i1y23.248,Eduzone International peer reviewed/refereed academic multidisciplinary journal,article,"Rathore, Bharati",forward,openalex,doi:10.1007/s11747-019-00696-0,0
doi:10.56632/bct.2024.3105,2478,0.000000,Exploring the Role of Artificial Intelligence in Digital Marketing Strategies,2024,10.56632/bct.2024.3105,Journal of Business Communication & Technology,article,"Tauheed, Jawad; Shabbir, Aumir; Pervez, Muhammad Shahid",forward,openalex,doi:10.1007/978-3-030-72080-3_20|doi:10.1108/wjemsd-08-2020-0099,0
doi:10.56676/kiad.1771666,2479,0.000000,Pazarlama İletişiminde Yapay Zekâ Temsilleri: Instagram Reklamları Üzerine Nitel Bir Analiz,2026,10.56676/kiad.1771666,Kastamonu İletişim Araştırmaları Dergisi,article,"Özgür, Seyyid Halid; ÖZGÜR, Ömer Faruk; KOBAK, Kadriye",forward,openalex,doi:10.1016/j.bushor.2019.12.002,0
doi:10.56712/latam.v5i4.2580,2480,0.000000,Marketing Farmacéutico e IA en farmacias comunitarias: revisión de literatura,2024,10.56712/latam.v5i4.2580,LATAM Revista Latinoamericana de Ciencias Sociales y Humanidades,article,"Quiñónez, María Belén Ríos",forward,openalex,doi:10.1177/0008125619859317,0
doi:10.56741/bst.v2i01.276,2481,0.000000,"Artificial Intelligence, Blockchain, Machine Learning, and Customer Relationship Management",2023,10.56741/bst.v2i01.276,Bincang Sains dan Teknologi,article,"Idian, Maria Joy I.; Hassan, Mohummad Kamrul; Terzungwe, Akaa Samuel",forward,openalex,doi:10.1007/s11747-020-00749-9,0
doi:10.56741/bst.v4i03.1878,2482,0.000000,What is the Impact of AI Agents and Agentic AI in the Field of Marketing Management?,2025,10.56741/bst.v4i03.1878,Bincang Sains dan Teknologi,article,"Iglesia, Maria Joy Casano; Setyawan, Rai Rake",forward,openalex,doi:10.1007/s11747-019-00696-0,0
doi:10.56975/ijcrt.v13i7.291770,2483,0.000000,The Role of Artificial Intelligence in Enhancing Brand Experience: An Empirical Study in the Retail Sector,2025,10.56975/ijcrt.v13i7.291770,INTERNATIONAL JOURNAL OF CREATIVE RESEARCH THOUGHTS,article,"Singh, Ajay Kumar",forward,openalex,doi:10.1007/s11747-019-00696-0,0
doi:10.56982/dream.v4i01.290,2484,0.000000,"An Empirical Study on the Artificial Intelligence Practices on the Digital Marketing Effectiveness within Tourism Village in Bali, Indonesia",2025,10.56982/dream.v4i01.290,Journal of Digitainability Realism & Mastery (DREAM),article,"Dewi, Luh Komang Candra; Putra, Ida Bagus Udayana; Widodo, Suwigyo; Yudithia, Yudithia; Soares, Augusto da Conceição",forward,openalex,doi:10.1007/s11747-019-00696-0,0
doi:10.57019/jmv.1148015,2485,0.000000,Development and Transformation in Digital Marketing and Branding with Artificial Intelligence and Digital Technologies Dynamics in the Metaverse Universe,2022,10.57019/jmv.1148015,Journal of Metaverse,article,"Nalbant, Kemal Gökhan; Aydın, Sevgi",forward,openalex,doi:10.1007/s11747-019-00696-0|doi:10.1007/s11747-020-00749-9,0
doi:10.57198/2583-4932.1328,2486,0.000000,Artificial Intelligence and its impact on different business functions,2023,10.57198/2583-4932.1328,Management Dynamics,article,"Mishra, Anubhav; Sharma, Monika",forward,openalex,doi:10.1177/0008125619859317,0
doi:10.5772/intechopen.1008516,2487,0.000000,The Integration of Artificial Intelligence in Sustainable Branding: A Literature Review,2025,10.5772/intechopen.1008516,"Business, management and economics",book-chapter,"Hammami, Hanene",forward,openalex,doi:10.1007/s11747-020-00749-9,0
doi:10.5772/intechopen.1010894,2488,0.000000,Perspective Chapter: The Impact of Generative AI in Shaping Customer Engagement – Humanising Conversational Marketing,2025,10.5772/intechopen.1010894,"Business, management and economics",book-chapter,"Israfilzade, Khalil",forward,openalex,doi:10.1007/s11747-019-00696-0|doi:10.1016/j.bushor.2019.12.002,0
doi:10.5772/intechopen.1016175,2489,0.000000,Fit-for-Purpose AI-Generative Digital Marketing Strategies,2026,10.5772/intechopen.1016175,IntechOpen eBooks,book-chapter,"Ngobese, Xolani Khayelihle",forward,openalex,doi:10.1007/s11747-019-00696-0,0
doi:10.5772/intechopen.1016226,2490,0.000000,"Decoding AI-Generated Advertising: Consumer Responses, Advertising Outcomes, and Strategic Leverage",2026,10.5772/intechopen.1016226,IntechOpen eBooks,book-chapter,"Jang, Haneul; Cunningham, Isabella",forward,openalex,doi:10.1016/j.ausmj.2020.04.002,0
doi:10.5817/cp2024-2-7,2491,0.000000,The influence of communicating agent on users’ willingness to interact: A moderated mediation model,2024,10.5817/cp2024-2-7,Cyberpsychology Journal of Psychosocial Research on Cyberspace,article,"Zhou, Qi; Li, Bin",forward,openalex,doi:10.1007/s11747-020-00749-9,0
doi:10.58224/2541-8459-2024-4-111-117,2492,0.000000,The influence of interest prediction algorithms on the effectiveness of advertising campaigns in digital media,2024,10.58224/2541-8459-2024-4-111-117,Sovremennyj učënyj.,article,"Tkachev, Volodymyr",forward,openalex,doi:10.1108/wjemsd-08-2020-0099,0
doi:10.58224/2658-5286-2026-9-3-71-81,2493,0.000000,ИИ-ориентированный подход в маркетинге: организационно-экономическая архитектура и условия применимости,2026,10.58224/2658-5286-2026-9-3-71-81,Russian Economic Bulletin,article,"Савченко, С.П.",forward,openalex,doi:10.1007/s11747-019-00696-0|doi:10.1007/s11747-020-00749-9,0
doi:10.58419/gbs.v11i1.1112501,2494,0.000000,Transformative Role of AI and Emerging Technologies in Marketing,2025,10.58419/gbs.v11i1.1112501,GBS Impact Journal of Multi Disciplinary Research,article,"Ravi, I. A.",forward,openalex,doi:10.1007/s11747-019-00696-0,0
doi:10.5861/ijrse.2025.25848,2495,0.000000,AI-mageddon: The dawn of AI2AI and the twilight of human-centric marketing?,2025,10.5861/ijrse.2025.25848,International Journal of Research Studies in Education,article,"Borrega, Jr Guillen Nelson",forward,openalex,doi:10.1007/s11747-019-00696-0,0
doi:10.58627/dpuiibf.1584252,2496,0.000000,PAZARLAMADA YAPAY ZEKÂ KAVRAMININ BİBLİYOMETRİK ANALİZİ,2024,10.58627/dpuiibf.1584252,Dumlupınar Üniversitesi İİBF Dergisi,article,"BENGÜL, S.süreyya",forward,openalex,doi:10.1007/978-3-030-72080-3_20|doi:10.1177/0008125619859317|doi:10.1177/18393349211037684,0
doi:10.58702/teyd.1353285,2497,0.000000,SİSTEMATİK BİR LİTERATÜR TARAMASI İLE KİŞİSELLEŞTİRİLMİŞ PAZARLAMA,2023,10.58702/teyd.1353285,Toplum Ekonomi ve Yönetim Dergisi,article,"Efendi̇oğlu, İbrahim Halil",backward|forward,openalex,doi:10.1177/0008125619859317|doi:10.58830/ozgur.pub610.c2592|doi:10.58830/ozgur.pub610.c2595,0
doi:10.58812/wsist.v1i02.476,2498,0.000000,"The Influence of Service Personalization, Customer Satisfaction, and Customer Retention in the Telecommunications Industry on Data-Driven Marketing",2023,10.58812/wsist.v1i02.476,West Science Information System and Technology,article,"Khalik, Muh Fihris; Mohammad, Wily; Zilfana, Zilfana; Themba, Orfyanny S.",backward,openalex,doi:10.58830/ozgur.pub610.c2592|doi:10.58830/ozgur.pub610.c2595,0
doi:10.58830/ozgur.pub261.c1432,2499,0.000000,Connected Consumers: Unleashing the Power of IoT for Personalized Marketing,2023,10.58830/ozgur.pub261.c1432,Özgür Yayınları eBooks,book-chapter,"Baykal, Bilge",forward,openalex,doi:10.1007/s11747-020-00749-9,0
doi:10.58830/ozgur.pub261.c1438,2500,0.000000,Yapay Zekâ ve İçerik Pazarlaması,2023,10.58830/ozgur.pub261.c1438,Özgür Yayınları eBooks,book-chapter,"Fındıklı, Selda",forward,openalex,doi:10.1007/s11747-020-00749-9,0
doi:10.58830/ozgur.pub311.c1355,2501,0.000000,Dijital Çağ Teknolojileri ve Pazarlama,2023,10.58830/ozgur.pub311.c1355,Özgür Yayınları eBooks,book-chapter,"Cevher, Muhammed Fatih",backward,openalex,doi:10.58830/ozgur.pub610.c2592|doi:10.58830/ozgur.pub610.c2595,0
doi:10.58830/ozgur.pub398.c1662,2502,0.000000,Pazarlamada Yapay Zekâ,2023,10.58830/ozgur.pub398.c1662,Özgür Yayınları eBooks,book-chapter,"Aktaş, Mert; Çavuşoğlu, Sinan",forward,openalex,doi:10.1007/978-3-030-12453-3_151|doi:10.1007/s11747-019-00696-0|doi:10.1007/s11747-020-00749-9|doi:10.1108/ijrdm-08-2020-0312|doi:10.1177/0008125619859317|doi:10.3145/epi.2017.mar.06,0
doi:10.58830/ozgur.pub398.c1663,2503,0.000000,Pazarlama Araştırmalarında Yapay Zeka (AI) ile Müşteri Deneyimi: Tüketici Davranışlarının Analizinde Yapay Zeka Çözümleri,2023,10.58830/ozgur.pub398.c1663,Özgür Yayınları eBooks,book-chapter,"Atlı, Hüseyin Fatih",forward,openalex,doi:10.1007/978-3-030-12453-3_151|doi:10.1007/s11747-019-00696-0|doi:10.1007/s11747-020-00749-9|doi:10.1108/ijrdm-08-2020-0312|doi:10.1177/0008125619859317|doi:10.3145/epi.2017.mar.06,0
doi:10.58830/ozgur.pub610.c2592,2504,0.000000,Dijital Pazarlamada Büyük Veri,2024,10.58830/ozgur.pub610.c2592,Özgür Yayınları eBooks,book-chapter,"Sönmez, Alperen Timuçin",forward,openalex,doi:10.1016/j.chb.2020.106657|doi:10.1016/j.jik.2020.08.001|doi:10.3390/joitmc7020114,0
doi:10.58830/ozgur.pub610.c2595,2505,0.000000,Dijital Pazarlamada Yenilikçi Teknoloji ve Trendler,2024,10.58830/ozgur.pub610.c2595,Özgür Yayınları eBooks,book-chapter,"Eru, Oya",forward,openalex,doi:10.1016/j.chb.2020.106657|doi:10.1016/j.jik.2020.08.001|doi:10.3390/joitmc7020114|doi:10.52970/grmilf.v3i1.398,0
doi:10.58885/ijbe.v10i1.66.ab,2506,0.000000,ARTIFICIAL INTELLIGENCE IN MARKETING: IMPLICATIONS AND FUTURE RESEARCH DIRECTIONS,2025,10.58885/ijbe.v10i1.66.ab,International Journal of Business & Economics (IJBE),article,"Badawy, Ayman M.; Elhamd, Eman Abo; Shamma, Hamed M.; Kolaly, Hoda El",forward,openalex,doi:10.1007/s11747-019-00696-0|doi:10.1007/s11747-020-00749-9|doi:10.1016/j.bushor.2019.12.002,0
doi:10.58885/ijbe.v11i1.82.sa,2507,0.000000,THE IMPACT OF CHATBOT MARKET EFFORT FACTORS ON BRAND LOYALTY WITH MEDIATION EFFECT OF CUSTOMER-BRAND RELATIONSHIP,2026,10.58885/ijbe.v11i1.82.sa,International Journal of Business & Economics (IJBE),article,"Alsisi, Suzan M. Elsawaby",forward,openalex,doi:10.1016/j.bushor.2019.12.002,0
doi:10.5902/1983465994997,2508,0.000000,Algorithmic influence and consumer decision-making: empirical evidence on the limitations of predictive AI in marketing communication management,2026,10.5902/1983465994997,Revista de Administração da UFSM,article,"Ferreira, Pabllo Barcellos Soares; Pereira, Marcelo Henrique Neves",forward,openalex,doi:10.1177/0008125619859317,0
doi:10.59075/jssa.v3i1.115,2509,0.000000,The Digital Duo: Exploring The Impact of AI Chatbots and Digital Marketing Strategies on Consumer Purchase Intentions in Pakistan’s E-Commerce Sector,2025,10.59075/jssa.v3i1.115,Journal for social science archives,article,"Zafar, Hammad; Siddiqui, Fakhre Alam; Arif, Muhammad",forward,openalex,doi:10.1108/ijrdm-08-2020-0312,0
doi:10.59075/y91ezg19,2510,0.000000,The Effect of Digital Marketing Transformation Trends on Consumers’ Purchase Intention in Textile Industry (B2C Business): The Moderating Role of Brand Awareness,2025,10.59075/y91ezg19,The critical review of social sciences studies,article,"Siddiqui, Danish Ahmed; Siddiqui, Fakhre Alam; Rizvi, Syed Muhammad Zia UL Islam",forward,openalex,doi:10.1007/978-3-030-12453-3_143,0
doi:10.59324/ejmeb.2025.2(1).07,2511,0.000000,"The Effect of LLM Automation on Performance Marketing Scale: Evidence on CAC, ROMI, and Creative Cycle Velocity",2025,10.59324/ejmeb.2025.2(1).07,"European journal of management, economics and business.",article,"Rodkin, Oleksandr",forward,openalex,doi:10.1007/s11747-019-00696-0|doi:10.1016/j.bushor.2019.12.002,0
doi:10.59324/ejmeb.2025.2(5).14,2512,0.000000,"The Effect of LLM Automation on Performance Marketing Scale: Evidence on CAC, ROMI, and Creative Cycle Velocity",2025,10.59324/ejmeb.2025.2(5).14,"European journal of management, economics and business.",article,"Rodkin, Oleksandr",forward,openalex,doi:10.1007/s11747-019-00696-0|doi:10.1016/j.bushor.2019.12.002,0
doi:10.5934/kjhe.2026.35.3.507,2513,0.000000,A Structural Model of Determinants of Online Behavioral Advertising Avoidance,2026,10.5934/kjhe.2026.35.3.507,Korean Journal of Human Ecology,article,"Nergui, Mandakh; 유현정Yoo, Hyun Jung",forward,openalex,doi:10.1007/s11747-019-00696-0|doi:10.1007/s11747-020-00749-9|doi:10.1080/22041451.2019.1561398,0
doi:10.5937/megrev2501101k,2514,0.000000,AI as a creative partner: A content revolution in digital marketing,2025,10.5937/megrev2501101k,Megatrend revija,article,"Krsmanović, Stefan",forward,openalex,doi:10.1007/s11747-019-00696-0,0
doi:10.5937/menhottur2500001j,2515,0.000000,The mediating effect of artificial intelligence marketing strategy on the relationship between value co-creation and business performance of travel agencies,2025,10.5937/menhottur2500001j,Menadzment u hotelijerstvu i turizmu,article,"Jevtić, Jelena; Marić, Dražen; Leković, Ksenija",forward,openalex,doi:10.1007/s11747-019-00696-0|doi:10.1177/0008125619859317,0
doi:10.5937/mkng2601029p,2516,0.000000,Implications of the application of artificial intelligence in advertising on brand authenticity perception and consumer loyalty,2026,10.5937/mkng2601029p,Marketing,article,"Panić, Natalija; Stanojević, Selena; Živanović, Mina",forward,openalex,doi:10.1007/s11747-019-00696-0|doi:10.1007/s11747-020-00749-9,0
doi:10.5937/mkng2601049l,2517,0.000000,Challenges of integrating ESG principles and artificial intelligence in sales management,2026,10.5937/mkng2601049l,Marketing,article,"Lazarević, Biljana; Davidović, Veljko; Vićentijević, Kosana; Kurtanović, Merisa",forward,openalex,doi:10.1007/s11747-020-00749-9,0
doi:10.5937/straman2500010k,2518,0.000000,The use of artificial intelligence in marketing: A case study from the Czech Republic,2025,10.5937/straman2500010k,Strategic Management,article,"Konečný, Michal; Malíková, Pavlína; Kostiuk, Yaroslava; Chamrada, Daniel",forward,openalex,doi:10.1007/s11747-020-00749-9|doi:10.1016/j.bushor.2019.12.002|doi:10.1177/18393349211037684,0
doi:10.59461/ijdiic.v2i3.75,2519,0.000000,Analysis Role of ML and Big Data Play in Driving Digital Marketing's Paradigm Shift,2023,10.59461/ijdiic.v2i3.75,International Journal of Data Informatics and Intelligent Computing,article,"Pandey, Ashish Kumar",forward,openalex,doi:10.1504/ijbdm.2020.106876,0
doi:10.59890/ijarss.v1i3.896,2520,0.000000,Using Artificial Intelligence (AI) in Developing Marketing Strategies,2023,10.59890/ijarss.v1i3.896,International Journal of Applied Research and Sustainable Sciences,article,"Mirwan, Sri Handila; Ginny, Puti Lenggo; Darwin, Dirmansyah; Ghazali, Rahmat; Lenas, Meldilianus N J",forward,openalex,doi:10.1007/s11747-019-00696-0|doi:10.1007/s11747-020-00749-9,0
doi:10.59953/paperasia.v41i2b.445,2521,0.000000,"AI Chatbots in E-Commerce: Enhancing Customer Engagement, Satisfaction and Loyalty",2025,10.59953/paperasia.v41i2b.445,PaperAsia,article,"Vebrianti, Riri; Aras, Muhammad; Putri, Mega; Swandewi, Ida Ayu",backward,crossref|openalex,doi:10.1109/iccraids67816.2026.11519734,0
doi:10.60027/ijsasr.2025.5444,2522,0.000000,The Future of Digital Marketing: What Lies Ahead?,2025,10.60027/ijsasr.2025.5444,International Journal of Sociologies and Anthropologies Science Reviews,article,"Kamkankaew, Pongsiri; Thanitbenjasith, Phithagorn; Sribenjachot, Suteera; Phattarowas, Vachiraporn; Thanin, Phiched; Khumwongpin, Surakit",forward,openalex,doi:10.1016/j.indmarman.2020.07.022|doi:10.1108/wjemsd-08-2020-0099,0
doi:10.6007/ijarbss/v13-i12/19723,2523,0.000000,The Impact of Industry 4.0 on Digital Marketing: Leveraging Emerging Technologies for Business Growth,2023,10.6007/ijarbss/v13-i12/19723,International Journal of Academic Research in Business and Social Sciences,article,"Muhammad, Norhilmi; Yahaya, Suleiman Maryam Ibrahim; Suleiman, Ibrahim Yahaya; Karim, Fazida; Ago, Amina Usman Sabo",forward,openalex,doi:10.1504/ijbdm.2019.10023294|doi:10.1504/ijbdm.2020.106876,0
doi:10.6007/ijarbss/v13-i9/18422,2524,0.000000,Effectiveness of Artificial Intelligence in Building Customer Loyalty: Investigating the Mediating Role of Chatbot in the Tourism Sector of Pakistan,2023,10.6007/ijarbss/v13-i9/18422,International Journal of Academic Research in Business and Social Sciences,article,"Khana, Arman; Hamid, Abu Bakar Abdul; Saad, Norizan Mat; Arif, Abdur Rehman",forward,openalex,doi:10.1007/s11747-020-00749-9,0
doi:10.6007/ijarbss/v13-i9/18895,2525,0.000000,Effectiveness of Artificial Intelligence in Building Customer Loyalty: Investigating the Mediating Role of Chatbot in the Tourism Sector of Pakistan,2023,10.6007/ijarbss/v13-i9/18895,International Journal of Academic Research in Business and Social Sciences,article,"Khan, Arman; Hamid, Abu Bakar Abdul; Saad, Norizan Mat; Hussain, Zahid; Arif, Abdur Rehman",forward,openalex,doi:10.1007/s11747-020-00749-9,0
doi:10.6007/ijarbss/v15-i4/24687,2526,0.000000,The Relationship between Digital Transformation and Digital Marketing,2025,10.6007/ijarbss/v15-i4/24687,International Journal of Academic Research in Business and Social Sciences,article,"Sou'b, Shefa' Al; Shawabkeh, Khaled Al",forward,openalex,doi:10.1016/j.techsoc.2020.101425,0
doi:10.6092/issn.2611-0563/11803,2527,0.000000,The Future of Fashion: How the Quest for Digitization and the Use of Artificial Intelligence and Extended Reality Will Reshape the Fashion Industry After COVID-19,2020,10.6092/issn.2611-0563/11803,DOAJ (DOAJ: Directory of Open Access Journals),article,"Silvestri, Barbara",backward,openalex,doi:10.6092/issn.2611-0563/13120,0
doi:10.6092/issn.2611-0563/13120,2528,0.000000,"Phygital Retailing in Fashion. Experiences, Opportunities and Innovation Trajectories",2021,10.6092/issn.2611-0563/13120,DOAJ (DOAJ: Directory of Open Access Journals),article,"Iannilli, Valeria Maria; Spagnoli, Alessandra",forward,openalex,doi:10.3390/joitmc7020114,0
doi:10.61194/ijjm.v6i1.1534,2529,0.000000,Comparative Study of Artificial Intelligence (AI) Utilization in Digital Marketing Strategies Between Developed and Developing Countries: A Systematic Literature Review,2024,10.61194/ijjm.v6i1.1534,Ilomata International Journal of Management,review,"Mubarok, Muhammad Umam; Sari, Maheni Ika; Wibowo, Yohanes Gunawan; Mathew, Roshan",forward,openalex,doi:10.1016/j.jik.2020.08.001|doi:10.1108/wjemsd-08-2020-0099,0
doi:10.61194/ijss.v7i1.1941,2530,0.000000,Artificial Intelligence Sparks Controversy in Content Marketing for Local Skincare Brands in Indonesia,2026,10.61194/ijss.v7i1.1941,Ilomata International Journal of Social Science,article,"Miller, Dewi Alesha; Andriyani, Leliyana",forward,openalex,doi:10.1177/18393349211037684,0
doi:10.61351/mf.v2i2.146,2531,0.000000,Hyper-personalized banking in the GCC: A Kuwaiti context with UAE perspectives,2024,10.61351/mf.v2i2.146,Modern Finance,article,"Albous, Mohammad Rashed",forward,openalex,doi:10.33140/eoa.02.01.04,0
doi:10.61506/01.00138,2532,0.000000,An Analysis of Post COVID-19 Scenario using Data Science in Digital Marketing,2023,10.61506/01.00138,Bulletin of Business and Economics (BBE),article,"Qazi, Tehmina Fiaz; Niazi, Abdul Aziz Khan; Mirza, Farwa; Basit, Abdul; Saleem, Madiha",forward,openalex,doi:10.1016/j.jik.2020.08.001,0
doi:10.61506/01.00431,2533,0.000000,The Role of Artificial Intelligence in Influencer Marketing,2024,10.61506/01.00431,Bulletin of Business and Economics (BBE),article,"Rana, Muhammad Waqas; Ashfaq, Mohammad; Jalbani, Faizah Yasir",forward,openalex,doi:10.1007/s11747-020-00749-9,0
doi:10.61506/01.00476,2534,0.000000,The Impact of AI Generated Advertising Content on Consumer Buying Intention and Consumer Engagement,2024,10.61506/01.00476,Bulletin of Business and Economics (BBE),article,"Ratta, Ali Ashraf; Muneer, Saba; Hassan, Hisham ul",forward,openalex,doi:10.1007/s11747-019-00696-0,0
doi:10.61801/ouaess.2023.1.80,2535,0.000000,The Impact of New Technologies on the Future of Marketing: the Challenges of Adopting Artificial Intelligence-Generated Influencers in Marketing Strategies. Is the Romanian Market Ready for this Emerging Trend?,2023,10.61801/ouaess.2023.1.80,Ovidius University Annals Economic Sciences Series,article,"Gradinescu, Iasmina-Iulia; Bostanica, Elena; Orzan, Mihai",forward,openalex,doi:10.1177/0008125619859317,0
doi:10.61978/novatio.v4i3.1554,2536,0.000000,AI-Enabled Social Commerce and Strategic Resilience: Dynamic Capabilities in TikTok Shop by Tokopedia and Shopee Live,2026,10.61978/novatio.v4i3.1554,Novatio Journal of Management Technology and Innovation,article,"Prasetia, Arus Reka; Solihin, Ismail; Putra, Ivan Gumilar Sambas; Nurazizah, Risma; Ramdhani, M Rizki",forward,openalex,doi:10.1007/s11747-019-00696-0|doi:10.1007/s11747-020-00749-9,0
doi:10.62001/gsijses.1687324,2537,0.000000,Yapay Zekanın Dijital Pazarlama Stratejileri Üzerindeki Etkisi: Kavramsal Bir Çalışma,2025,10.62001/gsijses.1687324,Uluslararası Sosyal ve Ekonomik Çalışmalar Dergisi,article,"Şaylan, Onur; Taşkın, Ercan; Abdulwahid, Othman Isam Abdulwahid",forward,openalex,doi:10.1007/978-3-030-12453-3_151,0
doi:10.62019/dtx5gm32,2538,0.000000,The impact of artificial intelligence technology and customer engagement on consumer repurchase intention: The mediation and moderation approach,2026,10.62019/dtx5gm32,The Asian Bulletin of Big Data Management,article,"Ikram, Minhaj; Anwar, Afshan",forward,openalex,doi:10.1007/s11747-019-00696-0|doi:10.1007/s11747-020-00749-9,0
doi:10.62080/kmfed.1783278,2539,0.000000,PAZARLAMADA YAPAY ZEKA UYGULAMALARI: LİTERATÜR TEMELLİ BİR ÇALIŞMA,2025,10.62080/kmfed.1783278,Kapanaltı dergisi.,article,"Abdulwahid, Othman Isam Abdulwahid; Şaylan, Onur",forward,openalex,doi:10.1007/s11747-019-00696-0|doi:10.1007/s12599-015-0370-8,0
doi:10.62154/ajmbr.2025.021.01013,2540,0.000000,"Influence of Artificial Intelligence Tools on Customer Satisfaction, Engagement, and Brand Loyalty within Online Brand Communities in Tunisia",2025,10.62154/ajmbr.2025.021.01013,African Journal of Management and Business Research,article,"Hilali, Imen",forward,openalex,doi:10.1007/s11747-019-00696-0,0
doi:10.62161/revvisual.v17.5394,2541,0.000000,Impacto del Marketing Predictivo Basado en Inteligencia Artificial,2025,10.62161/revvisual.v17.5394,VISUAL REVIEW International Visual Culture Review / Revista Internacional de Cultura Visual,article,"Gil, Aitor García; Herrero, África Presol",forward,openalex,doi:10.1007/s11747-019-00696-0,0
doi:10.62206/sajm.31.5.2024.79-99,2542,0.000000,Optimizing Digital Engagement through Machine Learning Strategies in Viksit Bharat’s Marketing Landscape,2025,10.62206/sajm.31.5.2024.79-99,South Asian Journal of Management,article,"Raidas, Abhishek; Dhoot, Priyanka",forward,openalex,doi:10.1108/wjemsd-08-2020-0099,0
doi:10.62207/0qan8b95,2543,0.000000,Predictive Analytics in Marketing: Contribution to Marketing Performance,2024,10.62207/0qan8b95,Management Studies and Business Journal (PRODUCTIVITY),article,"Muhajir, Ali",forward,openalex,doi:10.1016/j.eswa.2018.11.002,0
doi:10.62207/f4s8px08,2544,0.000000,The Influence of Digital Technology on Marketing Strategy,2024,10.62207/f4s8px08,Management Studies and Business Journal (PRODUCTIVITY),article,"Purnawati, Elisa",forward,openalex,doi:10.1007/s11747-019-00696-0|doi:10.1007/s11747-020-00749-9,0
doi:10.62207/pspbtk28,2545,0.000000,The Impact of Artificial Intelligence (AI) on Marketing Strategy,2024,10.62207/pspbtk28,Management Studies and Business Journal (PRODUCTIVITY),article,"Supriadi, Asep",forward,openalex,doi:10.1007/s11747-019-00696-0|doi:10.1007/s11747-020-00749-9,0
doi:10.62223/amjr.2025.150101,2546,0.000000,The Impact of AI- Powered Content Personalization on Inbound Marketing Strategies: A Case Study of Indian White Goods Brands,2025,10.62223/amjr.2025.150101,Allana management journal of research.,article,"Jadhav, Shantilal; Deshmukh, Anand",forward,openalex,doi:10.1007/s11747-020-00749-9,0
doi:10.62225/2583049x.2024.4.3.2847,2547,0.000000,Digital Marketing and Artificial Intelligence: Towards a Better Understanding of the Two Strategies,2024,10.62225/2583049x.2024.4.3.2847,International Journal of Advanced Multidisciplinary Research and Studies,article,"Elkhatibi, Yassine; Benabdelouhed, Redouane",forward,openalex,doi:10.1007/s11747-020-00749-9,0
doi:10.62304/jieet.v3i3.159,2548,0.000000,"EXPLORING THE CONFLUENCE OF BIG DATA, ARTIFICIAL INTELLIGENCE, AND DIGITAL MARKETING ANALYTICS: A COMPREHENSIVE REVIEW",2024,10.62304/jieet.v3i3.159,GLOBAL MAINSTREAM JOURNAL,article,"Mahi, Rafsan; Alam, F; Hasan, Mahmudul",backward|forward,openalex,doi:10.1007/s11747-019-00696-0|doi:10.1177/0008125619859317|doi:10.58830/ozgur.pub610.c2592|doi:10.58830/ozgur.pub610.c2595,0
doi:10.62458/jafess.160224.7(1)21-29,2549,0.000000,"The Past, Present and Future of Measuring Customer Satisfaction with Artificial Intelligence and Machine Learning",2022,10.62458/jafess.160224.7(1)21-29,Journal of Accounting Finance Economics and Social Sciences,article,"Güngör, Hüseyin",forward,openalex,doi:10.1007/s11747-019-00696-0|doi:10.1007/s11747-020-00749-9,0
doi:10.62674/ijabmr.2024.v1i03.003,2550,0.000000,The Future of Marketing Analytics: Trends and Emerging Technologies,2024,10.62674/ijabmr.2024.v1i03.003,International Journal of Advances in Business and Management Research,article,"Nan, Zhang; Yuping, Chen; Kongjue, Zhu",forward,openalex,doi:10.1007/s11747-020-00749-9,0
doi:10.62701/revsocial.v13.5496,2551,0.000000,La publicidad de la sociedad digital,2025,10.62701/revsocial.v13.5496,SOCIAL REVIEW International Social Sciences Review / Revista Internacional de Ciencias Sociales,article,"Sáenz-Torralba, Carlos",forward,openalex,doi:10.1007/s11747-019-00696-0|doi:10.3145/epi.2017.mar.06,0
doi:10.62754/joe.v3i5.3896,2552,0.000000,Infinite Potential of AI Chatbots: Enhancing User Experiences and Driving Business Transformation in E-commerce: Case of Palestinian E-Commerce,2024,10.62754/joe.v3i5.3896,Journal of Ecohumanism,article,"ZAKARIA, MAI MOHAMMAD ASAD; Doheir, Mohamed; Akmaliah, Norfaridatul; Yaacob, N.B.",forward,openalex,doi:10.1108/ijrdm-08-2020-0312,0
doi:10.62802/gkj6f352,2553,0.000000,Exploring the Role of AI in Automating Content Marketing: Unlocking Opportunities and Navigating Challenges,2024,10.62802/gkj6f352,Next frontier.,article,"Babadoğan, Borga",forward,openalex,doi:10.3389/fpsyg.2022.856663,0
doi:10.62823/exre/2025/02/04.129,2554,0.000000,Consumers’ Skepticism towards Artificial Intelligence-Driven Marketing – A Systematic Literature Review Utilising the TCCM Framework,2025,10.62823/exre/2025/02/04.129,Exploresearch.,review,"Qualified, NET; Kashyap, Kajal",forward,openalex,doi:10.1080/00913367.2020.1795954,0
doi:10.62831/202518028,2555,0.000000,Tác động của trí tuệ nhân tạo (AI) đến việc làm của chuyên viên quảng cáo trực tuyến trong ngành tiếp thị số tại Thành phố Hồ Chí Minh_x000D__x000D_,2025,10.62831/202518028,Tạp chí Công nghiệp Kinh tế và Quản lý,article,"Phước, Nguyễn Hoàng; Thắng, Phạm Quang; Khương, Nguyễn Bảo",forward,openalex,doi:10.1007/s11747-019-00696-0,0
doi:10.62831/202526049,2556,0.000000,Personalizing digital banking experiences through GenAI Chatbots: The moderating role of customer technology familiarity,2025,10.62831/202526049,Tạp chí Công nghiệp Kinh tế và Quản lý,article,"Huong, Le Thi Lan; Lien, Hoang Thi Kim; Nam, Le Van",forward,openalex,doi:10.1108/ijrdm-08-2020-0312,0
doi:10.62907/juuntics250202007i,2557,0.000000,The Effects of Chatbots on Customer Services Jobs - Does Using Chatbots Mean Losing the Human Jobs?,2025,10.62907/juuntics250202007i,Journal of UUNT Informatics and Computer Sciences,article,"Ilić, Damir; Mašić, Olga; Ilić-Kosanović, Tatjana",forward,openalex,doi:10.1007/s11747-020-00749-9,0
doi:10.62943/bij.v5n1.2026.505,2558,0.000000,Optimización del marketing digital mediante inteligencia artificial: impacto en la toma de decisiones estratégicas,2026,10.62943/bij.v5n1.2026.505,Bastcorp International Journal.,article,"Marcillo, Fabricio; Gavilanez, Karla; Vanegas, Pamela del Rocío Fajardo; Chamorro, Cristina",forward,openalex,doi:10.1007/s11747-019-00696-0|doi:10.1177/0008125619859317,0
doi:10.62943/rck.v3n2.2024.90,2559,0.000000,La inteligencia artificial como aliada en la gestión de ventas: Caso de estudio empresa MakroHospital,2024,10.62943/rck.v3n2.2024.90,Revista Científica Kosmos.,article,"Marcillo, Fabricio; Verdezoto, Álvaro Eduardo Vinueza; López, Alejandra María Romero; Begnini, Lucía",forward,openalex,doi:10.1007/s11747-019-00696-0,0
doi:10.63053/ijmea.86,2560,0.000000,The Impact of Machine Learning on SEO Strategies in Digital Marketing,2026,10.63053/ijmea.86,"International journal of applied research in management, economics and accounting.",article,"Safaeimoradi, Sheyda",forward,openalex,doi:10.1007/s11747-019-00696-0,0
doi:10.63056/acad.004.03.0629,2561,0.000000,The Impact of Artificial Intelligence and Machine Learning Algorithms on Personalized Digital Marketing Campaigns and Consumer Purchase Intentions,2025,10.63056/acad.004.03.0629,ACADEMIA International Journal for Social Sciences,article,"Ahmed, Safyan; Shahid, Dr Sanya; Ashfaque, Muhammad; Manzoor, Ayesha; Sheikh, Naveed; Rehman, Abdul",forward,openalex,doi:10.1007/s11747-019-00696-0,0
doi:10.63090/ijcmrs/3049.1908.0018,2562,0.000000,Rebranding Loyalty: The Phygital Bridge of Ethical Brand Experiences,2025,10.63090/ijcmrs/3049.1908.0018,International Journal of Commerce and Management Research Studies (IJCMRS),article,"Alven, S. Mary Maglin",forward,openalex,doi:10.1007/s11747-019-00696-0,0
doi:10.63090/ijcmrs/3049.1908.0027,2563,0.000000,Empirical Validation of an Ethical Branding Heuristics Index (EBHI) for AI Marketing,2025,10.63090/ijcmrs/3049.1908.0027,International Journal of Commerce and Management Research Studies (IJCMRS),article,"Johnson, Meritta M",forward,openalex,doi:10.1007/s11747-019-00696-0,0
doi:10.63397/iscsitr-ijcc_05_02_002,2564,0.000000,AI-Enhanced Data Activation: Combining Salesforce Einstein and Data Cloud for proactive customer engagement,2024,10.63397/iscsitr-ijcc_05_02_002,ISCSITR-INTERNATIONAL JOURNAL OF CLOUD COMPUTING,article,"Veeravalli, ShivaKrishna Deepak",forward,openalex,doi:10.1007/s11747-019-00696-0,0
doi:10.63522/jabbs.201013,2565,0.000000,&lt;b&gt;Leveraging Machine Learning for Customer Segmentation and Personalized Recommendation in Online Retail&lt;/b&gt;,2026,10.63522/jabbs.201013,Journal of Applied Business & Behavioral Sciences,article,"Li, Jiajun",forward,openalex,doi:10.1007/s11747-019-00696-0|doi:10.1007/s11747-020-00749-9,0
doi:10.63630/jfdo.12.37,2566,0.000000,Analyzing smart marketing trends and the role of big data in optimizing strategic decisions,2025,10.63630/jfdo.12.37,Journal of Future Digital Optimization,article,"Abdi, Hossein",forward,openalex,doi:10.52970/grmilf.v3i1.398,0
doi:10.63931/ijchr.v7isi2.525,2567,0.000000,Predictive and Personalized Marketing: How AI and ML are Revolutionizing Sales on Social Media in Pune City,2025,10.63931/ijchr.v7isi2.525,International Journal on Culture History and Religion,article,"Sasane, Jairaj; Waghmare, Ganesh; Burande, Arvind Laxman; Charkha, Sanket; Bhalerao, Harshali Rahul; Patil, Pallavi; Todmal, Ashok Dattatraya; Jain, Shravasti",forward,openalex,doi:10.1007/s11747-019-00696-0|doi:10.1007/s11747-020-00749-9,0
doi:10.64211/oidaijsd190704,2568,0.000000,AI-driven customer engagement in entrepreneurial platforms: a conceptual model for driving brand loyalty in the digital start-up era,2026,10.64211/oidaijsd190704,OIDA International Journal of Sustainable Development,article,"S, Shwetha; Afza, Noor",forward,openalex,doi:10.1007/s11747-020-00749-9,0
doi:10.64252/95pzsg85,2569,0.000000,AI-GENERATED CONTENT AND ITS EFFECTIVENESS IN MARKETING CAMPAIGNS,2025,10.64252/95pzsg85,International Journal of Environmental Sciences,article,"Nancy, K.Sonia; Suresh, Minu; Nalini, V.; Hemalatha, S.; Dhinakaran, D. Paul; Mrs.R.Rajalakshmi",forward,openalex,doi:10.1007/s11747-019-00696-0,0
doi:10.64448/myresearchgo.vol.2.issue.5.21,2570,0.000000,A Review of AI-Driven Innovations in Digital Marketing Platforms and E- Commerce Ecosystem,2026,10.64448/myresearchgo.vol.2.issue.5.21,myresearchgo,article,"Jadhav, Mr Nikhil; Sawant, Mr Manthan",forward,openalex,doi:10.1007/s11747-019-00696-0,0
doi:10.64534/commer.2024.040,2571,0.000000,"Consumption Values, Attitudes and Continuance Intention to Adopt ChatGPT-driven E-Commerce AI Chatbot (LazzieChat)",2024,10.64534/commer.2024.040,Pakistan Journal of Commerce and Social Sciences,article,"Yue, Yao; Ng, Siew Imm; Basha, Norazlyn Kamal",forward,openalex,doi:10.1108/ijrdm-08-2020-0312|doi:10.1177/0008125619859317,0
doi:10.64818/pijmess.3107.4626.0045,2572,0.000000,AI as the New Concierge: Exploring the Role of Generative AI in Transforming Customer Experience in the Luxury and Lifestyle Industry,2026,10.64818/pijmess.3107.4626.0045,Poornaprajna International Journal of Management Education & Social Science (PIJMESS),article,"Devadiga, Isha; Aithal, P. S.",forward,openalex,doi:10.1007/s11747-019-00696-0|doi:10.1007/s11747-020-00749-9,0
doi:10.64818/pijmess.3107.4626.0050,2573,0.000000,"Generative AI in the Marketing Industry: An Industry Analysis of Content Transformation, Consumer Engagement, and Firm Performance",2026,10.64818/pijmess.3107.4626.0050,Poornaprajna International Journal of Management Education & Social Science (PIJMESS),article,"Devadiga, Diya; Aithal, P. S.",forward,openalex,doi:10.1007/s11747-019-00696-0|doi:10.1007/s11747-020-00749-9,0
doi:10.65101/sinebis.v1i1.9,2574,0.000000,Digital-Based Marketing Strategy Innovation ForImproving Company Competitiveness,2025,10.65101/sinebis.v1i1.9,Journal of Strategic Innovation in Economics and Business,article,"Fajari, Farhan Achmad",forward,openalex,doi:10.1007/s11747-020-00749-9|doi:10.52970/grmilf.v4i2.356,0
doi:10.65455/qnpjvg49,2575,0.000000,"Personalized Recommendation Algorithms in Digital Media: A Review of Engagement Effects, Information Cocoons, and Marketing Implications",2026,10.65455/qnpjvg49,Applied Artificial Intelligence Research,article,"Zhou, Jueling",forward,openalex,doi:10.1108/wjemsd-08-2020-0099,0
doi:10.65500/computics-2025-002,2576,0.000000,"Chatbots and Customer Experience: Evaluating Impact, Effectiveness, and Future Trends",2025,10.65500/computics-2025-002,Impact in Computics,article,"Mir, Mohammad Shuaib",forward,openalex,doi:10.1108/ijrdm-08-2020-0312,0
doi:10.66224/jii.3.4.109,2577,0.000000,Artificial Intelligence Value Creation and Marketing Strategies for Enhancing Organizational Performance: Examining the Role of Organizational Capacity and Behavior in Knowledge-Based Companies,2025,10.66224/jii.3.4.109,Industrial Innovations,article,"rahmanseresht, hosein; jabbari, hooman",forward,openalex,doi:10.1007/s11747-020-00749-9,0
doi:10.66308/air.e2026017,2578,0.000000,"Value Creation in the Algorithmic Age: A Systematic Review of How AI, Data Privacy, and Platform Ecosystems Are Reshaping Marketing Theory",2026,10.66308/air.e2026017,American Impact Review,review,"Kovalenko, Yelena; Nikitin, Artem; Kuzina, Yana",forward,openalex,doi:10.1007/s11747-019-00696-0|doi:10.1007/s11747-020-00749-9,0
doi:10.66308/air.e2026024,2579,0.000000,Consumer Trust in AI-Generated Marketing Content: A Systematic Literature Review and Research Agenda,2026,10.66308/air.e2026024,American Impact Review,review,"Baryshkov, Kirill; Kuzina, Yana; Smuk, Iryna; Tkachuk, Mila",forward,openalex,doi:10.1007/s11747-019-00696-0|doi:10.1080/00913367.2020.1795954,0
doi:10.66473/rcmg.v7i1.1239,2580,0.000000,"Inteligencia Artificial, innovación de productos y visibilidad digital en el sector artesanal ecuatoriano",2026,10.66473/rcmg.v7i1.1239,Revista Científica Multidisciplinar G-nerando,article,"Andrade, Miguel Ángel Veintimilla; Andrade, Jairo Geovanny Veintimilla; Zurita, Diana Ercilia Gallegos; Trujillo-Borja, Ximena Fabiola",forward,openalex,doi:10.1007/s11747-020-00749-9,0
doi:10.6688/jise.202109_37(5).0006,2581,0.000000,Data Science Applied to Marketing: A Literature Review,2021,10.6688/jise.202109_37(5).0006,New University of Lisbon's Repository (New University of Lisbon),review,"Rosário, Albérico Travassos; Moniz, Luís Bettencourt; Cruz, Rui",backward,crossref|openalex,doi:10.4018/979-8-3693-3455-3.ch012,0
doi:10.69554/gznh7571,2582,0.000000,Ethics and data governance in marketing analytics and artificial intelligence,2021,10.69554/gznh7571,Applied marketing analytics,article,"Mahmoudian, Haniyeh",backward,crossref|openalex,doi:10.4018/979-8-3693-3455-3.ch012,0
doi:10.69554/ircx9392,2583,0.000000,Conversational marketing: Creating compelling customer connections,2018,10.69554/ircx9392,Applied marketing analytics,article,"Sotolongo, Nicholas; Copulsky, Jonathan",backward,crossref|openalex,doi:10.1080/00913367.2020.1795954|doi:10.1108/ijrdm-08-2020-0312,0
doi:10.69554/jhvl9858,2584,0.000000,The rise of conversational commerce: What brands need to know,2018,10.69554/jhvl9858,Journal of brand strategy,article,"Vassinen, Riku",backward,crossref|openalex,doi:10.1108/ijrdm-08-2020-0312,0
doi:10.69554/ssvh5588,2585,0.000000,Digital marketing: Incompatibilities between performance marketing and marketing creativity,2021,10.69554/ssvh5588,Journal of digital & social media marketing.,article,"Lies, Jan",backward,crossref|openalex,doi:10.4018/979-8-3693-7041-4.ch006,0
doi:10.69554/ubfb7673,2586,0.000000,Automated cluster generation and labelling of peer groups for marketing reporting,2023,10.69554/ubfb7673,Applied marketing analytics,article,"Crisp, Dakota; Prantner, Jonathan; Miller, Grant; Claucherty, Jack; Thomas, Tom; Barnes, Danielle",backward,crossref|openalex,doi:10.4018/979-8-3693-3455-3.ch001,0
doi:10.69554/ubwb7147,2587,0.000000,Shifting processes: How to enable marketers to leverage a self-service platform,2018,10.69554/ubwb7147,Journal of digital & social media marketing.,article,"Price, Laura",backward,crossref|openalex,doi:10.4018/979-8-3693-3455-3.ch001,0
doi:10.69554/wuqt4128,2588,0.000000,Voice-activated change: Marketing in the age of artificial intelligence and virtual assistants,2018,10.69554/wuqt4128,Journal of brand strategy,article,"Jones, Valerie K.",backward,crossref|openalex,doi:10.1007/978-3-030-72080-3_20,0
doi:10.69554/ynvf4962,2589,0.000000,How to leverage internet of things data to generate benefits for sales and marketing,2020,10.69554/ynvf4962,Applied marketing analytics,article,"Ahlemeyer‐Stubbe, Andrea",backward,crossref|openalex,doi:10.4018/979-8-3693-3455-3.ch001,0
doi:10.69899/limes-plus-en-24212-3215k,2590,0.000000,"DIGITAL TECHNOLOGIES, AI AND CONSUMER BEHAVIOR: THE INFLUENCE OF INFLUENCERS",2025,10.69899/limes-plus-en-24212-3215k,Limes plus.,article,"Kralj, Svetlana; Nikolić, Tatjana Mamula",forward,openalex,doi:10.1016/j.bushor.2019.12.002,0
doi:10.69899/limes-plus24212-3207d,2591,0.000000,UTICAJ VEŠTAČKOM INTELIGENCIJOM PODRŽANIH USLUGA NA KORISNIČKO ISKUSTVO: PRIMER HOTELSKE INDUSTRIJE SRBIJE,2025,10.69899/limes-plus24212-3207d,Limes plus.,article,"Deđanski, Stevica; Jevtić, Boris",forward,openalex,doi:10.1007/s11747-019-00696-0,0
doi:10.69899/limes-plus24212-3233k,2592,0.000000,"DIGITALNE TEHNOLOGIJE, VEŠTAČKA INTELIGENCIJA I PONAŠANJE POTROŠAČA: UTICAJ INFLUENSERA",2025,10.69899/limes-plus24212-3233k,Limes plus.,article,"Kralj, Svetlana; Nikolić, Tatjana Mamula",forward,openalex,doi:10.1016/j.bushor.2019.12.002,0
doi:10.69930/jsi.v2i3.381,2593,0.000000,Artificial Intelligence in Food Marketing: Comparing Traditional Advertising Techniques with AI-Driven Strategies,2025,10.69930/jsi.v2i3.381,Journal of Scientific Insights,article,"Sucidha, Irma",forward,openalex,doi:10.1007/s11747-019-00696-0|doi:10.1007/s11747-020-00749-9,0
doi:10.70118/ajbam-02-2025-126,2594,0.000000,ARTIFICIAL INTELLIGENCE AND ENTERPRISE PERFORMANCE: INVESTIGATING THE EFFECT OF CHATBOTS AND VIRTUAL ASSISTANTS ON SMES’ CUSTOMER RETENTION IN FCT ABUJA,2025,10.70118/ajbam-02-2025-126,Abuja Journal of Business and Management,article,"Usman, Nana Bature; A., Yusuf Ibrahim",forward,openalex,doi:10.1007/s11747-020-00749-9,0
doi:10.70315/uloap.ulbec.2026.0301015,2595,0.000000,AI-Powered Content for Influencers as a Tool for Profit Growth in the US Market,2026,10.70315/uloap.ulbec.2026.0301015,Universal Library of business and economics.,article,"Verdieva, Polina",forward,openalex,doi:10.1007/s11747-019-00696-0|doi:10.1177/0008125619859317,0
doi:10.70577/asce.v5i2.868,2596,0.000000,Violencia estructural en las universidades públicas: el caso de estudiantes de Marketing Impulsado por Inteligencia Artificial Generativa: Efectos en la Confianza del Consumidor y la Autenticidad Percibida de la Marca,2026,10.70577/asce.v5i2.868,ASCE MAGAZINE,article,"Romero, Byron Andres Cocha; Romero, Washinton Gabriel Cocha; Montoya, Lizeth Carolina Mora; Romero, Luis Miguel Cocha",forward,openalex,doi:10.1007/s11747-019-00696-0|doi:10.1007/s11747-020-00749-9,0
doi:10.70627/sduifade.1748228,2597,0.000000,Reklamcılığın Stratejik ve Dinamik Bir Aktörü: Programatik Dijital Ev Dışı Reklamcılık,2025,10.70627/sduifade.1748228,SDÜ İFADE,article,"Dereli, Aytaç Burak",forward,openalex,doi:10.1016/j.chb.2020.106657|doi:10.1080/00913367.2019.1654421|doi:10.1504/ijbdm.2020.106876,0
doi:10.71204/1p7n5w97,2598,0.000000,A Literature Review on the Role of Artificial Intelligence in Marketing,2025,10.71204/1p7n5w97,The Development of Humanities and Social Sciences,article,"Wang, Zirui",forward,openalex,doi:10.1007/s11747-019-00696-0|doi:10.1007/s11747-020-00749-9,0
doi:10.71204/yswhgn91,2599,0.000000,Research on International Marketing in the Context of Intelligence,2026,10.71204/yswhgn91,Digital-Intelligent Economy and Scientific Management,article,"Shao, Xiaoqi; Fang, Juntao",forward,openalex,doi:10.1007/s11747-020-00749-9,0
doi:10.71235/rmee.243,2600,0.000000,CULTURAL MARKETING IN THE DIGITAL AGE,2026,10.71235/rmee.243,Review of Management and Economic Engineering,article,"TEGLAŞ, Malina-Paula UNGUREŞAN; Bacali, L.; BUDOIU, Oana BĂLAN",forward,openalex,doi:10.1177/18393349211037684,0
doi:10.71350/3062192589,2601,0.000000,Preventing complaints before they happen: How AI-driven sentiment analysis enables proactive service recovery,2025,10.71350/3062192589,Advanced Research Journal,article,"Dzreke, Simon Suwanzy; Dzreke, Semefa Elikplim",forward,openalex,doi:10.1007/s11747-020-00749-9,0
doi:10.71350/30624533112,2602,0.000000,Navigating the digital frontier: Transforming sales management for online sales and digital customer interactions,2025,10.71350/30624533112,Frontiers in Research,article,"Dzreke, Simon Suwanzy; Dzreke, Semefa Elikplim",forward,openalex,doi:10.1007/s11747-019-00696-0,0
doi:10.7456/tojdac.1566662,2603,0.000000,ARTIFICIAL INTELLIGENCE IN SOCIAL MEDIA MARKETING AND THE EFFECTS ON YOUTH- THE CASE OF INSTAGRAM,2024,10.7456/tojdac.1566662,The Turkish Online Journal of Design Art and Communication,article,"Sarıkaya, Büşra",forward,openalex,doi:10.1007/s11747-019-00696-0,0
doi:10.7717/peerj-cs.2583,2604,0.000000,Revolutionizing market surveillance: customer relationship management with machine learning,2024,10.7717/peerj-cs.2583,PeerJ Computer Science,article,"Shi, Xiangting; Zhang, Yakang; Yu, Manning; Zhang, Lihao",forward,openalex,doi:10.1007/978-3-030-72080-3_20,0
doi:10.7719/jpair.v63i1.976,2605,0.000000,Exploring the Adoption of Free Artificial Intelligence in E-Commerce Platforms: An Organizational and Customer-Centric Driver Strategically Shaping the Clothing Industry,2026,10.7719/jpair.v63i1.976,JPAIR Multidisciplinary Research,article,"Bernardo, Joana Mari",forward,openalex,doi:10.1007/978-3-030-72080-3_20,0
doi:10.7759/s44404-025-07931-8,2606,0.000000,Beyond the Bite: Artificial Intelligence's Hidden Influence on India’s Food Delivery Platforms,2025,10.7759/s44404-025-07931-8,Cureus Journal of Business and Economics.,article,"Munshi, Angad; Singla, Ashim Raj",forward,openalex,doi:10.1007/s11747-019-00696-0,0
doi:10.7759/s44404-026-00029-1,2607,0.000000,"Mapping Digital Marketing Analytics Literature: A Bibliometric Study of Research Trends, Gaps, and Emerging Theme",2026,10.7759/s44404-026-00029-1,Cureus Journal of Business and Economics.,article,"Chishti, Mohd Danish; Sinha, Happy; Junaid, Abdullah Bin",forward,openalex,doi:10.1007/s11747-019-00696-0,0
doi:10.7759/s44404-026-00184-z,2608,0.000000,&lt;p&gt;Adaptive Attention-Based Marketing: A Review of Emotion- and Context-Aware Approaches for Mobile App Engagement Optimization&lt;/p&gt;,2026,10.7759/s44404-026-00184-z,Cureus Journal of Business and Economics.,article,"Ghanvat, Sudipkumar; Joshi, Shreya; Jamdagni, Rohan; Shintre, Aditi",forward,openalex,doi:10.1007/s11747-020-00749-9,0
doi:10.7759/s44404-026-00192-z,2609,0.000000,&lt;p&gt;Decoding Consumer Responses to Personalized Marketing: An Empirical Study within the Stimulus–Organism–Response Framework&lt;/p&gt;,2026,10.7759/s44404-026-00192-z,Cureus Journal of Business and Economics.,article,"Murty, Anirudh K; Mohan, Ashutosh",forward,openalex,doi:10.1007/s11747-019-00696-0|doi:10.1007/s11747-020-00749-9|doi:10.1177/0008125619859317,0
doi:10.7862/rz.2026.mmr.07,2610,0.000000,IMPROVING CUSTOMER EXPERIENCE WITH PHONE CARRIERS THROUGH AI-DRIVEN AUTOMATION AND PREDICTIVE ANALYTICS,2026,10.7862/rz.2026.mmr.07,Modern Management Review,article,"Boukerch, Yahia; CHERNANE, Kamilia; FETTIH, Nesrine",forward,openalex,doi:10.1177/0008125619859317,0
doi:10.7903/cmr.22344,2611,0.000000,Digital Marketing: A Scientometric Review,2023,10.7903/cmr.22344,Contemporary Management Research,article,"Abdullah, Khairul Hafezad; Muzawi, Rometdo; Muzawi, Novri; Aziz, Fadzli Shah Abd",forward,openalex,doi:10.1016/j.indmarman.2020.07.022,0
doi:10.7916/d8-k7vk-0s40,2612,0.000000,Blurring the Line Between Human and Machine: Marketing Artificial Intelligence,2019,10.7916/d8-k7vk-0s40,,article,"Castelo, Noah",backward,crossref|openalex,doi:10.1007/s11747-019-00696-0,0
doi:10.9728/dcs.2025.26.8.2039,2613,0.000000,AI Content Types in Interactive Smart Package Design on Brand Attitude: Focusing on the Mediating Role of User Experience,2025,10.9728/dcs.2025.26.8.2039,Journal of Digital Contents Society,article,"Song, Chae-Won",forward,openalex,doi:10.1007/s11747-020-00749-9,0
doi:10.9734/jerr/2024/v26i61184,2614,0.000000,The Role of AI Enabled Chatbots in Omnichannel Customer Service,2024,10.9734/jerr/2024/v26i61184,Journal of Engineering Research and Reports,article,"Ghosh, S.; Ness, Stephanie; Salunkhe, Shruti",forward,openalex,doi:10.1108/ijrdm-08-2020-0312,0
doi:10.9781/ijimai.2016.361,2615,0.000000,Operating an Advertising Programmatic Buying Platform: A Case Study,2016,10.9781/ijimai.2016.361,International Journal of Interactive Multimedia and Artificial Intelligence,article,"Gonzalvez-Cabañas, Juan Carlos; Mochón, Francisco",backward,crossref|openalex,doi:10.25139/jsk.v5i3.3077|doi:10.4018/979-8-3693-7041-4.ch006,0
doi:10.9781/ijimai.2019.05.002,2616,0.000000,Marketing Intelligence and Big Data: Digital Marketing Techniques on their Way to Becoming Social Engineering Techniques in Marketing,2019,10.9781/ijimai.2019.05.002,International Journal of Interactive Multimedia and Artificial Intelligence,article,"Lies, Jan",backward,crossref|openalex,doi:10.1016/j.jik.2020.08.001|doi:10.1080/1051712x.2021.1920702|doi:10.4018/979-8-3693-3455-3.ch001,0
doi:10.9781/ijimai.2022.10.001,2617,0.000000,Marketing Intelligence: Boom or Bust of Service Marketing?,2022,10.9781/ijimai.2022.10.001,International Journal of Interactive Multimedia and Artificial Intelligence,article,"Lies, Jan",forward,openalex,doi:10.1007/s12599-015-0370-8,0
oa:W2277195622,2618,0.000000,Consumer Insight As Competitive Advantage Using Big Data and Analytics,2015,,International Journal of Commerce and Finance (Istanbul Commerce University),article,"Ertemel, Adnan Veysel",backward,openalex,doi:10.52970/grmilf.v3i1.398,0
oa:W2471293810,2619,0.000000,Using big data for customer centric marketing,2016,,OAR@UM (University of Malta),book-chapter,"Camilleri, Mark Anthony",backward,openalex,doi:10.1504/ijbdm.2019.10023294|doi:10.1504/ijbdm.2020.106876,0
oa:W2730984775,2620,0.000000,Investigating Personalized Search in E-Commerce.,2017,,The Florida AI Research Society,article,"Jannach, Dietmar; Ludewig, Malte",backward,openalex,doi:10.1007/978-3-030-72080-3_20,0
oa:W2792426685,2621,0.000000,Data Driven Marketing as a New Approach to Business Development and Sales Methods,2018,,Revista ESPACIOS,article,"Veynberg, Roman; Timofeev, A.; Popov, A.A.; Борцова, Д. Э.",backward,openalex,doi:10.4018/979-8-3693-3455-3.ch001,0
oa:W2794590919,2622,0.000000,HubSpot and Motion AI: Chatbot-Enabled CRM,2018,,,article,"Avery, Jill; Steenburgh, Thomas J.",backward,openalex,doi:10.1007/s11747-020-00749-9,0
oa:W3103255514,2623,0.000000,EMOTIONAL AI AND ITS CHALLENGES IN THE VIEWPOINT OF ONLINE MARKETING,2020,,Repository of the Academy's Library (Library of the Hungarian Academy of Sciences),article,"Pusztahelyi, Réka",forward,openalex,doi:10.1007/s11747-019-00696-0,0
oa:W3105140685,2624,0.000000,Real-Time Bidding by Reinforcement Learning in Display Advertising,2017,,UCL Discovery (University College London),conference-paper,"H, Cai,; K, Ren,; W, Zhag,; K, Malialis,; J, Wang,; Y, Yu,; D, Guo,",backward,openalex,doi:10.1109/cifer.2019.8759106|doi:10.5220/0007395502560265,0
oa:W3118712775,2625,0.000000,Ecommerce: An Efficient Digital Marketing Data Mining Framework to Predict Customer Performance,2020,,Journal of the International Academy of Case Studies,article,"Zare, Mansoureh; Shakeri, Hassan; Mahmoudi, Roya",forward,openalex,doi:10.1016/j.jik.2020.08.001,0
oa:W3159524124,2626,0.000000,Evaluating artificial short message service campaigns through rule based multi-instance multi-label classification,2021,,KTH Publication Database DiVA (KTH Royal Institute of Technology),conference-paper,"Sahlin, Johannes; Sundell, Håkan; Alm, Håkan; Holgersson, Jesper",forward,openalex,doi:10.1007/s11747-019-00696-0,0
oa:W3173210353,2627,0.000000,Micro-targeting and non-profit marketing: loss of serendipity or effective strategy?,2021,,Stirling Online Research Repository (University of Stirling),conference-paper,"Bernardi, Chiara De; Pino, Carlos Alberto Mendieta",forward,openalex,doi:10.1016/j.chb.2020.106657,0
oa:W3207126240,2628,0.000000,The Pitfalls of Pricing Algorithms: Be Mindful of How They Can Hurt Your Brand,2021,,London Business School Research Online (London Business School),article,"Bertini, Marco; Koenigsberg, Oded",backward,openalex,doi:10.58830/ozgur.pub610.c2592|doi:10.58830/ozgur.pub610.c2595,0
oa:W962182742,2629,0.000000,Automatyzacja personalizacji reklamy internetowej,2015,,Marketing i Rynek,article,"Borusiak, Barbara; Pierański, Bartłomiej; Romanowski, Robert; Strykowski, Sergiusz",backward,openalex,doi:10.1080/17510694.2021.2025001,0
sig:020ddfe0a394d550,2630,0.000000,Artificial Intelligence (AI). Marketing touchpoints,2021,,International Journal of Economic Performance,,Abi K.,backward,crossref,doi:10.1080/0965254x.2022.2148269,1
sig:042423e988567157,2631,0.000000,"GEC Designs. 
                  https://gecdesigns.com/blog/impact-of-artificial-intelligence-on-digital-marketing",,,,,,backward,crossref,doi:10.1007/978-3-030-12453-3_143,1
sig:04946099116d81d8,2632,0.000000,"Programmatic advertising the successful transformation to automated, data-driven marketing in real-time",2016,,,,O Bucsh,backward,crossref,doi:10.1007/978-3-658-29995-8_5,1
sig:04bad157e8a73724,2633,0.000000,"Avery, J. (2018). Tailor brands: Artificial intelligence-driven branding. Harvard Business School Case 519–017, (August).",,,,,,backward,crossref,doi:10.1007/s11747-020-00749-9,1
sig:052ed0b5fb41f2d5,2634,0.000000,How is marketing’s technology stacking up?,2020,,,,B2B Marketing,backward,crossref,doi:10.1080/1051712x.2021.1920702,1
sig:067dd391f963610c,2635,0.000000,"Veynberg, R. R., Timofeev, A., Popov, A. A., & Bortsova, D. E. (2018). Data driven marketing as a new approach to business development and sales methods. Espacios, 39(12).",,,,,,backward,crossref,doi:10.4018/979-8-3693-3455-3.ch001,1
sig:08053f1e399551a6,2636,0.000000,Ascarza Eva Michael Ross and Bruce G. S. Hardie. 2021. “Why You Aren’t Getting More from Your Marketing AI.” Harvard Business Review July-August. https://hbr.org/2021/07/why-you-arent-getting-more-from-your-marketing-ai.,,,,,,backward,crossref,doi:10.1080/00913367.2022.2111728,1
sig:0878e11528ab0fa5,2637,0.000000,Data governance in the age of programmatic advertising,2020,,EContent,,Perrin,backward,crossref,doi:10.1016/j.chb.2020.106657,1
sig:09be822d494d041a,2638,0.000000,"Funnel Overload. 2020. Marketing automation statistics: The definitive list. Accessed October 28, 2020. https://funneloverload.com/marketing-automation-statistics/.",,,,,,backward,crossref,doi:10.1080/1051712x.2021.1920702,1
sig:0b0fcaad2c556589,2639,0.000000,AI-based chatbot service for financial industry,2018,,Fujitsu Scientific and Technical Journal,,,backward,crossref,doi:10.1108/ijrdm-08-2020-0312,1
sig:0cc51e27874d38eb,2640,0.000000,"Data, Algorithmic Model, and Decision-Making: The Development of Computational Advertising,”",2018,,Journalism Bimonthly,,Duan Chunlin,backward,crossref,doi:10.1080/00913367.2019.1654421,1
sig:0ef1d3d678dac05d,2641,0.000000,Hummel’s Digital Transformation Toward Omnichannel Retailing: Key Lessons Learned,2015,,MIS Quarterly Executive,,Hansen R.,backward,crossref,doi:10.1155/hbe2/6675139,1
sig:120a8697238fe6d4,2642,0.000000,O’SheaM. (2019). Understanding the Value Chain in Programmatic Advertising. Haaga-Helia University of Applied Studies.,2019,,Understanding the Value Chain in Programmatic Advertising,,M.O’Shea,backward,crossref,doi:10.4018/979-8-3693-7041-4.ch006,1
sig:12c26d8560bbb174,2643,0.000000,"Heimann, T. (2013). Supply-Side-Plattformen – ein Leitfaden für die Verkaufsseite. In BVDW (Hrsg.) Kompass programmatic advertising (p. 16). Düsseldorf: BVDW. Published in September 2014.",,,,,,backward,crossref,doi:10.1007/978-3-319-25023-6_1,1
sig:138e0b93f85aeb9c,2644,0.000000,Business Insider Intelligence (2018). AI in marketing: how brands can improve personalization enhance ad targeting and make their marketing teams more agile Retrieved from https://www.businessinsider.com/ai-marketing-report-2018-3.,,,,,,backward,crossref,doi:10.1016/j.ausmj.2020.04.002,1
sig:1411a73aec366954,2645,0.000000,"Rach, M. (2021). The impact of marketing technologies on the marketing return on investment. Maastricht School of Management.",,,,,,backward,crossref,doi:10.1007/978-3-031-20040-3_27,1
sig:1523580ff3d6871f,2646,0.000000,Chatbot e-service and customer satisfaction regarding luxury brands,2020,,Journal of Business Research,,,backward,crossref,doi:10.1108/ijrdm-08-2020-0312,1
sig:1599d4b75f40e4fc,2647,0.000000,"Tse, K. (2017, January 30). Understanding Programmatic Advertising: A Brief Look at Its History. WIRED_MESH. https://medium.com/wired-mesh/understanding-programmatic-advertising-a-brief-look-at-its-history-411dd5842304",,,,,,backward,crossref,doi:10.4018/979-8-3693-7041-4.ch006,1
sig:16877107917067b6,2648,0.000000,"Puscher, F. (2019). „Programmatic Advertising“. Denn sie wissen nicht, was sie tun. Absatzwirtschaft, 5, 44–46.",2019,,Absatzwirtschaft,,F Puscher,backward,crossref,doi:10.1007/978-3-658-29995-8_5,1
sig:1724b79c6b1aecb6,2649,0.000000,"Cannella, J.: Artificial Intelligence In Marketing [Honors thesis, Arizona State University] (2018)",,,,,,backward,crossref,doi:10.1007/978-3-031-96930-0_11,1
sig:1c60de98f23cbd61,2650,0.000000,Dawar Niraj. 2018. “Marketing in the Age of Alexa.” Harvard Business Review May-June. https://hbr.org/2018/05/marketing-in-the-age-of-alexa.,,,,,,backward,crossref,doi:10.1080/00913367.2022.2111728,1
sig:1f8b7553e4c4bf03,2651,0.000000,"Accenture. (2014) ‘Cutting Across the CMO CIO Divide’, available at http://www.accenture.com/us-en/Pages/insight-cmo-cio-alignment-digital-summary.aspx#gap , accessed 22 Feb 2015.",,,,,,backward,crossref,doi:10.1057/dddmp.2015.29,1
sig:2217c93ce7124a0f,2652,0.000000,Gibson D. (2018). Ad fraud & brand safety remain the biggest programmatic issues say DTA USA judges. The Drum (blog). https://www.thedrum.com/news/2018/08/07/ad-fraud-brand-safety-remain-the-biggest-programmatic-issues-say-dta-usa-judges,,,,,,backward,crossref,doi:10.1080/0965254x.2022.2148269,1
sig:26d8f4af6920aa3b,2653,0.000000,"Antonio, V. (2018). How AI is changing sales. Harvard Business Review, July 30. Retrieved February 11, 2019 from https://hbr.org/2018/07/how-ai-is-changing-sales .",,,,,,backward,crossref,doi:10.1007/s11747-019-00696-0,1
sig:2b7c6553444803ad,2654,0.000000,77% of marketing execs see AI adoption growing this year,2018,,Forbes,,Columbus,backward,crossref,doi:10.1016/j.bushor.2019.12.002,1
sig:2bbeb94ad730f29f,2655,0.000000,Potential of big data for marketing: A literature review,2020,,Management Research and Practice,,Rejeb A.,backward,crossref,doi:10.1080/10696679.2023.2166535,1
sig:2c256fe765b4e2d6,2656,0.000000,"Ercan, H.D., Tanrıverdi, N.S., Taşkın, N.: A systematic literature review for artificial intelligence in advertising. In: Proceedings: International Conference on Information Resources Management (CONF-IRM), vol. 1 (2024)",,,,,,backward,crossref,doi:10.1007/978-3-031-96930-0_11,1
sig:2cd40b951a9d42a7,2657,0.000000,"HofR.
          OpenX aims to boost publishers' online ads with new SSP technology2014",,,,,,backward,crossref,doi:10.3389/fpsyg.2022.856663,1
sig:312d5316a0ed4472,2658,0.000000,Brown Annie. 2021. “A Smarter Type of Ad Is Already Here But How Can We Make the Most of Ethical Artificially Intelligent Marketing?.” Forbes 31 October. https://www.forbes.com/sites/anniebrown/2021/10/31/a-smarter-type-of-ad-is-already-here-but-how-can-we-make-the-most-of-ethical-artificially-intelligent-marketing/?sh=2c34ec811fb1.,,,,,,backward,crossref,doi:10.1080/00913367.2022.2111728,1
sig:3143bff50789a380,2659,0.000000,"Top Rank Marketing. 
                  http://www.toprankblog.com/2018/02/artificial-intelligence-transforming-marketing",,,,,,backward,crossref,doi:10.1007/978-3-030-12453-3_151,1
sig:31cd27521d4b8407,2660,0.000000,IAB (2018) “Programmatic In-Housing: Benefits Challenges and Key Steps to Building Internal Capabilities ” Interactive Advertising Bureau May https://www.iab.com/wp-content/uploads/2018/05/IAB_Programmatic-In-Housing-Whitepaper_v5.pdf.,,,,,,backward,crossref,doi:10.1080/00913367.2019.1654421,1
sig:31f7503293a9111e,2661,0.000000,An analysis on building brand awareness through digital marketing initiatives,2020,,"International Journal of Research in Engineering, Science and Management",,Krishnaprabha,backward,crossref,doi:10.1016/j.techsoc.2020.101425,1
sig:32f2c88c9912fe73,2662,0.000000,"K. L. Brungot, The readiness of the Norwegian maritime industry for implementation of marketing automation, thesis, NTNU (2021).",,,,,,backward,crossref,doi:10.1142/s0219622025500981,1
sig:35c01603253a8f60,2663,0.000000,"Charles Thomas Scott, J. (2019). The Impact of Programmatic Advertising on Local Broadcast Television. In Drexe; University. Drexel University.",,,,,,backward,crossref,doi:10.25139/jsk.v5i3.3077,1
sig:36d5a9ddec1f4311,2664,0.000000,"Content marketing automation – What lasts, becomes really good. Marketing and sales automation",2021,,,,U Hannig,backward,crossref,doi:10.1007/978-3-031-20040-3_15,1
sig:3cbe8ba77c2f4ceb,2665,0.000000,"How Hharley-Davidson used artificial intelligence to increase New York sales leads by 2,930%",2017,,Harv. Bus. Rev,,Power B.,backward,crossref,doi:10.1016/j.ausmj.2020.04.002,1
sig:40fa39590828e460,2666,0.000000,"Mustakallio, I. 2016. Framework for marketing automation: Case vaisala. Thesis Masters’ Thesis. Lappeenranta University of Technology, School of Industrial Management, Lappeenranta, Finland",,,,,,backward,crossref,doi:10.1080/1051712x.2021.1920702,1
sig:425bb07139ba74d3,2667,0.000000,"“Programmatic Everything: Is this the future of advertising?”, in Proceedings of the 2017",2017,,American Academy of Advertising,,Gangadharbatla,backward,crossref,doi:10.1016/j.techfore.2019.03.020,1
sig:454cdfd2d59e8dd7,2668,0.000000,In AI we trust? ‘The effects of parasocial interaction and technopian versus luddite ideological views on chatbot-based customer relationship management in the emerging’ feeling economy,2021,,Computers in Human Behavior,,,backward,crossref,doi:10.1108/ijrdm-08-2020-0312,1
sig:499331736ae140e8,2669,0.000000,"Sutton, D. (2018). How AI helped one retailer reach new customers. Harvard Business Review, (may 28), https://hbr.org/2018/05/how-ai-helped-one-retailer-reach-new-customers.",,,,,,backward,crossref,doi:10.1007/s11747-020-00749-9,1
sig:4ce6e4a785b607ed,2670,0.000000,"Knorex (2026, January 20). Knorex XPO: AI-powered Cross-Channel Programmatic Advertising Platform. Available online: https://www.knorex.com.",,,,,,backward,crossref,doi:10.3390/jtaer21060179,1
sig:4d8b7a1bd298b59d,2671,0.000000,Forrester data: Marketing automation technology forecast 2017-2023 (Global) (2018),2018,,,,Forrester,backward,crossref,doi:10.1080/1051712x.2021.1920702,1
sig:4f14adcda84a7c34,2672,0.000000,Automatyzacja personalizacji reklamy internetowej,2015,,Marketing i Rynek,,Borusiak B.,backward,crossref,doi:10.1080/17510694.2021.2025001,1
sig:4f7911319d4cb137,2673,0.000000,"Rogovskiy, V. (2018). Council Post: Three Reasons Programmatic Technologies Should Be Part Of Your Marketing Strategy. Forbes. https://www.forbes.com/sites/forbestechcouncil/2018/03/01/three-reasons-programmatic-technologies-should-be-part-of-your-marketing-strategy/",,,,,,backward,crossref,doi:10.4018/979-8-3693-7041-4.ch006,1
sig:528a21e7ce36bb88,2674,0.000000,"Babet, A. 2020. Utilization of personalization in marketing automation and email marketing. Master’s Thesis, School of Business and Management, Degree Programme in International Marketing Management, Lappeenranta-Lahti University of Technology, Lappeenranta, Finland",,,,,,backward,crossref,doi:10.1080/1051712x.2021.1920702,1
sig:528f5d5e1aa6eeae,2675,0.000000,Interactive Advertising Bureau: Programmatic and Automation – The Publishers’ Perspective (2013). https://www.iab.com/wp-content/uploads/2015/06/IAB_Digital_Simplified_Programmatic_Sept_2013.pdf,,,,,,backward,crossref,doi:10.1007/978-3-031-96930-0_11,1
sig:5297a6d6e42208e5,2676,0.000000,New marketing automation hits the mark,2016,,Customer Relationship Management,,Del Rowe,backward,crossref,doi:10.1016/j.indmarman.2019.12.008,1
sig:52bd6ae299f17736,2677,0.000000,"Hüttermann, M., Rüeger, B., Merdzanovic, A., Wyss, S., Bulatovic, A., Strässner, A.M., Suvada, A.: Swiss MarTech Studie (2021)",,,,,,backward,crossref,doi:10.1007/978-981-97-3698-0_18,1
sig:53c8f7bd5d88e0a4,2678,0.000000,"Sluis, S. (2015). Procter & Gamble CMO Pritchard: Programmatic delivers business lift. Ad exchanger, 
                    http://adexchanger.com/brand-aware/procter-gamble-cmo-pritchard-programmatic-delivers-business-lift
                    
                  . Published on 6 Mar 2015.",,,,,,backward,crossref,doi:10.1007/978-3-319-25023-6_1,1
sig:53fefdc31672d150,2679,0.000000,"Wang, J., Zhang, W. and Yuan S. (2016), “Display Advertising with Real-Time Bidding (RTB) and Behavioural Targeting,” arXiv:1610.03013.",,,,,,backward,crossref,doi:10.1007/978-3-658-22681-7_3,1
sig:548b3a2b7ffc1f6e,2680,0.000000,"Detscher, S., Handschuh, M., Lorch, M., Müller, C., & Preiss, P. (2018). Fin Sales Tech: Artifizielle Intelligenz im Marketing und im Vertrieb von Kapitalmarktprodukten. Marketing Review St. Gallen, 4(2018), 36–43.",2018,,Marketing Review St. Gallen,,S Detscher,backward,crossref,doi:10.1007/978-3-658-46399-1_72-1,1
sig:55826f6f4cde154c,2681,0.000000,Frontiers: Machines versus humans: The impact of AI chatbot disclosure on customer purchases,2019,,Marketing Science,,Luo X.,backward,crossref,doi:10.1080/0965254x.2022.2148269,1
sig:56d20b37b38807cf,2682,0.000000,"Sustainable digital transformation for ambidextrous digital marketing firms: Systematic literature review, meta-analysis and agenda for future research directions, sustainable technology & entrepreneurship (STE)",2022,,,,,backward,crossref,doi:10.1108/978-1-83549-568-120251012,1
sig:58d7e0e0a4d6f6bb,2683,0.000000,Algorithmic hyper-personalization: The double-edged sword of predictive personalization-An empirical investigation,2024,,J. Eng. Comput. Intell. Rev.,,Mohiuddin,backward,crossref,doi:10.3390/jtaer21060179,1
sig:5a77965d5f3e9fc4,2684,0.000000,"Neumann, N., Tucker, C. E., & Whitfield, T. (2019). Frontiers: How effective is third-party consumer profiling? Evidence from field studies. Marketing Science, 38(6), 918–926.",2019,,Marketing Science,,N Neumann,backward,crossref,doi:10.1007/s11747-020-00749-9,1
sig:5b59b2cbeaecdc9f,2685,0.000000,"Roloff, F. (2013). Mobile programmatic advertising – ein Trend. In BVDW (Hrsg.) Kompass programmatic advertising (p. 41). Düsseldorf: BVDW. Published in September 2014.",,,,,,backward,crossref,doi:10.1007/978-3-319-25023-6_1,1
sig:5d2f2816ba64d2b1,2686,0.000000,"S. Hamm, Boost customer satisfaction with automated marketing and CRM [online] Available at: https://www.business2community.com/marketing-automation/boost-customer-satisfaction-automated-marketing-crm-02037045 (Accessed 16 July 2019).",,,,,,backward,crossref,doi:10.1142/s0219622025500981,1
sig:6258cf9e6caebd88,2687,0.000000,"Schulze-Geissler, A. (2013). Real-Time Advertising wird Außenwerbung beeinflussen. Adzine, 
                    http://www.adzine.de/de/site/artikel/9351/adtrading-rtb/2013/10/real-time-advertising-wird-aussenwerbung-beeinflussen
                    
                  . Erscheinungsdatum 23 Oct 2013.",,,,,,backward,crossref,doi:10.1007/978-3-319-25023-6_1,1
sig:625d1a066a99cb14,2688,0.000000,"Infrastructures of automation: Objects, metrics and practices in the programmatic advertising ecosystem",2017,,,,Alaimo,backward,crossref,doi:10.1016/j.techfore.2019.03.020,1
sig:63349e70409edffc,2689,0.000000,"Gangadharbatla, H., Govindan, S., Prince, H., Ligon, D., & Paramithiotti, A. (2017). Programmatic everything: Is this the future of advertising? In Proceedings of the 2017 American academy of advertising (S. 158–160).",,,,,,backward,crossref,doi:10.1007/978-3-658-29995-8_5,1
sig:63d0fff1584639dd,2690,0.000000,"Frontier, T. H. E., Optimization, O. F., & Bidding, I. N. R. (2020). Feedback Control in Programmatic Advertising.",,,,,,backward,crossref,doi:10.25139/jsk.v5i3.3077,1
sig:690b67b74a1df5bd,2691,0.000000,Optimization and reconstruction: Research on the development of China’s smart advertising Industry,2017,,Contemporary Communications,,Liao B.,backward,crossref,doi:10.1080/0965254x.2022.2148269,1
sig:6b3e9f38f8b04de6,2692,0.000000,"Systems and Methods for Automatic Creation, Optimization, Targeting, and Delivery of Real-Time Advertising",2015,,,,,backward,crossref,doi:10.1108/itp-09-2019-0480,1
sig:6e33eb6214ebbd48,2693,0.000000,"Luo, X., Tong, S., Fang, Z. & Zhe, Q. (2019). Machines vs. humans: The impact of chatbot disclosure on consumer purchases. Unpublished working paper.",,,,,,backward,crossref,doi:10.1007/s11747-019-00696-0,1
sig:6e7a817b76a9b863,2694,0.000000,"Harding, K. (2017). AI and machine learning for predictive data scoring. Retrieved February 11, 2019 from https://www.objectiveit.com/blog/use-ai-and-machine-learning-for-predictive-lead-scoring on 13 February 2019 .",,,,,,backward,crossref,doi:10.1007/s11747-019-00696-0,1
sig:6ef98109547ac3cf,2695,0.000000,"Gaudin, S. (2016). At stitch fix, data scientists and a.I. become personal stylists. Retrieved February 11, 2019 from https://www.computerworld.com/article/3067264/artificial-intelligence/at-stitch-fix-data-scientists-and-ai-become-personal-stylists.html .",,,,,,backward,crossref,doi:10.1007/s11747-019-00696-0,1
sig:731b038ae1ed1cfd,2696,0.000000,How AI is impacting the voice of the customer landscape,2018,,CMS Wire,,Dunwoodie,backward,crossref,doi:10.1016/j.bushor.2019.12.002,1
sig:76521a535e41c0b5,2697,0.000000,"Power, B. (2017, May 30). How harley-davidson used artificial intelligence to increase new york sales leads by 2,930%. Retrieved December 18, 2020, from Artificial intelligence in marketing, (Vol. 124). https://hbr.org/2017/05/how-harley-davidson-used-predictive-analytics-to-increase-new-york-sales-leads-by-2930.",,,,,,backward,crossref,doi:10.1007/978-3-030-72080-3_20,1
sig:76fef7aca63507ec,2698,0.000000,"Shea, M. O., & Shea, M. O. (2019). Understanding the Value Chain in Programmatic Advertising. December.",,,,,,backward,crossref,doi:10.25139/jsk.v5i3.3077,1
sig:77d8cf040af79708,2699,0.000000,"Buske, F.: Ohne Daten kein Programmatic Advertising setzt die DSGVO automatisierter Werbung jetzt ein Ende? [No programmatic advertising without data is the GDPR now putting an end to automated advertising?]. https://www.absatzwirtschaft.de/ohne-daten-kein-programmatic-advertising-setzt-die-dsgvo-automatisierter-werbung-jetzt-ein-ende-220434. Accessed 22 June 2018",,,,,,backward,crossref,doi:10.1007/978-3-031-96930-0_11,1
sig:7c2d7b443e067e18,2700,0.000000,"Dawar, N., & Bendle, N. (2018). Marketing in the age of Alexa. Harvard Business Review, 96(3), 80–86.",2018,,Harvard Business Review,,N Dawar,backward,crossref,doi:10.1007/978-3-030-72080-3_20,1
sig:7f21c8930ea3028e,2701,0.000000,"Power, B. (2017). How AI is streamlining marketing and sales. Harvard Business Review, June 12. Retrieved February 11, 2019 from https://hbr.org/2017/06/how-ai-is-streamlining-marketing-and-sales .",,,,,,backward,crossref,doi:10.1007/s11747-019-00696-0,1
sig:82dead345398de3d,2702,0.000000,Marketing 5.0: Technology for humanity,2021,,,,Kotler P.,backward,crossref,doi:10.1080/0965254x.2022.2148269,1
sig:850d347cf0265c70,2703,0.000000,B2B Marketing Automation Platforms: A Marketer’s Guide,2018,,,,Karen K. B.,backward,crossref,doi:10.1142/s0219622025500981,1
sig:88be611e75b35b67,2704,0.000000,"Brinker, S. (2021). 2021: The Year Martech Shrank — Just Kidding (A Year in Review). Accessed April 04, 2022, from https://chiefmartec.com/2021/12/2021-the-year-martech-shrank-just-kidding-a-year-in-review/",,,,,,backward,crossref,doi:10.1007/978-3-031-20040-3_27,1
sig:8bedfc70d05dfce3,2705,0.000000,"Athira. (2023a). Emerging Technologies in Digital Marketing: How AI, AR, and VR Will Shape the Future. Medium.",,,,,,backward,crossref,doi:10.2174/9789815274707124010011,1
sig:8e9386c74bafc6b8,2706,0.000000,Programmatic: packed with potential and peril,2015,,,,Benady,backward,crossref,doi:10.1016/j.techfore.2019.03.020,1
sig:926840b3d58db4a4,2707,0.000000,The use of digital analytics for measuring and optimizing digital marketing performance,2016,,Jyväskylä Studies in Business and Economics,,Järvinen,backward,crossref,doi:10.1016/j.indmarman.2019.12.008,1
sig:92e6fc6bd05d7116,2708,0.000000,"Hannich, F., Fuchs, R., Rüeger, B., Hüttermann, M., Klaas, M., Müller, S., ... Kübler, D.L.: Swiss Marketing Leadership Studie 2016: digitale Transformation im Marketing (2016)",,,,,,backward,crossref,doi:10.1007/978-981-97-3698-0_18,1
sig:9352ad968bd008a1,2709,0.000000,"Hübinette, S.: The true effects of programmatic display marketing: A study on how advertisers could make use of programmatic in the different stages of the customer journey [Master thesis, KTH Royal Institute of Technology] (2017)",,,,,,backward,crossref,doi:10.1007/978-3-031-96930-0_11,1
sig:93940ca7ac21967f,2710,0.000000,"Lampinen, A. 2018. Utilising marketing automation to support sales in digital business-to-business environment. Master’s Thesis, University of Jyväskylä, School of Business and Economics, Jyväskylä, Finland",,,,,,backward,crossref,doi:10.1080/1051712x.2021.1920702,1
sig:93e818385ab096d9,2711,0.000000,"IBM’s interactive AI ads reach more sites, brands",2018,,Industry Dive,,Sweeney,backward,crossref,doi:10.1016/j.bushor.2019.12.002,1
sig:95de22a8a1401412,2712,0.000000,"Rayport, J. F. 2015. ‘Is programmatic advertising the future of marketing?’, Harvard Business Review [online] https://hbr.org/2015/06/is-programmatic-advertising-the-future-of-marketing (accessed 23 May 2018).",,,,,,backward,crossref,doi:10.1080/1051712x.2021.1920702,1
sig:969cfa95c6258578,2713,0.000000,"Kietzmann, J., Paschen, J., & Treen, E. (2018a). Artificial Intelligence in advertising: How marketers can leverage Artificial Intelligence along the consumer journey. Journal of Marketing Research, 58(3), 263–267.",2018,,Journal of Marketing Research,,J Kietzmann,backward,crossref,doi:10.1007/978-3-030-72080-3_20,1
sig:96ade1bae7ea6f34,2714,0.000000,Bardowicks B. Busch O. (2013). Diskussionspapier: programmatic advertising. Retrieved from https://www.bvdw.org/medien/bvdw-diskussionspapier-beleuchtet-entwicklungen-im-/.,,,,,,backward,crossref,doi:10.1016/j.ausmj.2020.04.002,1
sig:971872b7b40679c4,2715,0.000000,"Gonzalvez-Cabañas, J.C., Mochón, F.: Operating an advertising programmatic buying platform: a case study. Int. J. Interactive Multimedia Artif. Intell. 3(6), 6–15 (2016)",2016,,Int. J. Interactive Multimedia Artif. Intell.,,JC Gonzalvez-Cabañas,backward,crossref,doi:10.1007/978-3-031-96930-0_11,1
sig:98f24a980da529b2,2716,0.000000,"AgarwalaR. (2021). Hands-on programmatic in-house digital advertising: Learn data design, AI implementation, bidding strategies, and strategic thinking. BPB Publications.",2021,,"Hands-on programmatic in-house digital advertising: Learn data design, AI implementation, bidding strategies, and strategic thinking",,R.Agarwala,backward,crossref,doi:10.4018/979-8-3693-7041-4.ch003,1
sig:9a7773a99476bec4,2717,0.000000,"Gertz, O., & McGlasham, deirdre. (2014). Consumer-Centric Programmatic Advertising. In O. Busch (Ed.), Programmatic Advertising: The Successful Transformation to Automated, Data-Driven Marketing in Real-Time (pp. 55–74). Springer.",,,,,,backward,crossref,doi:10.4018/979-8-3693-7041-4.ch006,1
sig:9af5636b1fd7405c,2718,0.000000,Kaput Mike. 2022. “Artificial Intelligence in Advertising: Everything You Need to Know.” Marketing Artificial Intelligence Institute 10 March. https://www.marketingaiinstitute.com/blog/ai-in-advertising.,,,,,,backward,crossref,doi:10.1080/00913367.2022.2111728,1
sig:9bc4d14dda00f308,2719,0.000000,"Salmi, M. 2020. Aligning marketing and sales – the case of marketing automation in finnish B2B companies, Master’s Thesis, Tampere University. Degree Programme in Economics and Business Administration/Marketing. Tampere, Finland.",,,,,,backward,crossref,doi:10.1080/1051712x.2021.1920702,1
sig:9d506a9b17b85ad2,2720,0.000000,"L. Wizdo and M. Threadgill, Now Tech: Marketing Automation Platforms, Q3 2021 (Forrester Research, 30 Aug 2021; Report No. RES176138).",,,,,,backward,crossref,doi:10.1142/s0219622025500981,1
sig:9f58422ab7cb6b95,2721,0.000000,"Power, B. (2017). How Harley-Davidson used artificial intelligence to increase New York sales leads by 2,930%. Harvard Business Review digital article, (may 30), https://hbr.org/2017/05/how-harley-davidson-used-predictive-analytics-to-increase-new-york-sales-leads-by-2930.",,,,,,backward,crossref,doi:10.1007/s11747-020-00749-9,1
sig:a459f53ac28c040c,2722,0.000000,"Smart Insights. 
                  https://www.smartinsights.com/tag/artificial-intelligence-ai-for-marketing",,,,,,backward,crossref,doi:10.1007/978-3-030-12453-3_151,1
sig:a537815df3c3222e,2723,0.000000,Advance Metrics: Programmatic Advertising – Optimiertes Targeting [Programmatic advertising - optimised targeting]. https://www.advance-metrics.com/de/blog/programmatic-advertising-optimiertes-targeting/. Accessed 11 Nov 2021,,,,,,backward,crossref,doi:10.1007/978-3-031-96930-0_11,1
sig:a57025bc663903d3,2724,0.000000,Advertising benefits from ethical artificial intelligence algorithmic purchase decision pathways,2022,,Journal of Business Ethics,,Rodgers W.,backward,crossref,doi:10.1080/0965254x.2022.2148269,1
sig:a5e3f14ffc3d8d7c,2725,0.000000,"I. Mustakallio, Framework for marketing automation: Case Vaisala, master’s thesis, Lappeenranta University of Technology (2016).",,,,,,backward,crossref,doi:10.1142/s0219622025500981,1
sig:a648ba03d88d307b,2726,0.000000,Interactive Advertising Bureau: Attitudes to Programmatic Advertising Report 2024. Programmatic-Advertising-Report-Nov-2024.pdf (2024),,,,,,backward,crossref,doi:10.1007/978-3-031-96930-0_11,1
sig:a68cf2f3ae401ec4,2727,0.000000,Real-time bidding: a new Frontier of computational advertising research,2015,,,,,backward,crossref,doi:10.1108/itp-09-2019-0480,1
sig:a74158ab946cf497,2728,0.000000,Programmatic Everything: Is this the future of advertising?,2017,,American Academy of Advertising,,Gangadharbatla,backward,crossref,doi:10.1016/j.chb.2020.106657,1
sig:abb4a20d8411250a,2729,0.000000,"Chickering DA, Heckerman D (2000) A decision theoretic approach to targeted advertising. In: Proceedings of the sixteenth conference on uncertainty in artificial intelligence. Morgan Kaufmann Publishers Inc., pp 82–88",,,,,,backward,crossref,doi:10.1007/978-3-030-48230-5_7,1
sig:abe248b0d5f78bff,2730,0.000000,The AI-Empowered Marketer: How Artificial Intelligence Enhances the Marketer,2017,,,,Marketo,backward,crossref,doi:10.1142/s0219622025500981,1
sig:ad3daafa51b5e8c1,2731,0.000000,A Study on Programmatic Buying in the Era of Big Data,2015,,News Research,,Huang J.,backward,crossref,doi:10.1080/17510694.2021.2025001,1
sig:ae04f3e386c03c43,2732,0.000000,"Reisch, S., & Rinderle, S. (2013). Real time bidding – Next level performance marketing. 
                    http://www.bluesummit.de/wp-content/uploads/2013/02/blueSummit-Whitepaper_Real-Time-Bidding.pdf
                    
                  . Publication date undisclosed, p. 13.",,,,,,backward,crossref,doi:10.1007/978-3-319-25023-6_1,1
sig:b568bd8a9615d574,2733,0.000000,"M. Salmi, Aligning marketing and sales — The case of marketing automation in Finnish B2B, thesis, Tampere University (2020).",,,,,,backward,crossref,doi:10.1142/s0219622025500981,1
sig:b663b9dfea806049,2734,0.000000,How artificial intelligence will change the future of marketing,2019,,J. Acad. Mark. Sci,,Davenport T.,backward,crossref,doi:10.1016/j.ausmj.2020.04.002,1
sig:ba9a2832db7076be,2735,0.000000,"Hüttermann, M., Hannich, F., Fuchs, R., Rüeger, B., Müller, S., Kübler, D.L., ... Haarmann, J.: Swiss Marketing Leadership Studie 2017: Emotionen in einer digitalisierten Welt (2017)",,,,,,backward,crossref,doi:10.1007/978-981-97-3698-0_18,1
sig:bb3dbcd246a955ca,2736,0.000000,"Datorama. 
                  https://cdn2.hubspot.net/hubfs/2635477/How%20AI%20is%20Transforming%20Marketing_Datorama.pdf",,,,,,backward,crossref,doi:10.1007/978-3-030-12453-3_151,1
sig:be2b3d12506eee3f,2737,0.000000,Marketing in the age of Alexa,2018,,Harvard Business Review,,Dawar,backward,crossref,doi:10.1109/gcitc60406.2023.10425868,1
sig:bf77594372e7c94d,2738,0.000000,"O’Leary, N. (2014). Matt Seiler is out to remake and automate the media agency world. 
                    http://www.adweek.com/news/advertising-branding/matt-seiler-out-remake-and-automate-media-agency-world-155047
                    
                  . Published on 19 Jan 2014.",,,,,,backward,crossref,doi:10.1007/978-3-319-25023-6_1,1
sig:bffd6aaa605efa1f,2739,0.000000,"Dahl, C., & Ericsson, P. (2019). Managing Programmatic Advertising Using Machine Learning.",,,,,,backward,crossref,doi:10.25139/jsk.v5i3.3077,1
sig:c10678dbb45d052a,2740,0.000000,"Högström, J., Wallin, E.: Programmatic advertising: a quantitative study of consumer attitudes towards highly frequent online ads. [Bachelor thesis, Halmstad University] (2017)",,,,,,backward,crossref,doi:10.1007/978-3-031-96930-0_11,1
sig:c19558b34a342a9f,2741,0.000000,"McEleny, Ch. (2015). Nestle’s Gawain Owen: I would pay more for programmatic TV ads. Marketing Magazine, 
                    http://www.marketingmagazine.co.uk/article/1344197/nestles-gawain-owen-i-pay-programmatic-tv-ads
                    
                  . Published on 23 Apr 2015.",,,,,,backward,crossref,doi:10.1007/978-3-319-25023-6_1,1
sig:c350b51fc4531cea,2742,0.000000,"Klee, C.: AI in Marketing – Curse or Blessing? Impacts of Programmatic Advertising and Personalized Content on Society [Bachelor thesis, KTH Royal Institute of Technology] (2021)",,,,,,backward,crossref,doi:10.1007/978-3-031-96930-0_11,1
sig:c51337e62679d5d3,2743,0.000000,Phygitalization of the customer experience: A qualitative approach,2020,,Int. J. Mark. Commun. New Media,,Samir,backward,crossref,doi:10.3390/joitmc7020114,1
sig:c58bc4b543b98ae2,2744,0.000000,Prognosticating chatbots' anthropomorphic usage intention as an e-banking customer service gateway: Cogitations from Zimbabwe,2024,,PSU Research Review (PRR),,,backward,crossref,doi:10.1108/978-1-83549-568-120251012,1
sig:c5e4fcea8cccc175,2745,0.000000,"Sarna, N., Doligalski, T.: Programmatic advertising ecosystem as a multi-sided platform. An Evolutionary Perspective (2024)",,,,,,backward,crossref,doi:10.1007/978-3-031-96930-0_11,1
sig:c6aceb2e0cba0378,2746,0.000000,Schmelzer Ron. 2020. “AI Makes a Splash in Advertising.” Forbes June 18. https://www.forbes.com/sites/cognitiveworld/2020/06/18/ai-makes-a-splash-in-advertising/?sh=7b04e1427682.,,,,,,backward,crossref,doi:10.1080/00913367.2022.2111728,1
sig:c7c39e649993f4cd,2747,0.000000,"Rust, R. T., & Huang, M. H. (2020). The feeling economy: How artificial intelligence is creating the era of empathy. Palgrave-Macmillan.",,,,,,backward,crossref,doi:10.1007/s11747-020-00749-9,1
sig:c9ff9756d8cec924,2748,0.000000,"Fernandez-Tapia, J.: An analytical solution to the budget-pacing problem in programmatic advertising. J. Inf. Optim. Sci. 40(3), 603–614 (2019)",2019,,J. Inf. Optim. Sci.,,J Fernandez-Tapia,backward,crossref,doi:10.1007/978-3-031-96930-0_11,1
sig:caaaf70a649cc12e,2749,0.000000,"Senn, M.: Programmatic Advertising einfach erklärt Vom Anfänger bis zum Profi [Programmatic advertising explained simply from beginner to professional]. https://www.sidekicks.ch/programmatic-advertising-einfach-erklaert-vom-anfaenger-bis-zum-profi. Accesed 18 Jan 2023",,,,,,backward,crossref,doi:10.1007/978-3-031-96930-0_11,1
sig:cac7ff28f47d090d,2750,0.000000,"Lindahl, E. 2017. A qualitative examination of lead scoring in B2B marketing automation, with a recommendation for its practice. Thesis submitted for the completion of the KTH program; Civil engineer in Media Technology, Master of Science in Media Technology, Skolan för Datavetenskap Och Kommunikation, Stockholm, Sweden",,,,,,backward,crossref,doi:10.1080/1051712x.2021.1920702,1
sig:cd1bb34166071c35,2751,0.000000,Marketing Automation Tools for Start-ups Review and Evaluation of Marketing Automation Tools Recommendable for Small and New Companies,2019,,,,Männel N.,backward,crossref,doi:10.1142/s0219622025500981,1
sig:cee389a24929c785,2752,0.000000,"Cui Y. G., van Esch P., Jain S. P. (2021). Just walk out: The effect of AI-enabled checkouts. European Journal of Marketing. Advance online publication. https://doi.org/10.1108/EJM-02-2020-0122",,,,,,backward,crossref,doi:10.1177/18393349211037684,1
sig:d2e08e4a7085c67d,2753,0.000000,The role of artificial intelligence in enhancing Ad personalization: A study on programmatic advertising,2024,,J. Artif. Intell. Gen. Sci.,,Singhal,backward,crossref,doi:10.3390/jtaer21060179,1
sig:d3d5f97df5ba4f1b,2754,0.000000,SWOCC . 2019. Automated one-to-one communication. Authored by T. Araujo W. van Zoonen and C. L. ter Hoeven.,,,,,,backward,crossref,doi:10.1080/00913367.2020.1795954,1
sig:d53d3072ef0733e0,2755,0.000000,"Stillman, L. and Letang, V. (2015) “Programmatic 2015: The Path Forward,” Magna Global.",,,,,,backward,crossref,doi:10.1007/978-3-658-22681-7_3,1
sig:d6d80e09a4ec359b,2756,0.000000,"How Harley-Davidson used artificial intelligence to increase New York sales leads by 2,930%",2017,,Harvard Business Review,,Power,backward,crossref,doi:10.1016/j.bushor.2019.12.002,1
sig:d7ab0b7991f3933b,2757,0.000000,"AlSabeeh DA, Moghrabi IA (2017) Programmatic advertisement and real time bidding utilization. In: Kar AK, Ilavarasan PV, Gupta MP, Dwivedi YK, Mäntymäki M, Janssen M, Simintiras A, Al-Sharhan S (eds) Conference on e-Business, e-Services and e-Society. Springer International Publishing, Cham, pp 289–297",,,,,,backward,crossref,doi:10.1007/978-3-030-48230-5_7,1
sig:da65ef4864e31639,2758,0.000000,"Zawadziński, M., & Sweeney, M. (2023). Why a Lack of Transparency is Killing the Potential of Programmatic Buying. Clearcode. https://clearcode.cc/blog/programmatic-buying-transparency/",,,,,,backward,crossref,doi:10.4018/979-8-3693-7041-4.ch006,1
sig:db05d845fa7eeb85,2759,0.000000,Learn Ad Operations: The Role of Ad Exchanges and SSPs in Programmatic Advertising (2024). https://learnadoperations.com/the-role-of-ad-exchanges-and-ssps-in-programmatic-advertising/. Accessed 13 June 2024,,,,,,backward,crossref,doi:10.1007/978-3-031-96930-0_11,1
sig:db0e6881f1999c38,2760,0.000000,The programmatic advertising principle,2016,,,,Bush,backward,crossref,doi:10.1016/j.techfore.2019.03.020,1
sig:db5c82f7af16f3fe,2761,0.000000,Marketing automation platforms: A marketer’s guide,2020,,,,Martech,backward,crossref,doi:10.1080/1051712x.2021.1920702,1
sig:de7de53186ae5337,2762,0.000000,"Tobon, J. 2017. Marketing automation adoption in B2B companies. Master’s thesis, Lappeenranta University of Technology, School of Business and Management Master´s Degree Programme in International Marketing Management, Lappeenranta, Finland",,,,,,backward,crossref,doi:10.1080/1051712x.2021.1920702,1
sig:e373e4f9446f6e1b,2763,0.000000,"AI-based Strategies in Combating Ad Fraud in Digital Advertising: Implementations, and Expected Outcomes.",2023,,International Journal of Information and Cybersecurity,,S.Agrawal,backward,crossref,doi:10.4018/979-8-3693-7041-4.ch006,1
sig:e3c830eb09af35ac,2764,0.000000,Marketing Automation Report 2021,2021,,,,Zumstein D.,backward,crossref,doi:10.1142/s0219622025500981,1
sig:e69d6d7f99b4ed0a,2765,0.000000,Celtra (2015). The rise of creative in a programmatic world. Retrieved from https://www.iab.com/wp-content/uploads/2015/11/SOTI_Celtra-Digiday.pdf.,,,,,,backward,crossref,doi:10.1016/j.ausmj.2020.04.002,1
sig:e71c23b3ecf27668,2766,0.000000,"The Financial Brand. 
                  https://thefinancialbrand.com/71350/ai-machine-learning-analytics-marketing-banking-trends",,,,,,backward,crossref,doi:10.1007/978-3-030-12453-3_151,1
sig:e8ab60ce71723d97,2767,0.000000,"eMarketer (2016), “Most US Digital Video Ads Will Be Transacted Programmatically this Year One of the main contributors to programmatic video ad spending growth is YouTube,” http://www.emarketer.com/Article/Most-US-Digital-Video-Ads-Will-Transacted-Programmatically-this-Year/1014545",,,,,,backward,crossref,doi:10.1007/978-3-658-22681-7_3,1
sig:e9b46a7d124de7ff,2768,0.000000,Engaged to a robot? The role of AI in service,2020,,J. Serv. Res,,Huang M.H.,backward,crossref,doi:10.1016/j.ausmj.2020.04.002,1
sig:ea6ce2bd36636a9f,2769,0.000000,"Bishop, T.: As programmatic advertising becomes the new normal, how can advertisers create greater consumer engagement and publishers ensure greater return? J. Dig. Social Media Mark. 5(1), 6 (2017)",2017,,J. Dig. Social Media Mark.,,T Bishop,backward,crossref,doi:10.1007/978-3-031-96930-0_11,1
sig:eb922c98b42426ad,2770,0.000000,"Columbus, L. (2019). 10 charts that will change your perspective of AI in marketing. Forbes, July 07. Retrieved on July 09, 2019 from https://www.forbes.com/sites/louiscolumbus/2019/07/07/10-charts-that-will-change-your-perspective-of-ai-in-marketing/amp/",,,,,,backward,crossref,doi:10.1007/s11747-019-00696-0,1
sig:efeb7eb5793213e8,2771,0.000000,"Manolescu D, Laghaeian R (2010) Social media driven advertisement targeting, 4 Feb 2010. US Patent App. 12/184,254",,,,,,backward,crossref,doi:10.1007/978-3-030-48230-5_7,1
sig:f00254c22a556f97,2772,0.000000,IBM. 2021. “How AI Is Changing Advertising.” IBM Watson Advertising 23 March 2021. https://www.ibm.com/watson-advertising/thought-leadership/how-ai-is-changing-advertising.,,,,,,backward,crossref,doi:10.1080/00913367.2022.2111728,1
sig:f0decbe22f247a78,2773,0.000000,"(AI) in search engine optimization (SEO). In: 2017 International conference on soft computing, intelligent system and information technology (ICSIIT), pp 96-101",,,,,,backward,crossref,doi:10.1007/978-3-030-12453-3_143,1
sig:f1ce83860ae8a399,2774,0.000000,"Bardowicks, B., & Busch, O. (2013). Diskussionspapier: Programmatic Advertising. bvdw.org, 
                    http://www.bvdw.org/medien/bvdw-diskussionspapier-beleuchtet-entwicklungen-im-realtime-advertising?media=5002
                    
                  . Published on 12 Aug 2013, p. 4.",,,,,,backward,crossref,doi:10.1007/978-3-319-25023-6_1,1
sig:f200f35c8fdadbad,2775,0.000000,Chapman-Banks Ian. 2020. “How AI Can Deliver Targeted Ads While Ensuring Brand Safety.” The Drum 7 October. https://www.thedrum.com/opinion/2020/10/07/how-ai-can-deliver-targeted-ads-while-ensuring-brand-safety.,,,,,,backward,crossref,doi:10.1080/00913367.2022.2111728,1
sig:f2cff579556b4480,2776,0.000000,"Kietzmann, J., Paschen, J., & Treen, E. R. (2018b). Artificial intelligence in advertising: How marketers can leverage artificial intelligence along the consumer journey. Journal of Marketing Research, 58(3), 263–267.",2018,,Journal of Marketing Research,,J Kietzmann,backward,crossref,doi:10.1007/978-3-030-72080-3_20,1
sig:f4152ace470f12de,2777,0.000000,Marketing Automation Supporting Sales,2016,,,,Sandell N.,backward,crossref,doi:10.1142/s0219622024500081,1
sig:f534cd533cce9a69,2778,0.000000,"H. Weber, Marketing automation, the usage of automated marketing systems within international communication, dissertation, FH Vorarlberg (2021).",,,,,,backward,crossref,doi:10.1142/s0219622025500981,1
sig:f78c5ef015e066a2,2779,0.000000,"Benady, D.: Programmatic: packed with potential and peril. In: Catalyst, Charted Institute of Marketing, pp. 13–19 (2015)",,,,,,backward,crossref,doi:10.1007/978-3-031-96930-0_11,1
sig:f98e1fdbe65bbad6,2780,0.000000,Artificial intelligence in digital marketing influences consumer behavior: a review and theoretical foundation for future research,2021,,,,Rabby,backward,crossref,doi:10.1109/gcitc60406.2023.10425868,1
sig:fa2ef6f89f07b1e1,2781,0.000000,"Alaimo, C., Kallinikos, J., & Sessa-Sforza, C. (2017). Infrastructures of automation: Objects, metrics and practices in the programmatic advertising ecosystem. V Innovation in Information Infrastructures (III) Workshop. 7-9 November, LUISS Guido Carli, Rome.",,,,,,backward,crossref,doi:10.4018/979-8-3693-7041-4.ch006,1
sig:fbf2fa6b5e4ff180,2782,0.000000,"Cameron, N. (2017). Gartner: How CMOs will spend more on technology than CIOs in 2017. Accessed April 04, 2022, from https://www.cmo.com.au/article/612861/gartner-how-cmos-will-spend-more-technology-than-cios-2017/",,,,,,backward,crossref,doi:10.1007/978-3-031-20040-3_27,1
sig:fc3e2591eb91fc2c,2783,0.000000,"Little JD (2001) Marketing automation on the internet. In: UC Berkeley 5th invit choice symp, Monterey",,,,,,backward,crossref,doi:10.1007/s12599-015-0370-8,1
sig:fc5660a97a7a3476,2784,0.000000,The impact of chatbot technology attributes on customer experience: an example in telecom,2019,,,,,backward,crossref,doi:10.1108/ijrdm-08-2020-0312,1
sig:fde41a207c68aba1,2785,0.000000,"Ckickz.com. 
                  https://www.clickz.com/heres-how-ai-is-set-to-transform-the-digital-marketing-landscape/216156
                  
                /",,,,,,backward,crossref,doi:10.1007/978-3-030-12453-3_143,1
sig:fed6d8ebb4845a72,2786,0.000000,"Avery, J., & Steenburgh, T. (2018). HubSpot and motion AI: Chatbot-enabled CRM. Harvard Business School case 518-067, February.",,,,,,backward,crossref,doi:10.1007/s11747-020-00749-9,1
sig:ff5dde7a1cbcd22a,2787,0.000000,DrivasI. C.SakasD. P.GiannakopoulosG. A. (2021). Display Advertising and Brand Awareness in Search Engines: Predicting the Engagement of Branded Search Traffic Visitors. Springer Proceedings in Business and Economics.,2021,,Display Advertising and Brand Awareness in Search Engines: Predicting the Engagement of Branded Search Traffic Visitors,,I. C.Drivas,backward,crossref,doi:10.4018/979-8-3693-3455-3.ch001,1
